TP9,AF7,AF8,TP10,unix_sec,unix_ms,rel_sec,rel_ms
810.696,892.0879,800.6227,792.1612,1758146960.702,1758146960702,0.004999876022338867,5
913.8461,959.3773,806.6667,884.43225,1758146960.702,1758146960702,0.004999876022338867,5
813.91943,759.92676,805.4579,827.619,1758146960.703,1758146960703,0.006000041961669922,6
705.5311,737.3626,801.8315,732.52747,1758146960.704,1758146960704,0.006999969482421875,7
785.7143,926.337,801.8315,774.0293,1758146960.704,1758146960704,0.006999969482421875,7
908.60803,965.42126,806.26373,871.53845,1758146960.704,1758146960704,0.006999969482421875,7
847.3626,762.74725,809.4872,856.2271,1758146960.705,1758146960705,0.007999897003173828,8
710.3663,599.15753,802.23444,754.2857,1758146960.705,1758146960705,0.007999897003173828,8
739.3773,813.1135,796.1905,746.2271,1758146960.706,1758146960706,0.009000062942504883,9
879.59705,883.6264,801.4286,845.7509,1758146960.707,1758146960707,0.009999990463256836,10
881.2088,801.8315,807.47253,876.3736,1758146960.707,1758146960707,0.009999990463256836,10
743.4066,701.9048,804.65204,777.6557,1758146960.707,1758146960707,0.009999990463256836,10
711.1722,744.61536,799.011,730.9158,1758146960.739,1758146960739,0.04200005531311035,42
836.8865,911.4286,804.2491,825.2015,1758146960.739,1758146960739,0.04200005531311035,42
896.1172,892.8938,811.0989,888.0586,1758146960.74,1758146960740,0.042999982833862305,43
774.83514,674.90845,808.68134,803.44324,1758146960.74,1758146960740,0.042999982833862305,43
691.4286,724.4689,803.0403,722.4542,1758146960.74,1758146960740,0.042999982833862305,43
794.17584,958.97437,802.23444,786.9231,1758146960.741,1758146960741,0.04399991035461426,44
899.34064,902.5641,808.2784,877.98535,1758146960.741,1758146960741,0.04399991035461426,44
802.23444,737.76556,804.65204,825.6044,1758146960.741,1758146960741,0.04399991035461426,44
680.54944,672.0879,793.7729,734.1392,1758146960.741,1758146960741,0.04399991035461426,44
747.8388,774.83514,792.96704,760.7326,1758146960.742,1758146960742,0.04500007629394531,45
886.04395,915.4579,799.011,857.03296,1758146960.742,1758146960742,0.04500007629394531,45
851.39197,813.5165,803.0403,853.00366,1758146960.742,1758146960742,0.04500007629394531,45
712.381,690.6227,801.4286,750.65936,1758146960.766,1758146960766,0.0690000057220459,69
725.6777,757.1062,798.20514,736.55676,1758146960.767,1758146960767,0.06999993324279785,70
869.12085,911.4286,803.44324,837.6923,1758146960.767,1758146960767,0.06999993324279785,70
885.64105,830.84247,809.4872,879.19415,1758146960.767,1758146960767,0.06999993324279785,70
753.47986,726.08057,806.26373,786.1172,1758146960.768,1758146960768,0.0709998607635498,71
709.5604,829.2308,799.011,728.0952,1758146960.768,1758146960768,0.0709998607635498,71
827.619,883.22345,796.5934,805.8608,1758146960.768,1758146960768,0.0709998607635498,71
904.17584,878.7912,801.8315,881.6117,1758146960.769,1758146960769,0.07200002670288086,72
787.326,771.6117,802.23444,806.6667,1758146960.769,1758146960769,0.07200002670288086,72
687.3993,643.47986,793.7729,717.619,1758146960.769,1758146960769,0.07200002670288086,72
784.90845,875.56775,798.20514,781.28204,1758146960.771,1758146960771,0.07399988174438477,74
900.14655,956.9597,804.2491,874.7619,1758146960.771,1758146960771,0.07399988174438477,74
816.337,724.4689,802.6374,831.6484,1758146960.792,1758146960792,0.09500002861022949,95
694.2491,687.8022,799.41394,738.97437,1758146960.793,1758146960793,0.09599995613098145,96
751.06226,827.619,799.81683,755.89746,1758146960.793,1758146960793,0.09599995613098145,96
887.6557,887.25275,808.2784,853.8095,1758146960.794,1758146960794,0.0969998836517334,97
859.45056,805.8608,813.1135,862.674,1758146960.794,1758146960794,0.0969998836517334,97
721.6484,759.12085,808.2784,766.77655,1758146960.794,1758146960794,0.0969998836517334,97
718.8278,780.07324,804.2491,737.76556,1758146960.795,1758146960795,0.09800004959106445,98
850.18317,862.674,808.2784,827.619,1758146960.795,1758146960795,0.09800004959106445,98
884.0293,850.58606,811.50183,878.7912,1758146960.795,1758146960795,0.09800004959106445,98
750.2564,725.6777,805.4579,790.9524,1758146960.796,1758146960796,0.0989999771118164,99
695.4579,708.7546,799.41394,726.4835,1758146960.796,1758146960796,0.0989999771118164,99
821.1722,849.3773,802.23444,799.011,1758146960.796,1758146960796,0.0989999771118164,99
913.8461,926.7399,809.4872,884.43225,1758146960.862,1758146960862,0.16499996185302734,165
805.05493,745.42126,809.89014,822.381,1758146960.863,1758146960863,0.1659998893737793,166
706.7399,712.381,806.26373,732.1245,1758146960.863,1758146960863,0.1659998893737793,166
790.9524,823.1868,801.8315,774.83514,1758146960.863,1758146960863,0.1659998893737793,166
906.5934,919.0842,804.2491,866.7033,1758146960.864,1758146960864,0.16700005531311035,167
840.5128,864.68866,805.8608,838.0952,1758146960.864,1758146960864,0.16700005531311035,167
712.7839,693.44324,800.6227,739.3773,1758146960.864,1758146960864,0.16700005531311035,167
753.0769,789.34064,795.78754,740.58606,1758146960.865,1758146960865,0.1679999828338623,168
884.0293,934.7985,797.3993,839.707,1758146960.865,1758146960865,0.1679999828338623,168
873.1502,779.67035,802.23444,863.8828,1758146960.865,1758146960865,0.1679999828338623,168
736.55676,653.95605,799.41394,762.3443,1758146960.866,1758146960866,0.16899991035461426,169
722.0513,724.87177,795.38464,722.0513,1758146960.866,1758146960866,0.16899991035461426,169
852.1978,911.4286,797.8022,810.696,1758146960.89,1758146960890,0.19300007820129395,193
896.1172,920.696,805.05493,873.5531,1758146960.89,1758146960890,0.19300007820129395,193
766.3736,729.304,807.0696,795.78754,1758146960.891,1758146960891,0.1940000057220459,194
692.6374,688.60803,804.65204,727.28937,1758146960.891,1758146960891,0.1940000057220459,194
803.44324,891.28204,804.2491,794.57874,1758146960.891,1758146960891,0.1940000057220459,194
904.17584,1003.2967,805.05493,877.98535,1758146960.892,1758146960892,0.19499993324279785,195
805.05493,790.9524,806.6667,823.1868,1758146960.892,1758146960892,0.19499993324279785,195
688.20514,591.50183,802.6374,728.0952,1758146960.892,1758146960892,0.19499993324279785,195
765.56775,771.2088,799.81683,762.3443,1758146960.893,1758146960893,0.1959998607635498,196
892.8938,937.619,808.68134,863.8828,1758146960.893,1758146960893,0.1959998607635498,196
836.4835,766.77655,811.0989,845.34796,1758146960.893,1758146960893,0.1959998607635498,196
703.91943,653.1502,803.0403,743.00366,1758146960.894,1758146960894,0.19700002670288086,197
732.1245,799.011,799.011,742.1978,1758146960.949,1758146960949,0.2519998550415039,252
868.71796,920.696,803.0403,840.10986,1758146960.95,1758146960950,0.25300002098083496,253
880.0,867.50916,804.65204,868.71796,1758146960.95,1758146960950,0.25300002098083496,253
742.6007,710.3663,797.8022,770.80585,1758146960.951,1758146960951,0.2539999485015869,254
705.9341,738.5714,793.36993,720.4396,1758146960.951,1758146960951,0.2539999485015869,254
842.1245,999.2674,799.81683,809.0842,1758146960.951,1758146960951,0.2539999485015869,254
909.81683,947.6923,803.8461,876.77655,1758146960.952,1758146960952,0.25499987602233887,255
776.4469,623.73627,795.38464,791.3553,1758146960.952,1758146960952,0.25499987602233887,255
693.8461,732.1245,793.7729,716.4103,1758146960.952,1758146960952,0.25499987602233887,255
799.011,861.8681,798.60803,785.31134,1758146960.953,1758146960953,0.2560000419616699,256
904.17584,862.27106,800.6227,875.16486,1758146960.953,1758146960953,0.2560000419616699,256
813.91943,742.6007,799.81683,820.3663,1758146960.953,1758146960953,0.2560000419616699,256
695.8608,695.05493,794.9817,724.0659,1758146961.018,1758146961018,0.3209998607635498,321
768.7912,849.7802,794.57874,757.9121,1758146961.018,1758146961018,0.3209998607635498,321
900.9524,944.87177,799.41394,855.42126,1758146961.02,1758146961020,0.3229999542236328,323
860.65936,813.1135,802.23444,852.6007,1758146961.02,1758146961020,0.3229999542236328,323
726.4835,676.1172,799.011,748.24176,1758146961.021,1758146961021,0.32399988174438477,324
736.9597,832.8571,794.9817,729.707,1758146961.021,1758146961021,0.32399988174438477,324
872.3443,931.1722,799.41394,829.6337,1758146961.021,1758146961021,0.32399988174438477,324
893.69965,775.2381,805.05493,871.53845,1758146961.022,1758146961022,0.3250000476837158,325
752.674,671.685,797.8022,775.64105,1758146961.022,1758146961022,0.3250000476837158,325
695.05493,724.87177,794.57874,718.8278,1758146961.022,1758146961022,0.3250000476837158,325
815.9341,870.7326,802.6374,801.4286,1758146961.022,1758146961022,0.3250000476837158,325
897.72894,896.1172,809.89014,876.3736,1758146961.023,1758146961023,0.3259999752044678,326
782.8938,786.9231,808.68134,803.0403,1758146961.025,1758146961025,0.3280000686645508,328
684.17584,733.3333,803.0403,714.7985,1758146961.025,1758146961025,0.3280000686645508,328
777.6557,814.3223,803.8461,769.19415,1758146961.026,1758146961026,0.32899999618530273,329
894.10254,880.40295,809.89014,863.0769,1758146961.026,1758146961026,0.32899999618530273,329
811.50183,796.5934,805.8608,818.7546,1758146961.026,1758146961026,0.32899999618530273,329
685.78754,756.7033,801.4286,724.4689,1758146961.027,1758146961027,0.3299999237060547,330
739.7802,844.1392,803.0403,748.6447,1758146961.027,1758146961027,0.3299999237060547,330
870.7326,931.978,809.0842,848.97437,1758146961.027,1758146961027,0.3299999237060547,330
850.18317,812.3077,811.0989,855.82416,1758146961.028,1758146961028,0.33100008964538574,331
714.7985,607.619,803.0403,754.68866,1758146961.028,1758146961028,0.33100008964538574,331
707.5458,715.2015,797.3993,722.4542,1758146961.028,1758146961028,0.33100008964538574,331
843.73627,911.4286,798.20514,818.7546,1758146961.029,1758146961029,0.3320000171661377,332
889.67035,863.8828,805.8608,873.1502,1758146961.082,1758146961082,0.38499999046325684,385
766.3736,717.619,805.8608,788.5348,1758146961.083,1758146961083,0.3859999179840088,386
703.1135,715.2015,796.99634,730.5128,1758146961.083,1758146961083,0.3859999179840088,386
817.5458,840.9158,800.2198,804.65204,1758146961.084,1758146961084,0.38700008392333984,387
917.0696,974.2857,809.89014,883.6264,1758146961.085,1758146961085,0.3880000114440918,388
807.8755,779.67035,804.65204,816.7399,1758146961.085,1758146961085,0.3880000114440918,388
695.05493,645.09155,799.011,724.4689,1758146961.086,1758146961086,0.38899993896484375,389
782.49084,772.01465,801.4286,770.0,1758146961.086,1758146961086,0.38899993896484375,389
905.78754,884.0293,805.8608,865.4945,1758146961.086,1758146961086,0.38899993896484375,389
844.1392,775.2381,804.2491,835.6777,1758146961.087,1758146961087,0.3899998664855957,390
715.6044,657.98535,797.8022,732.9304,1758146961.087,1758146961087,0.3899998664855957,390
762.3443,803.8461,801.8315,746.2271,1758146961.087,1758146961087,0.3899998664855957,390
911.02563,961.79486,807.8755,857.03296,1758146961.116,1758146961116,0.41899991035461426,419
898.5348,861.06226,808.68134,878.3883,1758146961.116,1758146961116,0.41899991035461426,419
743.8095,690.2198,802.6374,780.87915,1758146961.117,1758146961117,0.4200000762939453,420
703.5165,696.26373,799.41394,739.3773,1758146961.117,1758146961117,0.4200000762939453,420
829.6337,932.381,807.0696,833.2601,1758146961.117,1758146961117,0.4200000762939453,420
891.28204,992.4176,816.7399,903.36993,1758146961.118,1758146961118,0.42100000381469727,421
760.32965,698.68134,814.7253,813.1135,1758146961.118,1758146961118,0.42100000381469727,421
683.7729,630.18317,805.05493,729.707,1758146961.118,1758146961118,0.42100000381469727,421
804.65204,855.42126,801.8315,796.99634,1758146961.119,1758146961119,0.4219999313354492,422
907.3993,877.1795,801.02563,877.1795,1758146961.119,1758146961119,0.4219999313354492,422
803.44324,737.76556,799.41394,814.3223,1758146961.12,1758146961120,0.42299985885620117,423
687.3993,676.52014,790.9524,714.7985,1758146961.12,1758146961120,0.42299985885620117,423
763.5531,851.39197,785.31134,753.0769,1758146961.176,1758146961176,0.4790000915527344,479
890.87915,968.6447,792.5641,855.0183,1758146961.177,1758146961177,0.48000001907348633,480
842.9304,811.0989,795.38464,840.5128,1758146961.177,1758146961177,0.48000001907348633,480
705.9341,677.326,790.9524,738.5714,1758146961.177,1758146961177,0.48000001907348633,480
730.9158,838.9011,791.3553,736.1539,1758146961.178,1758146961178,0.4809999465942383,481
875.9707,996.8498,795.38464,838.9011,1758146961.178,1758146961178,0.4809999465942383,481
879.19415,880.0,801.8315,865.89746,1758146961.179,1758146961179,0.48199987411499023,482
735.7509,647.1062,798.20514,766.3736,1758146961.18,1758146961180,0.4830000400543213,483
697.0696,695.4579,792.5641,714.3956,1758146961.18,1758146961180,0.4830000400543213,483
828.8278,899.34064,798.60803,808.2784,1758146961.18,1758146961180,0.4830000400543213,483
900.9524,924.7253,801.02563,877.5824,1758146961.181,1758146961181,0.48399996757507324,484
774.43225,731.31866,798.20514,794.17584,1758146961.181,1758146961181,0.48399996757507324,484
680.9524,639.0476,790.54944,712.381,1758146961.217,1758146961217,0.5199999809265137,520
785.7143,895.7143,790.54944,773.22345,1758146961.218,1758146961218,0.5209999084472656,521
901.75824,984.35895,801.4286,864.68866,1758146961.219,1758146961219,0.5220000743865967,522
810.293,727.28937,800.2198,818.3516,1758146961.219,1758146961219,0.5220000743865967,522
685.38464,666.8498,793.36993,723.2601,1758146961.22,1758146961220,0.5230000019073486,523
754.68866,931.5751,793.36993,754.68866,1758146961.22,1758146961220,0.5230000019073486,523
898.1319,959.7802,801.8315,857.03296,1758146961.221,1758146961221,0.5239999294281006,524
861.4652,745.0183,805.05493,850.989,1758146961.221,1758146961221,0.5239999294281006,524
720.84247,707.5458,800.6227,749.85345,1758146961.222,1758146961222,0.5249998569488525,525
728.9011,731.7216,797.3993,731.7216,1758146961.222,1758146961222,0.5249998569488525,525
863.8828,872.74725,798.20514,830.0366,1758146961.223,1758146961223,0.5260000228881836,526
893.69965,872.3443,802.23444,879.19415,1758146961.223,1758146961223,0.5260000228881836,526
758.315,716.8132,799.81683,784.10254,1758146961.266,1758146961266,0.5690000057220459,569
695.4579,726.4835,790.9524,717.2161,1758146961.266,1758146961266,0.5690000057220459,569
819.5604,938.8278,792.5641,799.81683,1758146961.267,1758146961267,0.5699999332427979,570
909.81683,909.81683,800.6227,884.43225,1758146961.267,1758146961267,0.5699999332427979,570
788.5348,686.5934,800.2198,813.91943,1758146961.268,1758146961268,0.5709998607635498,571
686.5934,743.4066,796.1905,726.8865,1758146961.268,1758146961268,0.5709998607635498,571
788.5348,901.3553,802.23444,786.1172,1758146961.268,1758146961268,0.5709998607635498,571
902.5641,862.27106,809.4872,880.80585,1758146961.268,1758146961268,0.5709998607635498,571
820.3663,732.52747,807.0696,838.0952,1758146961.27,1758146961270,0.5729999542236328,573
695.05493,695.05493,799.41394,737.76556,1758146961.27,1758146961270,0.5729999542236328,573
742.6007,812.3077,797.8022,752.674,1758146961.271,1758146961271,0.5739998817443848,574
869.92676,867.50916,803.8461,852.6007,1758146961.271,1758146961271,0.5739998817443848,574
848.5714,805.8608,804.2491,859.0476,1758146961.322,1758146961322,0.625,625
715.2015,718.022,799.41394,758.315,1758146961.323,1758146961323,0.625999927520752,626
707.9487,760.7326,796.5934,731.31866,1758146961.323,1758146961323,0.625999927520752,626
839.304,904.17584,796.99634,823.9927,1758146961.323,1758146961323,0.625999927520752,626
886.04395,905.78754,805.05493,880.0,1758146961.324,1758146961324,0.6269998550415039,627
759.5238,783.2967,806.6667,792.96704,1758146961.324,1758146961324,0.6269998550415039,627
687.3993,734.94507,798.20514,717.2161,1758146961.324,1758146961324,0.6269998550415039,627
803.0403,845.34796,798.60803,789.34064,1758146961.325,1758146961325,0.628000020980835,628
900.9524,881.6117,803.0403,875.56775,1758146961.325,1758146961325,0.628000020980835,628
793.36993,673.69965,803.44324,812.71063,1758146961.325,1758146961325,0.628000020980835,628
691.02563,659.59705,799.81683,724.87177,1758146961.326,1758146961326,0.6289999485015869,629
769.59705,834.87177,796.99634,768.3883,1758146961.326,1758146961326,0.6289999485015869,629
890.4762,943.2601,799.41394,867.50916,1758146961.393,1758146961393,0.6959998607635498,696
834.4689,773.6264,804.65204,843.73627,1758146961.394,1758146961394,0.6970000267028809,697
703.5165,643.47986,803.44324,741.79486,1758146961.395,1758146961395,0.6979999542236328,698
736.9597,750.65936,799.81683,743.00366,1758146961.395,1758146961395,0.6979999542236328,698
876.77655,959.7802,805.4579,846.9597,1758146961.396,1758146961396,0.6989998817443848,699
876.3736,931.978,811.9048,874.35895,1758146961.396,1758146961396,0.6989998817443848,699
738.5714,701.9048,807.8755,775.64105,1758146961.397,1758146961397,0.7000000476837158,700
715.2015,667.6557,800.6227,731.7216,1758146961.397,1758146961397,0.7000000476837158,700
845.34796,876.3736,799.81683,822.381,1758146961.398,1758146961398,0.7009999752044678,701
906.5934,925.5311,806.26373,888.86444,1758146961.398,1758146961398,0.7009999752044678,701
778.86444,688.20514,806.6667,802.23444,1758146961.401,1758146961401,0.7039999961853027,704
697.47253,704.3223,801.8315,722.8571,1758146961.401,1758146961401,0.7039999961853027,704
811.9048,877.1795,801.8315,788.5348,1758146961.442,1758146961442,0.744999885559082,745
916.6667,909.011,805.4579,880.80585,1758146961.442,1758146961442,0.744999885559082,745
817.1429,731.7216,803.44324,827.2161,1758146961.443,1758146961443,0.7460000514984131,746
702.71063,645.89746,803.44324,734.94507,1758146961.443,1758146961443,0.7460000514984131,746
774.0293,883.22345,805.8608,773.22345,1758146961.444,1758146961444,0.746999979019165,747
902.96704,1050.0366,810.293,877.1795,1758146961.444,1758146961444,0.746999979019165,747
852.1978,776.8498,812.3077,865.89746,1758146961.444,1758146961444,0.746999979019165,747
710.7692,592.3077,803.44324,759.92676,1758146961.444,1758146961444,0.746999979019165,747
730.5128,801.02563,799.81683,750.65936,1758146961.445,1758146961445,0.747999906539917,748
870.7326,888.0586,803.0403,848.5714,1758146961.445,1758146961445,0.747999906539917,748
881.6117,796.1905,806.6667,879.19415,1758146961.445,1758146961445,0.747999906539917,748
738.5714,677.72894,805.4579,781.685,1758146961.446,1758146961446,0.749000072479248,749
699.0842,792.1612,800.2198,729.707,1758146961.489,1758146961489,0.7920000553131104,792
831.6484,935.6044,801.4286,818.3516,1758146961.49,1758146961490,0.7929999828338623,793
901.3553,863.0769,805.05493,889.2674,1758146961.49,1758146961490,0.7929999828338623,793
776.04395,688.20514,803.0403,809.89014,1758146961.49,1758146961490,0.7929999828338623,793
689.011,689.81683,799.41394,725.6777,1758146961.491,1758146961491,0.7939999103546143,794
799.41394,940.4396,805.05493,792.1612,1758146961.491,1758146961491,0.7939999103546143,794
916.6667,939.2308,813.91943,886.8498,1758146961.492,1758146961492,0.7950000762939453,795
828.8278,703.5165,809.4872,839.304,1758146961.492,1758146961492,0.7950000762939453,795
701.9048,619.707,800.2198,737.3626,1758146961.492,1758146961492,0.7950000762939453,795
760.32965,809.0842,799.81683,763.1502,1758146961.493,1758146961493,0.7960000038146973,796
893.69965,960.58606,806.26373,871.9414,1758146961.493,1758146961493,0.7960000038146973,796
856.63007,814.3223,806.6667,870.32965,1758146961.493,1758146961493,0.7960000038146973,796
715.6044,675.31134,802.6374,766.3736,1758146961.546,1758146961546,0.8489999771118164,849
722.0513,778.0586,802.6374,746.2271,1758146961.547,1758146961547,0.8499999046325684,850
861.4652,910.6227,804.2491,839.707,1758146961.547,1758146961547,0.8499999046325684,850
893.69965,860.65936,805.05493,878.3883,1758146961.547,1758146961547,0.8499999046325684,850
761.13556,770.40295,803.0403,788.1319,1758146961.548,1758146961548,0.8510000705718994,851
695.05493,749.85345,794.57874,719.6337,1758146961.548,1758146961548,0.8510000705718994,851
804.2491,853.00366,794.17584,791.3553,1758146961.548,1758146961548,0.8510000705718994,851
892.0879,897.326,800.6227,868.315,1758146961.549,1758146961549,0.8519999980926514,852
782.0879,747.4359,802.23444,805.8608,1758146961.549,1758146961549,0.8519999980926514,852
674.5055,610.84247,793.7729,721.6484,1758146961.549,1758146961549,0.8519999980926514,852
769.59705,840.9158,796.99634,772.8205,1758146961.55,1758146961550,0.8529999256134033,853
896.9231,929.15753,806.6667,868.71796,1758146961.55,1758146961550,0.8529999256134033,853
824.3956,770.40295,805.8608,834.4689,1758146961.582,1758146961582,0.8849999904632568,885
697.47253,696.26373,800.2198,736.1539,1758146961.583,1758146961583,0.8859999179840088,886
737.76556,788.5348,799.011,746.2271,1758146961.584,1758146961584,0.8870000839233398,887
873.1502,921.0989,805.05493,845.7509,1758146961.584,1758146961584,0.8870000839233398,887
859.85345,840.10986,808.2784,859.45056,1758146961.585,1758146961585,0.8880000114440918,888
725.6777,745.82416,801.4286,767.5824,1758146961.585,1758146961585,0.8880000114440918,888
716.0073,776.8498,792.5641,731.31866,1758146961.586,1758146961586,0.8889999389648438,889
839.707,814.7253,793.7729,813.5165,1758146961.587,1758146961587,0.8899998664855957,890
882.8205,810.293,796.5934,869.12085,1758146961.587,1758146961587,0.8899998664855957,890
766.3736,729.707,796.1905,790.54944,1758146961.588,1758146961588,0.8910000324249268,891
701.9048,718.022,797.3993,726.4835,1758146961.588,1758146961588,0.8910000324249268,891
809.89014,842.52747,802.23444,796.99634,1758146961.589,1758146961589,0.8919999599456787,892
905.38464,933.9927,806.6667,881.6117,1758146961.592,1758146961592,0.8949999809265137,895
809.89014,784.10254,805.8608,826.0073,1758146961.593,1758146961593,0.8959999084472656,896
702.71063,672.49084,796.1905,732.1245,1758146961.595,1758146961595,0.8980000019073486,898
771.2088,842.9304,792.96704,767.98535,1758146961.595,1758146961595,0.8980000019073486,898
888.86444,956.9597,799.81683,862.27106,1758146961.595,1758146961595,0.8980000019073486,898
836.8865,864.68866,800.6227,845.34796,1758146961.596,1758146961596,0.8989999294281006,899
708.7546,668.46155,797.8022,746.63007,1758146961.596,1758146961596,0.8989999294281006,899
730.5128,702.71063,794.17584,739.3773,1758146961.597,1758146961597,0.8999998569488525,900
867.1062,978.71796,800.2198,840.9158,1758146961.597,1758146961597,0.8999998569488525,900
874.7619,815.12823,809.4872,871.53845,1758146961.597,1758146961597,0.8999998569488525,900
739.3773,714.7985,803.44324,774.0293,1758146961.598,1758146961598,0.9010000228881836,901
708.3516,749.45056,797.8022,724.0659,1758146961.598,1758146961598,0.9010000228881836,901
838.9011,840.9158,799.81683,805.05493,1758146961.627,1758146961627,0.9300000667572021,930
906.1905,924.3223,803.0403,871.13556,1758146961.627,1758146961627,0.9300000667572021,930
786.9231,747.4359,803.8461,792.96704,1758146961.627,1758146961627,0.9300000667572021,930
704.3223,644.68866,801.02563,714.3956,1758146961.628,1758146961628,0.9309999942779541,931
806.6667,858.24176,801.4286,778.0586,1758146961.628,1758146961628,0.9309999942779541,931
911.02563,1042.381,805.05493,864.2857,1758146961.628,1758146961628,0.9309999942779541,931
824.3956,764.7619,796.1905,819.5604,1758146961.629,1758146961629,0.931999921798706,932
716.4103,568.5348,792.5641,737.3626,1758146961.63,1758146961630,0.9330000877380371,933
766.77655,830.0366,800.6227,750.2564,1758146961.631,1758146961631,0.9340000152587891,934
880.80585,985.16486,807.8755,842.9304,1758146961.631,1758146961631,0.9340000152587891,934
844.1392,773.6264,810.293,843.3333,1758146961.632,1758146961632,0.934999942779541,935
707.5458,659.59705,807.0696,736.1539,1758146961.632,1758146961632,0.934999942779541,935
711.5751,755.09155,804.2491,714.7985,1758146961.698,1758146961698,1.000999927520752,1001
835.2747,932.381,809.0842,805.4579,1758146961.699,1758146961699,1.001999855041504,1002
852.1978,917.8755,817.1429,852.6007,1758146961.699,1758146961699,1.001999855041504,1002
712.381,598.7546,811.9048,753.0769,1758146961.7,1758146961700,1.003000020980835,1003
656.77655,667.6557,806.6667,686.99634,1758146961.701,1758146961701,1.003999948501587,1004
776.04395,979.92676,809.89014,767.5824,1758146961.701,1758146961701,1.003999948501587,1004
848.97437,889.67035,819.15753,838.0952,1758146961.702,1758146961702,1.0049998760223389,1005
735.34796,615.6777,820.3663,766.77655,1758146961.702,1758146961702,1.0049998760223389,1005
639.0476,679.34064,814.3223,679.7436,1758146961.702,1758146961702,1.0049998760223389,1005
725.6777,806.26373,811.0989,731.31866,1758146961.702,1758146961702,1.0049998760223389,1005
838.9011,884.43225,816.337,827.619,1758146961.703,1758146961703,1.00600004196167,1006
762.3443,730.5128,821.1722,788.1319,1758146961.703,1758146961703,1.00600004196167,1006
642.674,621.31866,816.7399,693.8461,1758146961.729,1758146961729,1.0320000648498535,1032
692.6374,773.6264,815.5311,712.381,1758146961.729,1758146961729,1.0320000648498535,1032
818.7546,907.3993,820.7692,805.4579,1758146961.73,1758146961730,1.0329999923706055,1033
797.3993,792.5641,821.978,814.3223,1758146961.73,1758146961730,1.0329999923706055,1033
659.19415,682.5641,814.3223,718.022,1758146961.73,1758146961730,1.0329999923706055,1033
654.7619,793.36993,810.293,691.4286,1758146961.731,1758146961731,1.0339999198913574,1034
796.1905,913.44324,814.3223,789.7436,1758146961.731,1758146961731,1.0339999198913574,1034
834.87177,827.2161,819.15753,842.52747,1758146961.731,1758146961731,1.0339999198913574,1034
705.12823,632.1978,815.9341,756.30035,1758146961.732,1758146961732,1.0350000858306885,1035
653.95605,655.16486,811.0989,699.89014,1758146961.732,1758146961732,1.0350000858306885,1035
775.2381,821.1722,811.0989,778.46155,1758146961.732,1758146961732,1.0350000858306885,1035
871.9414,880.40295,815.5311,864.2857,1758146961.733,1758146961733,1.0360000133514404,1036
772.01465,749.45056,813.1135,806.6667,1758146961.791,1758146961791,1.0939998626708984,1094
668.86444,678.1319,802.23444,719.6337,1758146961.792,1758146961792,1.0950000286102295,1095
757.1062,825.6044,801.8315,766.3736,1758146961.793,1758146961793,1.0959999561309814,1096
881.2088,873.5531,808.68134,868.315,1758146961.793,1758146961793,1.0959999561309814,1096
810.293,771.6117,806.26373,839.707,1758146961.793,1758146961793,1.0959999561309814,1096
678.5348,766.3736,797.8022,738.5714,1758146961.793,1758146961793,1.0959999561309814,1096
724.4689,805.8608,798.60803,752.674,1758146961.795,1758146961795,1.0980000495910645,1098
863.0769,879.59705,806.6667,850.18317,1758146961.795,1758146961795,1.0980000495910645,1098
860.2564,839.707,805.8608,859.45056,1758146961.796,1758146961796,1.0989999771118164,1099
731.7216,632.1978,796.5934,761.9414,1758146961.796,1758146961796,1.0989999771118164,1099
709.9634,624.1392,792.1612,721.2454,1758146961.797,1758146961797,1.0999999046325684,1100
844.5421,868.315,798.60803,813.91943,1758146961.797,1758146961797,1.0999999046325684,1100
902.96704,901.3553,807.0696,887.6557,1758146961.835,1758146961835,1.1380000114440918,1138
773.6264,718.8278,803.8461,815.12823,1758146961.835,1758146961835,1.1380000114440918,1138
688.60803,699.4872,799.81683,745.0183,1758146961.836,1758146961836,1.1389999389648438,1139
784.90845,819.5604,804.2491,809.0842,1758146961.836,1758146961836,1.1389999389648438,1139
882.01465,932.7839,805.8608,887.25275,1758146961.836,1758146961836,1.1389999389648438,1139
794.17584,823.9927,805.4579,837.28937,1758146961.837,1758146961837,1.1399998664855957,1140
687.8022,670.07324,801.02563,745.82416,1758146961.837,1758146961837,1.1399998664855957,1140
759.12085,739.3773,796.1905,770.80585,1758146961.837,1758146961837,1.1399998664855957,1140
884.83514,887.6557,803.44324,866.7033,1758146961.838,1758146961838,1.1410000324249268,1141
839.304,807.0696,809.0842,856.2271,1758146961.838,1758146961838,1.1410000324249268,1141
711.978,651.13556,802.23444,761.9414,1758146961.838,1758146961838,1.1410000324249268,1141
733.73627,737.76556,797.8022,757.50916,1758146961.839,1758146961839,1.1419999599456787,1142
866.30035,955.7509,801.8315,854.21246,1758146961.876,1758146961876,1.178999900817871,1179
877.1795,860.2564,803.44324,883.22345,1758146961.876,1758146961876,1.178999900817871,1179
751.4652,684.17584,797.8022,791.75824,1758146961.877,1758146961877,1.1800000667572021,1180
720.4396,718.022,791.75824,746.2271,1758146961.877,1758146961877,1.1800000667572021,1180
839.304,855.0183,792.96704,824.3956,1758146961.877,1758146961877,1.1800000667572021,1180
910.6227,963.8095,798.60803,892.49084,1758146961.878,1758146961878,1.180999994277954,1181
801.8315,743.4066,794.17584,813.5165,1758146961.878,1758146961878,1.180999994277954,1181
716.8132,651.53845,788.5348,729.707,1758146961.878,1758146961878,1.180999994277954,1181
816.337,860.2564,790.54944,787.72894,1758146961.88,1758146961880,1.183000087738037,1183
921.0989,867.50916,793.7729,871.9414,1758146961.88,1758146961880,1.183000087738037,1183
838.9011,767.98535,799.81683,830.84247,1758146961.881,1758146961881,1.184000015258789,1184
727.28937,694.65204,799.011,744.61536,1758146961.881,1758146961881,1.184000015258789,1184
783.69965,797.3993,792.96704,767.5824,1758146961.95,1758146961950,1.253000020980835,1253
900.54944,921.0989,796.1905,852.6007,1758146961.951,1758146961951,1.253999948501587,1254
867.50916,804.65204,801.8315,850.18317,1758146961.952,1758146961952,1.2549998760223389,1255
740.989,687.8022,802.23444,759.92676,1758146961.952,1758146961952,1.2549998760223389,1255
749.0476,807.0696,799.81683,740.989,1758146961.953,1758146961953,1.25600004196167,1256
875.9707,923.91943,798.60803,838.0952,1758146961.953,1758146961953,1.25600004196167,1256
898.93774,890.87915,800.2198,879.59705,1758146961.954,1758146961954,1.2569999694824219,1257
768.7912,648.71796,799.41394,788.1319,1758146961.955,1758146961955,1.2579998970031738,1258
720.0366,626.1539,795.78754,732.1245,1758146961.955,1758146961955,1.2579998970031738,1258
840.9158,878.3883,799.41394,813.1135,1758146961.956,1758146961956,1.2590000629425049,1259
919.4872,917.0696,807.47253,895.7143,1758146961.956,1758146961956,1.2590000629425049,1259
806.6667,749.45056,804.65204,823.5897,1758146961.957,1758146961957,1.2599999904632568,1260
712.381,690.2198,800.2198,737.3626,1758146961.994,1758146961994,1.2969999313354492,1297
805.8608,838.0952,801.8315,790.9524,1758146961.994,1758146961994,1.2969999313354492,1297
917.8755,935.2015,807.47253,886.04395,1758146961.995,1758146961995,1.2979998588562012,1298
838.9011,753.0769,808.68134,850.18317,1758146961.995,1758146961995,1.2979998588562012,1298
711.1722,705.9341,802.23444,747.03296,1758146961.995,1758146961995,1.2979998588562012,1298
761.53845,884.83514,798.60803,761.13556,1758146961.996,1758146961996,1.2990000247955322,1299
894.10254,929.15753,801.8315,862.27106,1758146961.996,1758146961996,1.2990000247955322,1299
866.7033,806.6667,803.0403,871.13556,1758146961.997,1758146961997,1.2999999523162842,1300
726.08057,693.44324,797.8022,769.59705,1758146961.997,1758146961997,1.2999999523162842,1300
716.0073,735.7509,791.3553,734.1392,1758146961.997,1758146961997,1.2999999523162842,1300
847.76556,862.674,796.5934,827.2161,1758146961.999,1758146961999,1.3020000457763672,1302
889.2674,865.4945,805.8608,880.40295,1758146961.999,1758146961999,1.3020000457763672,1302
761.13556,727.6923,803.8461,795.38464,1758146962.03,1758146962030,1.3329999446868896,1333
700.293,721.2454,802.23444,734.1392,1758146962.03,1758146962030,1.3329999446868896,1333
814.3223,882.4176,805.05493,805.4579,1758146962.031,1758146962031,1.3339998722076416,1334
906.1905,897.72894,807.47253,887.6557,1758146962.032,1758146962032,1.3350000381469727,1335
803.8461,755.09155,807.0696,824.3956,1758146962.032,1758146962032,1.3350000381469727,1335
703.91943,751.4652,799.41394,733.3333,1758146962.033,1758146962033,1.3359999656677246,1336
788.93774,863.0769,798.20514,779.2674,1758146962.033,1758146962033,1.3359999656677246,1336
902.96704,852.6007,805.4579,876.3736,1758146962.034,1758146962034,1.3369998931884766,1337
832.0513,739.7802,807.8755,846.1539,1758146962.034,1758146962034,1.3369998931884766,1337
704.3223,692.23444,799.81683,743.4066,1758146962.035,1758146962035,1.3380000591278076,1338
740.18317,824.7985,793.36993,750.2564,1758146962.035,1758146962035,1.3380000591278076,1338
873.1502,952.52747,797.8022,852.1978,1758146962.036,1758146962036,1.3389999866485596,1339
876.77655,829.2308,804.2491,873.5531,1758146962.077,1758146962077,1.3799998760223389,1380
738.5714,679.7436,799.41394,775.2381,1758146962.077,1758146962077,1.3799998760223389,1380
712.381,753.0769,794.57874,734.94507,1758146962.078,1758146962078,1.38100004196167,1381
843.3333,855.42126,797.8022,825.2015,1758146962.078,1758146962078,1.38100004196167,1381
904.9817,884.83514,799.41394,888.0586,1758146962.078,1758146962078,1.38100004196167,1381
787.72894,828.4249,799.41394,806.6667,1758146962.079,1758146962079,1.3819999694824219,1382
711.978,684.57874,795.38464,734.94507,1758146962.079,1758146962079,1.3819999694824219,1382
817.5458,829.6337,791.3553,801.02563,1758146962.079,1758146962079,1.3819999694824219,1382
918.68134,961.79486,799.41394,887.6557,1758146962.08,1758146962080,1.3829998970031738,1383
821.978,705.9341,803.44324,833.663,1758146962.08,1758146962080,1.3829998970031738,1383
704.3223,652.74725,797.3993,736.55676,1758146962.08,1758146962080,1.3829998970031738,1383
779.67035,835.6777,796.1905,775.64105,1758146962.081,1758146962081,1.3840000629425049,1384
904.57874,954.5421,803.8461,879.59705,1758146962.12,1758146962120,1.4229998588562012,1423
857.03296,819.15753,808.68134,863.0769,1758146962.12,1758146962120,1.4229998588562012,1423
727.28937,689.41394,805.05493,757.9121,1758146962.121,1758146962121,1.4240000247955322,1424
748.6447,744.21246,801.8315,752.27106,1758146962.121,1758146962121,1.4240000247955322,1424
886.8498,916.6667,805.8608,854.21246,1758146962.121,1758146962121,1.4240000247955322,1424
896.1172,915.8608,811.50183,889.2674,1758146962.121,1758146962121,1.4240000247955322,1424
749.45056,690.2198,805.4579,786.9231,1758146962.122,1758146962122,1.4249999523162842,1425
707.1429,689.011,799.011,728.9011,1758146962.122,1758146962122,1.4249999523162842,1425
837.28937,872.3443,806.26373,819.15753,1758146962.122,1758146962122,1.4249999523162842,1425
909.81683,915.8608,816.337,894.10254,1758146962.123,1758146962123,1.4259998798370361,1426
790.14655,738.5714,812.3077,816.337,1758146962.123,1758146962123,1.4259998798370361,1426
700.293,640.65936,810.696,732.1245,1758146962.123,1758146962123,1.4259998798370361,1426
802.6374,870.32965,812.71063,791.3553,1758146962.183,1758146962183,1.4860000610351562,1486
914.2491,963.8095,811.0989,882.8205,1758146962.184,1758146962184,1.4869999885559082,1487
826.8132,755.09155,806.6667,835.6777,1758146962.184,1758146962184,1.4869999885559082,1487
702.3077,643.8828,797.8022,735.7509,1758146962.184,1758146962184,1.4869999885559082,1487
764.7619,843.73627,792.96704,761.53845,1758146962.185,1758146962185,1.4879999160766602,1488
900.14655,1011.75824,801.8315,869.92676,1758146962.185,1758146962185,1.4879999160766602,1488
865.09155,826.8132,809.4872,869.12085,1758146962.185,1758146962185,1.4879999160766602,1488
724.0659,638.6447,801.4286,753.8828,1758146962.186,1758146962186,1.4890000820159912,1489
726.08057,740.58606,796.1905,728.49817,1758146962.186,1758146962186,1.4890000820159912,1489
854.61536,873.95605,799.81683,829.2308,1758146962.186,1758146962186,1.4890000820159912,1489
882.4176,836.4835,803.8461,878.3883,1758146962.186,1758146962186,1.4890000820159912,1489
753.0769,692.23444,803.0403,781.685,1758146962.187,1758146962187,1.4900000095367432,1490
703.5165,715.2015,799.011,719.6337,1758146962.228,1758146962228,1.5309998989105225,1531
831.2454,902.1612,801.4286,808.68134,1758146962.229,1758146962229,1.5320000648498535,1532
912.23444,917.47253,809.0842,888.0586,1758146962.23,1758146962230,1.5329999923706055,1533
792.5641,720.84247,807.8755,809.89014,1758146962.231,1758146962231,1.5339999198913574,1534
693.8461,708.7546,801.8315,717.619,1758146962.231,1758146962231,1.5339999198913574,1534
793.7729,934.3956,799.011,772.8205,1758146962.231,1758146962231,1.5339999198913574,1534
915.8608,964.21246,803.8461,873.5531,1758146962.232,1758146962232,1.5350000858306885,1535
836.4835,667.6557,806.6667,832.8571,1758146962.232,1758146962232,1.5350000858306885,1535
709.15753,664.83514,799.81683,726.4835,1758146962.232,1758146962232,1.5350000858306885,1535
757.50916,851.79486,799.41394,747.03296,1758146962.233,1758146962233,1.5360000133514404,1536
889.67035,869.92676,805.4579,846.55676,1758146962.233,1758146962233,1.5360000133514404,1536
869.5238,759.92676,807.47253,850.58606,1758146962.233,1758146962233,1.5360000133514404,1536
726.8865,651.53845,799.81683,751.4652,1758146962.26,1758146962260,1.562999963760376,1563
715.2015,761.9414,796.1905,728.49817,1758146962.261,1758146962261,1.563999891281128,1564
855.42126,906.99634,802.6374,826.8132,1758146962.261,1758146962261,1.563999891281128,1564
906.5934,857.8388,809.89014,881.6117,1758146962.261,1758146962261,1.563999891281128,1564
775.2381,758.315,806.6667,789.34064,1758146962.262,1758146962262,1.565000057220459,1565
706.7399,815.9341,799.41394,721.2454,1758146962.262,1758146962262,1.565000057220459,1565
824.3956,875.56775,799.011,800.6227,1758146962.262,1758146962262,1.565000057220459,1565
916.26373,871.13556,806.26373,885.64105,1758146962.263,1758146962263,1.565999984741211,1566
802.23444,732.52747,807.47253,820.3663,1758146962.263,1758146962263,1.565999984741211,1566
689.81683,639.0476,799.011,722.4542,1758146962.263,1758146962263,1.565999984741211,1566
779.2674,828.8278,800.2198,765.16486,1758146962.264,1758146962264,1.566999912261963,1567
906.5934,961.79486,805.8608,866.7033,1758146962.264,1758146962264,1.566999912261963,1567
842.52747,830.0366,802.6374,839.304,1758146962.295,1758146962295,1.5980000495910645,1598
712.7839,664.0293,796.5934,732.9304,1758146962.295,1758146962295,1.5980000495910645,1598
748.6447,751.06226,798.60803,737.76556,1758146962.296,1758146962296,1.5989999771118164,1599
883.6264,895.7143,805.8608,844.1392,1758146962.296,1758146962296,1.5989999771118164,1599
875.9707,873.1502,810.696,867.1062,1758146962.298,1758146962298,1.6010000705718994,1601
736.9597,768.3883,805.8608,767.5824,1758146962.298,1758146962298,1.6010000705718994,1601
711.5751,743.4066,799.011,722.8571,1758146962.298,1758146962298,1.6010000705718994,1601
842.52747,816.337,801.8315,812.3077,1758146962.299,1758146962299,1.6019999980926514,1602
898.93774,849.7802,804.2491,875.9707,1758146962.299,1758146962299,1.6019999980926514,1602
768.7912,735.7509,801.02563,789.34064,1758146962.299,1758146962299,1.6019999980926514,1602
686.99634,682.5641,796.5934,708.7546,1758146962.3,1758146962300,1.6029999256134033,1603
799.81683,892.8938,801.4286,783.69965,1758146962.3,1758146962300,1.6029999256134033,1603
909.011,951.31866,806.6667,881.6117,1758146962.328,1758146962328,1.63100004196167,1631
811.50183,750.65936,801.02563,823.1868,1758146962.328,1758146962328,1.63100004196167,1631
695.8608,695.05493,798.20514,726.4835,1758146962.329,1758146962329,1.6319999694824219,1632
773.22345,833.2601,804.65204,768.7912,1758146962.329,1758146962329,1.6319999694824219,1632
899.7436,985.56775,806.26373,866.7033,1758146962.329,1758146962329,1.6319999694824219,1632
848.5714,851.79486,806.26373,847.76556,1758146962.33,1758146962330,1.6329998970031738,1633
710.7692,661.6117,799.81683,740.989,1758146962.33,1758146962330,1.6329998970031738,1633
729.304,733.73627,790.14655,723.663,1758146962.33,1758146962330,1.6329998970031738,1633
874.35895,900.14655,796.99634,826.8132,1758146962.331,1758146962331,1.6340000629425049,1634
883.6264,812.3077,804.65204,859.0476,1758146962.331,1758146962331,1.6340000629425049,1634
737.3626,634.61536,798.60803,753.0769,1758146962.331,1758146962331,1.6340000629425049,1634
703.5165,676.1172,793.36993,706.7399,1758146962.331,1758146962331,1.6340000629425049,1634
836.4835,927.5458,796.5934,799.81683,1758146962.396,1758146962396,1.6989998817443848,1699
912.6374,965.0183,802.6374,876.77655,1758146962.396,1758146962396,1.6989998817443848,1699
792.1612,732.9304,799.41394,800.2198,1758146962.397,1758146962397,1.7000000476837158,1700
697.0696,664.83514,793.7729,715.2015,1758146962.397,1758146962397,1.7000000476837158,1700
802.23444,876.3736,799.81683,780.4762,1758146962.397,1758146962397,1.7000000476837158,1700
915.8608,1017.8022,805.05493,877.1795,1758146962.398,1758146962398,1.7009999752044678,1701
826.0073,779.2674,803.8461,828.022,1758146962.399,1758146962399,1.7019999027252197,1702
699.0842,571.75824,798.20514,723.663,1758146962.399,1758146962399,1.7019999027252197,1702
755.89746,759.5238,795.78754,746.63007,1758146962.4,1758146962400,1.7030000686645508,1703
893.69965,942.4542,805.05493,857.03296,1758146962.4,1758146962400,1.7030000686645508,1703
859.85345,789.34064,807.8755,858.24176,1758146962.4,1758146962400,1.7030000686645508,1703
716.8132,633.8095,799.011,749.0476,1758146962.401,1758146962401,1.7039999961853027,1704
720.0366,781.685,796.5934,729.304,1758146962.449,1758146962449,1.751999855041504,1752
858.24176,966.63007,801.8315,835.6777,1758146962.449,1758146962449,1.751999855041504,1752
889.67035,883.22345,810.293,880.0,1758146962.45,1758146962450,1.753000020980835,1753
755.09155,686.99634,806.26373,782.8938,1758146962.45,1758146962450,1.753000020980835,1753
698.68134,726.8865,795.78754,720.84247,1758146962.45,1758146962450,1.753000020980835,1753
823.1868,975.89746,802.23444,803.44324,1758146962.451,1758146962451,1.753999948501587,1754
906.99634,925.9341,813.91943,890.07324,1758146962.451,1758146962451,1.753999948501587,1754
787.326,692.23444,809.0842,812.71063,1758146962.451,1758146962451,1.753999948501587,1754
684.57874,726.4835,798.60803,719.6337,1758146962.452,1758146962452,1.7549998760223389,1755
775.2381,801.8315,800.6227,772.01465,1758146962.452,1758146962452,1.7549998760223389,1755
899.34064,954.5421,811.50183,869.5238,1758146962.452,1758146962452,1.7549998760223389,1755
825.2015,780.87915,810.696,834.87177,1758146962.453,1758146962453,1.75600004196167,1756
693.8461,606.8132,803.8461,731.31866,1758146962.488,1758146962488,1.7909998893737793,1791
748.6447,832.4542,801.4286,750.2564,1758146962.489,1758146962489,1.7920000553131104,1792
888.86444,947.28937,804.65204,854.21246,1758146962.489,1758146962489,1.7920000553131104,1792
868.71796,811.50183,808.68134,862.674,1758146962.489,1758146962489,1.7920000553131104,1792
727.6923,693.8461,804.2491,760.7326,1758146962.49,1758146962490,1.7929999828338623,1793
711.5751,787.326,797.3993,724.4689,1758146962.49,1758146962490,1.7929999828338623,1793
844.1392,911.02563,796.99634,814.3223,1758146962.49,1758146962490,1.7929999828338623,1793
896.9231,833.2601,800.2198,867.1062,1758146962.491,1758146962491,1.7939999103546143,1794
768.3883,682.96704,795.78754,772.4176,1758146962.492,1758146962492,1.7950000762939453,1795
699.89014,726.4835,790.9524,702.3077,1758146962.493,1758146962493,1.7960000038146973,1796
815.9341,904.17584,798.60803,791.75824,1758146962.493,1758146962493,1.7960000038146973,1796
904.9817,911.8315,809.0842,890.87915,1758146962.493,1758146962493,1.7960000038146973,1796
791.3553,731.7216,809.89014,832.8571,1758146962.556,1758146962556,1.8589999675750732,1859
671.685,690.6227,805.4579,739.7802,1758146962.556,1758146962556,1.8589999675750732,1859
751.8681,887.25275,805.05493,780.87915,1758146962.556,1758146962556,1.8589999675750732,1859
881.2088,943.663,809.0842,880.0,1758146962.557,1758146962557,1.8599998950958252,1860
824.3956,772.4176,807.47253,853.00366,1758146962.557,1758146962557,1.8599998950958252,1860
696.26373,743.8095,802.23444,747.4359,1758146962.557,1758146962557,1.8599998950958252,1860
730.9158,762.74725,801.4286,745.82416,1758146962.558,1758146962558,1.8610000610351562,1861
866.7033,851.79486,806.6667,846.55676,1758146962.558,1758146962558,1.8610000610351562,1861
867.1062,881.2088,810.293,873.1502,1758146962.558,1758146962558,1.8610000610351562,1861
726.8865,624.94507,805.8608,764.7619,1758146962.558,1758146962558,1.8610000610351562,1861
702.3077,718.022,801.4286,717.2161,1758146962.559,1758146962559,1.8619999885559082,1862
840.10986,892.49084,805.4579,818.7546,1758146962.559,1758146962559,1.8619999885559082,1862
898.1319,850.18317,809.0842,879.59705,1758146962.586,1758146962586,1.8889999389648438,1889
764.35895,718.4249,801.8315,788.1319,1758146962.586,1758146962586,1.8889999389648438,1889
686.5934,699.0842,793.36993,719.2308,1758146962.587,1758146962587,1.8899998664855957,1890
807.8755,847.76556,796.99634,792.96704,1758146962.587,1758146962587,1.8899998664855957,1890
915.05493,983.95605,804.2491,882.4176,1758146962.587,1758146962587,1.8899998664855957,1890
818.7546,827.619,801.8315,827.619,1758146962.588,1758146962588,1.8910000324249268,1891
703.1135,690.6227,795.78754,726.08057,1758146962.588,1758146962588,1.8910000324249268,1891
767.98535,811.0989,796.1905,752.27106,1758146962.588,1758146962588,1.8910000324249268,1891
894.5055,843.73627,800.2198,854.21246,1758146962.588,1758146962588,1.8910000324249268,1891
851.39197,734.1392,801.4286,846.1539,1758146962.589,1758146962589,1.8919999599456787,1892
718.8278,676.52014,799.81683,741.79486,1758146962.59,1758146962590,1.8929998874664307,1893
735.34796,777.6557,797.8022,730.5128,1758146962.591,1758146962591,1.8940000534057617,1894
871.13556,922.71063,798.60803,833.663,1758146962.64,1758146962640,1.943000078201294,1943
887.25275,856.63007,795.38464,864.2857,1758146962.641,1758146962641,1.944000005722046,1944
750.65936,687.8022,789.7436,761.53845,1758146962.641,1758146962641,1.944000005722046,1944
709.9634,689.81683,788.93774,708.7546,1758146962.642,1758146962642,1.9449999332427979,1945
840.10986,939.6337,794.57874,797.3993,1758146962.642,1758146962642,1.9449999332427979,1945
923.1135,1020.6227,803.44324,882.4176,1758146962.642,1758146962642,1.9449999332427979,1945
798.60803,729.304,801.8315,807.8755,1758146962.643,1758146962643,1.9459998607635498,1946
695.4579,604.7985,795.78754,718.8278,1758146962.643,1758146962643,1.9459998607635498,1946
800.2198,861.8681,798.20514,787.326,1758146962.643,1758146962643,1.9459998607635498,1946
921.0989,934.3956,811.0989,890.07324,1758146962.644,1758146962644,1.9470000267028809,1947
836.4835,687.3993,815.12823,843.3333,1758146962.644,1758146962644,1.9470000267028809,1947
711.1722,642.27106,803.8461,740.58606,1758146962.644,1758146962644,1.9470000267028809,1947
765.9707,859.0476,801.02563,763.95605,1758146962.682,1758146962682,1.9849998950958252,1985
898.5348,959.7802,807.0696,869.5238,1758146962.682,1758146962682,1.9849998950958252,1985
863.8828,803.8461,806.6667,867.9121,1758146962.683,1758146962683,1.9860000610351562,1986
724.4689,652.74725,801.4286,759.5238,1758146962.683,1758146962683,1.9860000610351562,1986
723.663,806.26373,803.44324,736.55676,1758146962.683,1758146962683,1.9860000610351562,1986
858.6447,1014.9817,813.1135,837.28937,1758146962.684,1758146962684,1.9869999885559082,1987
893.2967,866.7033,817.9487,881.6117,1758146962.684,1758146962684,1.9869999885559082,1987
752.674,635.42126,813.1135,783.69965,1758146962.685,1758146962685,1.9879999160766602,1988
689.81683,662.4176,805.8608,720.84247,1758146962.685,1758146962685,1.9879999160766602,1988
813.5165,879.59705,808.68134,799.41394,1758146962.685,1758146962685,1.9879999160766602,1988
908.60803,954.1392,816.7399,887.25275,1758146962.685,1758146962685,1.9879999160766602,1988
794.57874,704.7253,815.5311,816.337,1758146962.686,1758146962686,1.9890000820159912,1989
690.2198,719.6337,807.0696,719.2308,1758146962.719,1758146962719,2.0220000743865967,2022
785.31134,901.75824,806.6667,773.22345,1758146962.719,1758146962719,2.0220000743865967,2022
909.011,923.1135,809.0842,874.7619,1758146962.72,1758146962720,2.0230000019073486,2023
837.28937,749.0476,807.0696,843.3333,1758146962.721,1758146962721,2.0239999294281006,2024
703.91943,676.1172,801.8315,743.4066,1758146962.721,1758146962721,2.0239999294281006,2024
746.63007,884.83514,797.3993,754.68866,1758146962.722,1758146962722,2.0249998569488525,2025
881.6117,944.0659,803.8461,857.03296,1758146962.722,1758146962722,2.0249998569488525,2025
866.30035,809.4872,810.696,869.12085,1758146962.723,1758146962723,2.0260000228881836,2026
722.8571,681.75824,804.2491,763.5531,1758146962.723,1758146962723,2.0260000228881836,2026
701.50183,686.5934,794.57874,722.8571,1758146962.724,1758146962724,2.0269999504089355,2027
839.707,868.315,793.7729,815.12823,1758146962.724,1758146962724,2.0269999504089355,2027
887.25275,867.9121,801.8315,874.7619,1758146962.725,1758146962725,2.0279998779296875,2028
750.2564,709.9634,802.6374,783.69965,1758146962.782,1758146962782,2.0850000381469727,2085
681.3553,694.65204,798.20514,709.9634,1758146962.782,1758146962782,2.0850000381469727,2085
797.8022,859.0476,800.2198,782.8938,1758146962.783,1758146962783,2.0859999656677246,2086
898.1319,917.47253,804.65204,871.13556,1758146962.783,1758146962783,2.0859999656677246,2086
799.011,794.57874,803.44324,812.71063,1758146962.783,1758146962783,2.0859999656677246,2086
690.2198,727.6923,799.81683,721.2454,1758146962.784,1758146962784,2.0869998931884766,2087
770.0,831.2454,797.8022,759.12085,1758146962.784,1758146962784,2.0869998931884766,2087
890.87915,857.8388,800.2198,855.0183,1758146962.785,1758146962785,2.0880000591278076,2088
831.2454,736.55676,804.2491,836.4835,1758146962.785,1758146962785,2.0880000591278076,2088
701.9048,701.50183,800.2198,738.1685,1758146962.786,1758146962786,2.0889999866485596,2089
734.94507,811.0989,796.99634,738.1685,1758146962.786,1758146962786,2.0889999866485596,2089
869.5238,908.60803,800.2198,837.6923,1758146962.786,1758146962786,2.0889999866485596,2089
880.80585,872.74725,806.6667,871.53845,1758146962.818,1758146962818,2.121000051498413,2121
750.65936,716.8132,805.8608,779.2674,1758146962.819,1758146962819,2.121999979019165,2122
709.9634,701.50183,800.2198,727.6923,1758146962.82,1758146962820,2.122999906539917,2123
837.28937,894.90845,803.0403,813.5165,1758146962.821,1758146962821,2.124000072479248,2124
900.9524,904.9817,806.26373,878.3883,1758146962.821,1758146962821,2.124000072479248,2124
778.0586,774.0293,807.0696,797.3993,1758146962.821,1758146962821,2.124000072479248,2124
695.4579,700.293,805.8608,720.0366,1758146962.822,1758146962822,2.125,2125
800.6227,829.6337,803.8461,786.1172,1758146962.822,1758146962822,2.125,2125
909.81683,960.18317,810.293,883.22345,1758146962.822,1758146962822,2.125,2125
814.7253,704.7253,809.4872,823.5897,1758146962.823,1758146962823,2.125999927520752,2126
694.2491,609.6337,802.23444,716.8132,1758146962.823,1758146962823,2.125999927520752,2126
761.9414,805.05493,801.4286,747.4359,1758146962.823,1758146962823,2.125999927520752,2126
893.2967,932.381,808.2784,850.58606,1758146962.856,1758146962856,2.1589999198913574,2159
853.00366,815.9341,809.89014,846.1539,1758146962.856,1758146962856,2.1589999198913574,2159
715.2015,679.34064,803.0403,745.0183,1758146962.856,1758146962856,2.1589999198913574,2159
729.304,764.7619,803.44324,729.304,1758146962.857,1758146962857,2.1600000858306885,2160
871.53845,967.8388,805.4579,826.8132,1758146962.857,1758146962857,2.1600000858306885,2160
895.31134,960.989,804.65204,869.5238,1758146962.857,1758146962857,2.1600000858306885,2160
757.50916,726.4835,797.8022,773.22345,1758146962.858,1758146962858,2.1610000133514404,2161
701.50183,628.97437,791.75824,710.3663,1758146962.858,1758146962858,2.1610000133514404,2161
822.381,848.1685,796.99634,793.36993,1758146962.858,1758146962858,2.1610000133514404,2161
904.57874,902.5641,805.8608,872.74725,1758146962.859,1758146962859,2.1619999408721924,2162
786.52014,739.7802,807.0696,798.60803,1758146962.859,1758146962859,2.1619999408721924,2162
686.5934,708.3516,799.41394,711.978,1758146962.859,1758146962859,2.1619999408721924,2162
782.49084,817.1429,798.20514,772.01465,1758146962.92,1758146962920,2.2230000495910645,2223
906.1905,939.2308,803.8461,872.74725,1758146962.92,1758146962920,2.2230000495910645,2223
829.2308,785.7143,800.2198,828.022,1758146962.921,1758146962921,2.2239999771118164,2224
700.696,607.2161,795.78754,722.8571,1758146962.921,1758146962921,2.2239999771118164,2224
749.0476,836.08057,797.3993,740.989,1758146962.922,1758146962922,2.2249999046325684,2225
887.25275,1080.6593,798.60803,849.3773,1758146962.923,1758146962923,2.2260000705718994,2226
860.65936,788.1319,801.8315,859.85345,1758146962.923,1758146962923,2.2260000705718994,2226
716.8132,588.2784,800.2198,755.89746,1758146962.923,1758146962923,2.2260000705718994,2226
716.8132,783.69965,794.57874,729.707,1758146962.924,1758146962924,2.2269999980926514,2227
848.97437,840.5128,795.78754,824.7985,1758146962.924,1758146962924,2.2269999980926514,2227
887.6557,817.9487,804.2491,877.1795,1758146962.924,1758146962924,2.2269999980926514,2227
753.47986,718.8278,805.4579,788.1319,1758146962.925,1758146962925,2.2279999256134033,2228
689.81683,692.6374,801.4286,721.2454,1758146962.952,1758146962952,2.254999876022339,2255
812.3077,887.25275,800.2198,798.60803,1758146962.953,1758146962953,2.25600004196167,2256
906.5934,950.5128,806.26373,884.43225,1758146962.953,1758146962953,2.25600004196167,2256
792.5641,668.86444,800.2198,811.9048,1758146962.953,1758146962953,2.25600004196167,2256
683.36993,683.7729,794.17584,718.8278,1758146962.954,1758146962954,2.256999969482422,2257
775.2381,940.0366,801.4286,774.0293,1758146962.954,1758146962954,2.256999969482422,2257
898.1319,941.6484,804.2491,874.35895,1758146962.954,1758146962954,2.256999969482422,2257
830.0366,704.7253,805.8608,843.73627,1758146962.955,1758146962955,2.257999897003174,2258
699.89014,623.73627,803.0403,739.3773,1758146962.955,1758146962955,2.257999897003174,2258
738.1685,820.3663,795.38464,745.42126,1758146962.955,1758146962955,2.257999897003174,2258
877.1795,957.76556,800.6227,851.39197,1758146962.956,1758146962956,2.259000062942505,2259
873.1502,808.2784,810.696,869.5238,1758146962.956,1758146962956,2.259000062942505,2259
735.7509,666.8498,805.4579,765.16486,1758146963.02,1758146963020,2.322999954223633,2323
716.4103,757.1062,800.2198,727.6923,1758146963.02,1758146963020,2.322999954223633,2323
850.58606,927.5458,806.6667,822.7839,1758146963.02,1758146963020,2.322999954223633,2323
903.7729,880.0,810.696,884.83514,1758146963.021,1758146963021,2.3239998817443848,2324
776.8498,735.7509,807.0696,799.81683,1758146963.021,1758146963021,2.3239998817443848,2324
699.89014,783.2967,800.2198,728.49817,1758146963.021,1758146963021,2.3239998817443848,2324
809.89014,886.04395,802.6374,799.41394,1758146963.023,1758146963023,2.3259999752044678,2326
910.2198,923.91943,808.68134,884.83514,1758146963.023,1758146963023,2.3259999752044678,2326
805.05493,736.1539,806.6667,823.1868,1758146963.024,1758146963024,2.3269999027252197,2327
687.3993,593.5165,801.4286,726.08057,1758146963.024,1758146963024,2.3269999027252197,2327
764.35895,804.2491,801.8315,760.7326,1758146963.024,1758146963024,2.3269999027252197,2327
893.69965,917.47253,807.0696,862.27106,1758146963.024,1758146963024,2.3269999027252197,2327
844.94507,807.47253,809.89014,849.7802,1758146963.051,1758146963051,2.3540000915527344,2354
709.5604,700.293,803.0403,745.0183,1758146963.051,1758146963051,2.3540000915527344,2354
730.9158,772.8205,797.8022,739.3773,1758146963.052,1758146963052,2.3550000190734863,2355
870.7326,881.6117,802.6374,845.34796,1758146963.052,1758146963052,2.3550000190734863,2355
879.19415,858.6447,807.0696,869.5238,1758146963.052,1758146963052,2.3550000190734863,2355
742.6007,777.25275,803.44324,766.77655,1758146963.053,1758146963053,2.3559999465942383,2356
708.3516,741.79486,795.38464,720.84247,1758146963.053,1758146963053,2.3559999465942383,2356
835.2747,832.8571,792.5641,808.68134,1758146963.053,1758146963053,2.3559999465942383,2356
903.36993,908.60803,797.8022,876.3736,1758146963.054,1758146963054,2.3569998741149902,2357
781.685,763.95605,798.20514,797.8022,1758146963.054,1758146963054,2.3569998741149902,2357
691.8315,652.74725,793.36993,716.4103,1758146963.054,1758146963054,2.3569998741149902,2357
789.7436,810.696,795.78754,775.64105,1758146963.054,1758146963054,2.3569998741149902,2357
899.7436,945.2747,802.23444,866.7033,1758146963.089,1758146963089,2.3919999599456787,2392
814.3223,788.93774,804.2491,822.381,1758146963.09,1758146963090,2.3929998874664307,2393
692.6374,666.8498,800.2198,724.0659,1758146963.09,1758146963090,2.3929998874664307,2393
753.8828,828.022,798.60803,752.674,1758146963.09,1758146963090,2.3929998874664307,2393
890.87915,926.7399,805.8608,859.85345,1758146963.091,1758146963091,2.3940000534057617,2394
867.1062,869.12085,810.696,862.27106,1758146963.091,1758146963091,2.3940000534057617,2394
730.10986,709.5604,804.2491,759.12085,1758146963.091,1758146963091,2.3940000534057617,2394
727.28937,701.0989,799.81683,735.34796,1758146963.092,1758146963092,2.3949999809265137,2395
858.24176,922.3077,806.6667,834.87177,1758146963.093,1758146963093,2.3959999084472656,2396
884.0293,847.76556,811.50183,876.3736,1758146963.094,1758146963094,2.3970000743865967,2397
747.8388,667.6557,807.0696,778.46155,1758146963.094,1758146963094,2.3970000743865967,2397
692.23444,667.6557,801.8315,719.6337,1758146963.094,1758146963094,2.3970000743865967,2397
818.3516,937.2161,803.44324,806.26373,1758146963.162,1758146963162,2.4649999141693115,2465
908.20514,983.5531,809.0842,890.87915,1758146963.163,1758146963163,2.4660000801086426,2466
792.96704,674.90845,807.8755,817.1429,1758146963.163,1758146963163,2.4660000801086426,2466
692.6374,662.4176,801.02563,723.663,1758146963.164,1758146963164,2.4670000076293945,2467
784.90845,878.7912,799.41394,773.6264,1758146963.164,1758146963164,2.4670000076293945,2467
906.99634,1026.2638,808.68134,874.7619,1758146963.164,1758146963164,2.4670000076293945,2467
832.8571,802.6374,812.71063,838.9011,1758146963.165,1758146963165,2.4679999351501465,2468
701.9048,553.22345,802.6374,735.7509,1758146963.165,1758146963165,2.4679999351501465,2468
754.2857,783.69965,801.4286,755.09155,1758146963.165,1758146963165,2.4679999351501465,2468
889.2674,958.97437,805.4579,857.8388,1758146963.166,1758146963166,2.4689998626708984,2469
870.32965,828.4249,803.44324,861.4652,1758146963.166,1758146963166,2.4689998626708984,2469
736.55676,655.16486,799.011,759.92676,1758146963.166,1758146963166,2.4689998626708984,2469
722.8571,717.619,798.20514,734.1392,1758146963.204,1758146963204,2.506999969482422,2507
858.24176,938.4249,800.6227,833.2601,1758146963.204,1758146963204,2.506999969482422,2507
902.1612,909.011,801.8315,884.43225,1758146963.205,1758146963205,2.507999897003174,2508
767.98535,683.36993,799.81683,788.5348,1758146963.205,1758146963205,2.507999897003174,2508
706.7399,765.56775,797.3993,720.0366,1758146963.205,1758146963205,2.507999897003174,2508
821.978,942.0513,799.81683,794.9817,1758146963.205,1758146963205,2.507999897003174,2508
911.8315,910.2198,802.23444,877.5824,1758146963.206,1758146963206,2.509000062942505,2509
799.011,676.9231,796.1905,807.47253,1758146963.206,1758146963206,2.509000062942505,2509
686.5934,662.01465,792.96704,716.4103,1758146963.206,1758146963206,2.509000062942505,2509
773.6264,813.5165,796.1905,766.3736,1758146963.207,1758146963207,2.509999990463257,2510
895.7143,921.0989,801.02563,863.8828,1758146963.208,1758146963208,2.510999917984009,2511
834.87177,787.326,803.8461,836.08057,1758146963.209,1758146963209,2.51200008392334,2512
706.337,641.4652,797.3993,729.707,1758146963.234,1758146963234,2.5369999408721924,2537
744.61536,775.64105,796.99634,734.1392,1758146963.235,1758146963235,2.5379998683929443,2538
886.4469,942.4542,803.44324,840.9158,1758146963.235,1758146963235,2.5379998683929443,2538
890.87915,843.73627,809.89014,866.30035,1758146963.236,1758146963236,2.5390000343322754,2539
752.674,705.5311,807.47253,769.59705,1758146963.236,1758146963236,2.5390000343322754,2539
721.2454,828.8278,803.44324,736.9597,1758146963.236,1758146963236,2.5390000343322754,2539
842.9304,894.90845,810.293,835.6777,1758146963.237,1758146963237,2.5399999618530273,2540
887.6557,784.5055,819.15753,896.52014,1758146963.237,1758146963237,2.5399999618530273,2540
756.30035,691.8315,815.5311,804.65204,1758146963.237,1758146963237,2.5399999618530273,2540
680.14655,693.0403,804.65204,725.2747,1758146963.238,1758146963238,2.5409998893737793,2541
794.9817,853.8095,804.2491,794.57874,1758146963.238,1758146963238,2.5409998893737793,2541
905.78754,927.5458,813.1135,883.6264,1758146963.238,1758146963238,2.5409998893737793,2541
812.3077,742.1978,813.5165,823.5897,1758146963.304,1758146963304,2.6069998741149902,2607
696.6667,677.72894,806.26373,727.28937,1758146963.305,1758146963305,2.6080000400543213,2608
770.40295,846.1539,803.44324,761.13556,1758146963.305,1758146963305,2.6080000400543213,2608
896.9231,894.5055,806.26373,861.06226,1758146963.305,1758146963305,2.6080000400543213,2608
844.94507,829.2308,805.4579,849.3773,1758146963.306,1758146963306,2.6089999675750732,2609
717.2161,762.74725,799.41394,749.85345,1758146963.306,1758146963306,2.6089999675750732,2609
738.5714,748.24176,798.20514,738.1685,1758146963.306,1758146963306,2.6089999675750732,2609
867.9121,894.5055,803.0403,831.6484,1758146963.307,1758146963307,2.609999895095825,2610
883.22345,888.46155,806.6667,868.71796,1758146963.307,1758146963307,2.609999895095825,2610
745.0183,644.2857,797.8022,768.3883,1758146963.307,1758146963307,2.609999895095825,2610
705.12823,734.5421,791.75824,713.5897,1758146963.308,1758146963308,2.6110000610351562,2611
836.08057,933.9927,799.41394,805.05493,1758146963.308,1758146963308,2.6110000610351562,2611
906.1905,869.92676,806.6667,882.01465,1758146963.333,1758146963333,2.635999917984009,2636
786.52014,722.4542,806.26373,804.65204,1758146963.334,1758146963334,2.63700008392334,2637
699.0842,714.7985,803.44324,724.0659,1758146963.334,1758146963334,2.63700008392334,2637
802.6374,834.0659,806.6667,790.14655,1758146963.334,1758146963334,2.63700008392334,2637
914.2491,984.35895,810.293,888.0586,1758146963.335,1758146963335,2.638000011444092,2638
826.4103,855.0183,810.696,846.55676,1758146963.335,1758146963335,2.638000011444092,2638
704.3223,682.5641,806.26373,745.0183,1758146963.335,1758146963335,2.638000011444092,2638
761.13556,767.1795,804.65204,765.16486,1758146963.336,1758146963336,2.6389999389648438,2639
887.25275,850.18317,810.293,863.47986,1758146963.336,1758146963336,2.6389999389648438,2639
862.674,809.4872,814.3223,864.68866,1758146963.336,1758146963336,2.6389999389648438,2639
732.1245,689.81683,807.8755,764.35895,1758146963.337,1758146963337,2.6399998664855957,2640
730.10986,738.97437,803.44324,738.1685,1758146963.337,1758146963337,2.6399998664855957,2640
864.2857,940.0366,811.0989,834.87177,1758146963.369,1758146963369,2.671999931335449,2672
899.7436,916.26373,815.12823,881.6117,1758146963.37,1758146963370,2.672999858856201,2673
763.95605,756.30035,806.6667,790.14655,1758146963.37,1758146963370,2.672999858856201,2673
701.9048,693.44324,800.6227,730.10986,1758146963.371,1758146963371,2.6740000247955322,2674
817.9487,858.24176,803.44324,808.68134,1758146963.371,1758146963371,2.6740000247955322,2674
905.78754,1004.90845,810.696,889.2674,1758146963.371,1758146963371,2.6740000247955322,2674
791.75824,749.45056,809.4872,817.1429,1758146963.371,1758146963371,2.6740000247955322,2674
685.38464,645.4945,800.6227,724.87177,1758146963.372,1758146963372,2.674999952316284,2675
774.0293,855.0183,800.2198,775.64105,1758146963.372,1758146963372,2.674999952316284,2675
893.2967,894.10254,803.8461,873.5531,1758146963.372,1758146963372,2.674999952316284,2675
817.1429,759.12085,801.4286,832.8571,1758146963.373,1758146963373,2.675999879837036,2676
680.54944,630.989,796.1905,728.0952,1758146963.373,1758146963373,2.675999879837036,2676
726.8865,805.4579,798.20514,742.6007,1758146963.437,1758146963437,2.740000009536743,2740
867.1062,965.82416,805.05493,849.7802,1758146963.438,1758146963438,2.740999937057495,2741
857.8388,821.1722,810.293,865.4945,1758146963.44,1758146963440,2.743000030517578,2743
717.2161,688.60803,806.6667,756.30035,1758146963.44,1758146963440,2.743000030517578,2743
713.5897,765.9707,797.8022,731.7216,1758146963.441,1758146963441,2.74399995803833,2744
857.4359,969.85345,799.81683,832.8571,1758146963.441,1758146963441,2.74399995803833,2744
898.93774,933.9927,808.2784,876.3736,1758146963.441,1758146963441,2.74399995803833,2744
771.6117,659.59705,803.44324,786.9231,1758146963.442,1758146963442,2.744999885559082,2745
693.8461,612.8571,791.3553,710.3663,1758146963.442,1758146963442,2.744999885559082,2745
811.0989,865.4945,793.7729,787.326,1758146963.442,1758146963442,2.744999885559082,2745
915.4579,932.7839,804.2491,881.2088,1758146963.443,1758146963443,2.746000051498413,2746
808.68134,737.76556,802.6374,817.1429,1758146963.443,1758146963443,2.746000051498413,2746
695.05493,689.011,794.57874,717.2161,1758146963.48,1758146963480,2.7829999923706055,2783
772.01465,853.00366,791.75824,759.92676,1758146963.481,1758146963481,2.7839999198913574,2784
897.326,944.4689,798.20514,867.9121,1758146963.481,1758146963481,2.7839999198913574,2784
840.5128,749.0476,805.4579,849.7802,1758146963.481,1758146963481,2.7839999198913574,2784
714.3956,690.2198,802.6374,750.65936,1758146963.482,1758146963482,2.7850000858306885,2785
749.45056,880.80585,800.6227,749.45056,1758146963.482,1758146963482,2.7850000858306885,2785
880.0,953.3333,804.2491,848.97437,1758146963.482,1758146963482,2.7850000858306885,2785
873.5531,773.6264,803.8461,865.4945,1758146963.483,1758146963483,2.7860000133514404,2786
734.5421,702.3077,798.60803,764.7619,1758146963.483,1758146963483,2.7860000133514404,2786
714.7985,747.4359,798.20514,735.34796,1758146963.483,1758146963483,2.7860000133514404,2786
846.9597,856.2271,804.2491,828.022,1758146963.484,1758146963484,2.7869999408721924,2787
899.7436,887.25275,806.26373,882.4176,1758146963.484,1758146963484,2.7869999408721924,2787
773.22345,720.84247,799.81683,796.1905,1758146963.511,1758146963511,2.813999891281128,2814
691.02563,692.23444,794.9817,723.2601,1758146963.512,1758146963512,2.815000057220459,2815
796.1905,876.77655,797.8022,789.34064,1758146963.512,1758146963512,2.815000057220459,2815
903.7729,898.1319,802.6374,875.9707,1758146963.513,1758146963513,2.815999984741211,2816
812.71063,780.07324,801.8315,825.6044,1758146963.515,1758146963515,2.818000078201294,2818
699.0842,772.01465,800.6227,731.31866,1758146963.516,1758146963516,2.819000005722046,2819
763.5531,799.011,798.60803,760.32965,1758146963.516,1758146963516,2.819000005722046,2819
885.64105,821.1722,799.011,855.42126,1758146963.517,1758146963517,2.819999933242798,2820
844.5421,780.07324,802.23444,844.1392,1758146963.517,1758146963517,2.819999933242798,2820
714.7985,708.3516,802.23444,748.6447,1758146963.518,1758146963518,2.82099986076355,2821
730.5128,799.41394,800.2198,735.7509,1758146963.518,1758146963518,2.82099986076355,2821
864.68866,922.71063,802.23444,830.4396,1758146963.519,1758146963519,2.822000026702881,2822
881.6117,891.28204,805.4579,867.50916,1758146963.556,1758146963556,2.8589999675750732,2859
741.39197,722.0513,798.60803,771.6117,1758146963.557,1758146963557,2.859999895095825,2860
693.44324,686.99634,792.96704,712.381,1758146963.557,1758146963557,2.859999895095825,2860
820.7692,861.4652,799.81683,798.60803,1758146963.558,1758146963558,2.8610000610351562,2861
897.326,929.5604,807.0696,877.98535,1758146963.558,1758146963558,2.8610000610351562,2861
772.4176,816.7399,802.23444,799.011,1758146963.558,1758146963558,2.8610000610351562,2861
669.2674,690.2198,793.7729,706.7399,1758146963.558,1758146963558,2.8610000610351562,2861
768.7912,755.89746,796.5934,765.16486,1758146963.559,1758146963559,2.861999988555908,2862
889.67035,954.5421,801.8315,863.0769,1758146963.559,1758146963559,2.861999988555908,2862
805.4579,745.42126,800.2198,820.3663,1758146963.559,1758146963559,2.861999988555908,2862
679.7436,605.6044,794.9817,718.8278,1758146963.56,1758146963560,2.86299991607666,2863
739.7802,794.9817,793.7729,741.79486,1758146963.56,1758146963560,2.86299991607666,2863
879.59705,949.707,801.8315,851.39197,1758146963.627,1758146963627,2.930000066757202,2930
855.0183,828.022,803.8461,855.0183,1758146963.628,1758146963628,2.930999994277954,2931
719.6337,677.72894,800.2198,755.4945,1758146963.629,1758146963629,2.931999921798706,2932
720.84247,733.3333,800.2198,733.73627,1758146963.629,1758146963629,2.931999921798706,2932
857.8388,963.00366,803.44324,826.8132,1758146963.63,1758146963630,2.933000087738037,2933
892.49084,927.9487,806.26373,875.9707,1758146963.63,1758146963630,2.933000087738037,2933
753.47986,691.8315,799.41394,779.67035,1758146963.632,1758146963632,2.934999942779541,2935
695.4579,654.7619,794.57874,715.2015,1758146963.633,1758146963633,2.935999870300293,2936
816.7399,851.79486,797.8022,800.2198,1758146963.633,1758146963633,2.935999870300293,2936
909.011,929.9634,805.05493,879.19415,1758146963.634,1758146963634,2.937000036239624,2937
798.20514,699.4872,804.65204,802.6374,1758146963.634,1758146963634,2.937000036239624,2937
693.0403,648.315,798.20514,714.3956,1758146963.635,1758146963635,2.937999963760376,2938
783.69965,859.45056,797.3993,767.1795,1758146963.674,1758146963674,2.9769999980926514,2977
901.75824,943.663,803.44324,867.50916,1758146963.675,1758146963675,2.9779999256134033,2978
830.0366,801.02563,805.8608,836.4835,1758146963.675,1758146963675,2.9779999256134033,2978
702.3077,672.49084,801.02563,734.94507,1758146963.676,1758146963676,2.9790000915527344,2979
751.06226,834.4689,797.8022,749.45056,1758146963.676,1758146963676,2.9790000915527344,2979
887.6557,1003.69965,803.44324,854.61536,1758146963.676,1758146963676,2.9790000915527344,2979
873.1502,819.5604,808.2784,867.1062,1758146963.677,1758146963677,2.9800000190734863,2980
735.7509,684.57874,804.2491,763.1502,1758146963.677,1758146963677,2.9800000190734863,2980
721.6484,788.1319,798.20514,728.49817,1758146963.677,1758146963677,2.9800000190734863,2980
846.9597,815.5311,798.60803,815.5311,1758146963.677,1758146963677,2.9800000190734863,2980
894.90845,815.9341,801.8315,872.74725,1758146963.678,1758146963678,2.9809999465942383,2981
770.80585,715.2015,797.8022,788.5348,1758146963.678,1758146963678,2.9809999465942383,2981
697.47253,716.8132,794.17584,716.0073,1758146963.708,1758146963708,3.010999917984009,3011
814.7253,901.75824,796.1905,790.54944,1758146963.709,1758146963709,3.01200008392334,3012
919.0842,952.52747,807.0696,879.19415,1758146963.71,1758146963710,3.013000011444092,3013
813.1135,744.21246,805.4579,817.5458,1758146963.71,1758146963710,3.013000011444092,3013
693.44324,693.44324,799.011,718.8278,1758146963.711,1758146963711,3.0139999389648438,3014
775.2381,898.5348,802.6374,760.7326,1758146963.711,1758146963711,3.0139999389648438,3014
900.14655,946.4835,805.8608,863.8828,1758146963.712,1758146963712,3.0149998664855957,3015
840.9158,729.707,808.68134,840.9158,1758146963.712,1758146963712,3.0149998664855957,3015
713.1868,655.16486,805.4579,738.5714,1758146963.715,1758146963715,3.0179998874664307,3018
747.8388,802.6374,799.011,739.3773,1758146963.715,1758146963715,3.0179998874664307,3018
889.2674,995.64105,805.05493,845.7509,1758146963.716,1758146963716,3.0190000534057617,3019
892.0879,861.8681,816.337,877.5824,1758146963.716,1758146963716,3.0190000534057617,3019
751.06226,646.30035,815.12823,775.2381,1758146963.762,1758146963762,3.065000057220459,3065
717.2161,757.1062,809.0842,726.08057,1758146963.762,1758146963762,3.065000057220459,3065
846.9597,903.36993,809.4872,815.9341,1758146963.762,1758146963762,3.065000057220459,3065
915.8608,908.60803,813.5165,882.8205,1758146963.763,1758146963763,3.065999984741211,3066
788.93774,761.9414,814.3223,803.0403,1758146963.763,1758146963763,3.065999984741211,3066
705.5311,787.326,812.71063,728.49817,1758146963.763,1758146963763,3.065999984741211,3066
807.8755,848.5714,810.696,792.1612,1758146963.764,1758146963764,3.066999912261963,3067
909.41394,865.89746,809.4872,879.59705,1758146963.764,1758146963764,3.066999912261963,3067
819.15753,780.4762,810.293,830.0366,1758146963.764,1758146963764,3.066999912261963,3067
697.8755,635.42126,805.05493,729.304,1758146963.765,1758146963765,3.068000078201294,3068
767.1795,817.5458,803.0403,756.30035,1758146963.765,1758146963765,3.068000078201294,3068
902.96704,938.022,810.696,863.0769,1758146963.765,1758146963765,3.068000078201294,3068
863.47986,800.6227,815.9341,859.85345,1758146963.804,1758146963804,3.1069998741149902,3107
725.6777,701.50183,807.8755,754.68866,1758146963.805,1758146963805,3.1080000400543213,3108
733.73627,844.94507,798.60803,732.1245,1758146963.805,1758146963805,3.1080000400543213,3108
864.2857,901.75824,800.2198,827.2161,1758146963.805,1758146963805,3.1080000400543213,3108
884.43225,840.10986,805.05493,867.50916,1758146963.806,1758146963806,3.1089999675750732,3109
751.4652,786.1172,804.65204,775.2381,1758146963.806,1758146963806,3.1089999675750732,3109
703.5165,732.52747,799.81683,720.0366,1758146963.806,1758146963806,3.1089999675750732,3109
827.619,802.6374,801.8315,802.6374,1758146963.807,1758146963807,3.109999895095825,3110
900.54944,871.9414,805.4579,873.1502,1758146963.807,1758146963807,3.109999895095825,3110
780.4762,768.7912,805.8608,797.3993,1758146963.807,1758146963807,3.109999895095825,3110
684.17584,717.619,802.6374,715.2015,1758146963.809,1758146963809,3.111999988555908,3112
781.685,855.0183,804.65204,774.43225,1758146963.809,1758146963809,3.111999988555908,3112
894.10254,906.1905,810.293,868.315,1758146963.848,1758146963848,3.1510000228881836,3151
810.696,759.5238,810.293,828.4249,1758146963.849,1758146963849,3.1519999504089355,3152
690.2198,692.23444,804.2491,726.4835,1758146963.849,1758146963849,3.1519999504089355,3152
743.00366,774.83514,801.02563,743.00366,1758146963.849,1758146963849,3.1519999504089355,3152
879.19415,967.8388,806.6667,845.34796,1758146963.85,1758146963850,3.1529998779296875,3153
857.8388,890.4762,807.47253,853.00366,1758146963.85,1758146963850,3.1529998779296875,3153
722.0513,699.89014,803.44324,751.4652,1758146963.85,1758146963850,3.1529998779296875,3153
718.8278,771.6117,803.0403,728.0952,1758146963.851,1758146963851,3.1540000438690186,3154
850.989,868.71796,802.23444,827.2161,1758146963.851,1758146963851,3.1540000438690186,3154
889.67035,815.12823,806.6667,876.3736,1758146963.852,1758146963852,3.1549999713897705,3155
756.30035,674.5055,805.4579,784.90845,1758146963.852,1758146963852,3.1549999713897705,3155
695.05493,724.0659,801.4286,726.4835,1758146963.852,1758146963852,3.1549999713897705,3155
820.7692,915.4579,803.8461,813.5165,1758146963.888,1758146963888,3.190999984741211,3191
914.65204,923.1135,809.0842,898.1319,1758146963.889,1758146963889,3.191999912261963,3192
789.34064,695.8608,809.0842,821.978,1758146963.889,1758146963889,3.191999912261963,3192
666.8498,626.9597,800.2198,715.6044,1758146963.89,1758146963890,3.193000078201294,3193
765.16486,877.5824,802.23444,767.98535,1758146963.89,1758146963890,3.193000078201294,3193
900.54944,1022.23444,809.89014,878.3883,1758146963.89,1758146963890,3.193000078201294,3193
826.4103,764.35895,807.47253,840.9158,1758146963.891,1758146963891,3.194000005722046,3194
685.38464,575.78754,800.2198,728.0952,1758146963.891,1758146963891,3.194000005722046,3194
724.4689,772.8205,798.20514,735.7509,1758146963.891,1758146963891,3.194000005722046,3194
876.3736,981.13556,807.8755,852.6007,1758146963.892,1758146963892,3.194999933242798,3195
869.5238,800.6227,811.0989,873.95605,1758146963.892,1758146963892,3.194999933242798,3195
715.2015,608.022,801.02563,757.50916,1758146963.892,1758146963892,3.194999933242798,3195
697.47253,759.5238,795.38464,718.4249,1758146963.955,1758146963955,3.257999897003174,3258
837.6923,923.5165,796.1905,820.3663,1758146963.955,1758146963955,3.257999897003174,3258
893.69965,890.87915,801.02563,883.6264,1758146963.956,1758146963956,3.259000062942505,3259
755.89746,680.9524,799.011,788.93774,1758146963.956,1758146963956,3.259000062942505,3259
677.72894,719.2308,794.9817,711.978,1758146963.956,1758146963956,3.259000062942505,3259
809.0842,979.12085,798.20514,798.20514,1758146963.957,1758146963957,3.259999990463257,3260
907.8022,913.44324,803.44324,887.25275,1758146963.957,1758146963957,3.259999990463257,3260
792.1612,675.31134,801.8315,810.293,1758146963.957,1758146963957,3.259999990463257,3260
684.17584,672.8938,797.3993,712.381,1758146963.958,1758146963958,3.260999917984009,3261
767.98535,817.9487,796.5934,760.32965,1758146963.958,1758146963958,3.260999917984009,3261
904.17584,931.978,801.4286,871.9414,1758146963.958,1758146963958,3.260999917984009,3261
848.1685,742.1978,801.02563,850.18317,1758146963.959,1758146963959,3.26200008392334,3262
706.337,704.3223,795.78754,738.1685,1758146963.979,1758146963979,3.2820000648498535,3282
733.3333,833.663,795.38464,735.7509,1758146963.98,1758146963980,3.2829999923706055,3283
876.3736,911.02563,803.0403,847.3626,1758146963.981,1758146963981,3.2839999198913574,3284
886.4469,842.52747,809.4872,878.3883,1758146963.981,1758146963981,3.2839999198913574,3284
740.18317,687.8022,805.8608,767.1795,1758146963.981,1758146963981,3.2839999198913574,3284
703.91943,814.7253,799.41394,713.9927,1758146963.982,1758146963982,3.2850000858306885,3285
846.1539,926.337,799.81683,811.0989,1758146963.982,1758146963982,3.2850000858306885,3285
919.4872,830.0366,803.44324,885.2381,1758146963.983,1758146963983,3.2860000133514404,3286
788.93774,687.8022,799.011,794.9817,1758146963.983,1758146963983,3.2860000133514404,3286
689.41394,690.2198,790.54944,708.7546,1758146963.984,1758146963984,3.2869999408721924,3287
792.5641,864.2857,796.5934,791.75824,1758146963.984,1758146963984,3.2869999408721924,3287
901.75824,924.3223,806.6667,898.5348,1758146963.984,1758146963984,3.2869999408721924,3287
795.78754,747.4359,803.0403,844.5421,1758146964.063,1758146964063,3.365999937057495,3366
661.2088,664.43225,799.41394,734.94507,1758146964.064,1758146964064,3.366999864578247,3367
739.3773,838.0952,801.02563,768.3883,1758146964.065,1758146964065,3.368000030517578,3368
892.0879,996.8498,807.0696,883.6264,1758146964.065,1758146964065,3.368000030517578,3368
847.3626,859.45056,809.4872,867.9121,1758146964.066,1758146964066,3.36899995803833,3369
699.89014,676.9231,802.23444,749.85345,1758146964.066,1758146964066,3.36899995803833,3369
707.5458,736.55676,796.99634,730.5128,1758146964.067,1758146964067,3.369999885559082,3370
853.8095,863.0769,802.6374,838.0952,1758146964.067,1758146964067,3.369999885559082,3370
889.2674,880.0,810.293,888.0586,1758146964.067,1758146964067,3.369999885559082,3370
741.39197,644.2857,801.8315,782.0879,1758146964.068,1758146964068,3.371000051498413,3371
681.75824,693.0403,792.5641,715.6044,1758146964.068,1758146964068,3.371000051498413,3371
812.71063,895.7143,794.57874,806.26373,1758146964.068,1758146964068,3.371000051498413,3371
906.99634,933.9927,806.26373,892.49084,1758146964.104,1758146964104,3.4070000648498535,3407
788.5348,744.21246,809.89014,811.9048,1758146964.105,1758146964105,3.4079999923706055,3408
676.9231,672.8938,803.0403,714.3956,1758146964.105,1758146964105,3.4079999923706055,3408
778.0586,863.0769,803.44324,778.0586,1758146964.106,1758146964106,3.4089999198913574,3409
904.9817,968.6447,809.0842,885.2381,1758146964.106,1758146964106,3.4089999198913574,3409
823.5897,819.9634,809.0842,841.31866,1758146964.106,1758146964106,3.4089999198913574,3409
689.41394,650.32965,800.6227,730.9158,1758146964.107,1758146964107,3.4100000858306885,3410
749.0476,802.6374,799.41394,752.674,1758146964.107,1758146964107,3.4100000858306885,3410
887.6557,913.0403,806.6667,865.09155,1758146964.107,1758146964107,3.4100000858306885,3410
858.6447,743.8095,807.47253,864.68866,1758146964.108,1758146964108,3.4110000133514404,3411
717.2161,670.07324,803.0403,749.85345,1758146964.108,1758146964108,3.4110000133514404,3411
708.3516,765.9707,799.41394,718.8278,1758146964.108,1758146964108,3.4110000133514404,3411
849.7802,917.0696,801.8315,824.7985,1758146964.149,1758146964149,3.4519999027252197,3452
898.5348,893.2967,807.0696,885.64105,1758146964.15,1758146964150,3.453000068664551,3453
759.5238,692.6374,804.65204,787.326,1758146964.151,1758146964151,3.4539999961853027,3454
682.5641,657.98535,798.20514,712.7839,1758146964.151,1758146964151,3.4539999961853027,3454
805.4579,935.2015,800.6227,801.8315,1758146964.153,1758146964153,3.4560000896453857,3456
909.011,1031.9048,806.6667,894.90845,1758146964.153,1758146964153,3.4560000896453857,3456
787.72894,743.8095,804.65204,819.15753,1758146964.153,1758146964153,3.4560000896453857,3456
666.04395,657.1795,797.3993,719.6337,1758146964.154,1758146964154,3.4570000171661377,3457
761.53845,863.8828,795.38464,770.80585,1758146964.154,1758146964154,3.4570000171661377,3457
895.7143,874.7619,798.20514,877.5824,1758146964.154,1758146964154,3.4570000171661377,3457
830.4396,775.64105,803.8461,850.58606,1758146964.155,1758146964155,3.4579999446868896,3458
692.6374,706.7399,800.6227,737.76556,1758146964.155,1758146964155,3.4579999446868896,3458
728.49817,767.5824,794.57874,735.7509,1758146964.189,1758146964189,3.491999864578247,3492
876.3736,954.5421,801.02563,845.34796,1758146964.19,1758146964190,3.493000030517578,3493
873.5531,863.0769,802.23444,866.30035,1758146964.19,1758146964190,3.493000030517578,3493
724.0659,624.5421,793.7729,755.89746,1758146964.19,1758146964190,3.493000030517578,3493
697.47253,762.74725,791.3553,714.7985,1758146964.191,1758146964191,3.49399995803833,3494
840.10986,999.2674,798.20514,819.9634,1758146964.191,1758146964191,3.49399995803833,3494
900.9524,898.93774,802.6374,883.22345,1758146964.191,1758146964191,3.49399995803833,3494
759.92676,631.39197,796.99634,782.8938,1758146964.192,1758146964192,3.494999885559082,3495
674.90845,658.3883,791.75824,700.696,1758146964.192,1758146964192,3.494999885559082,3495
796.5934,905.78754,797.3993,780.4762,1758146964.192,1758146964192,3.494999885559082,3495
908.60803,901.3553,802.6374,879.59705,1758146964.193,1758146964193,3.496000051498413,3496
801.02563,689.41394,800.2198,813.1135,1758146964.193,1758146964193,3.496000051498413,3496
678.93774,688.60803,796.5934,711.1722,1758146964.234,1758146964234,3.5369999408721924,3537
761.53845,865.4945,796.99634,755.4945,1758146964.234,1758146964234,3.5369999408721924,3537
900.9524,966.2271,800.6227,862.674,1758146964.235,1758146964235,3.5379998683929443,3538
846.9597,722.8571,800.2198,843.3333,1758146964.235,1758146964235,3.5379998683929443,3538
704.3223,608.4249,794.17584,731.7216,1758146964.236,1758146964236,3.5390000343322754,3539
730.10986,857.4359,789.34064,725.6777,1758146964.236,1758146964236,3.5390000343322754,3539
879.59705,992.01465,794.17584,840.5128,1758146964.237,1758146964237,3.5399999618530273,3540
896.9231,859.0476,800.6227,876.3736,1758146964.238,1758146964238,3.5409998893737793,3541
749.85345,673.2967,797.3993,771.6117,1758146964.238,1758146964238,3.5409998893737793,3541
705.9341,669.2674,794.17584,720.0366,1758146964.238,1758146964238,3.5409998893737793,3541
847.3626,912.23444,799.011,816.7399,1758146964.239,1758146964239,3.5420000553131104,3542
923.91943,892.0879,803.0403,894.10254,1758146964.239,1758146964239,3.5420000553131104,3542
784.5055,690.2198,801.02563,799.41394,1758146964.266,1758146964266,3.569000005722046,3569
689.81683,708.7546,797.3993,709.9634,1758146964.266,1758146964266,3.569000005722046,3569
801.4286,882.8205,795.38464,777.6557,1758146964.267,1758146964267,3.569999933242798,3570
919.0842,932.381,802.6374,879.59705,1758146964.268,1758146964268,3.57099986076355,3571
824.3956,772.8205,807.47253,834.0659,1758146964.268,1758146964268,3.57099986076355,3571
692.23444,733.3333,800.6227,724.0659,1758146964.268,1758146964268,3.57099986076355,3571
758.315,872.74725,798.20514,749.85345,1758146964.269,1758146964269,3.572000026702881,3572
901.75824,924.7253,805.4579,866.7033,1758146964.269,1758146964269,3.572000026702881,3572
865.09155,724.0659,810.696,865.09155,1758146964.27,1758146964270,3.572999954223633,3573
718.4249,650.32965,805.05493,749.0476,1758146964.27,1758146964270,3.572999954223633,3573
723.2601,749.85345,799.81683,726.8865,1758146964.271,1758146964271,3.5739998817443848,3574
860.2564,886.4469,802.6374,831.6484,1758146964.271,1758146964271,3.5739998817443848,3574
888.86444,893.69965,808.2784,880.80585,1758146964.336,1758146964336,3.6389999389648438,3639
741.79486,699.4872,804.65204,778.46155,1758146964.337,1758146964337,3.6399998664855957,3640
678.93774,698.2784,801.02563,711.978,1758146964.338,1758146964338,3.6410000324249268,3641
809.4872,871.9414,803.8461,802.6374,1758146964.338,1758146964338,3.6410000324249268,3641
898.93774,942.0513,808.2784,885.64105,1758146964.338,1758146964338,3.6410000324249268,3641
775.2381,788.5348,807.0696,807.0696,1758146964.338,1758146964338,3.6410000324249268,3641
665.64105,642.27106,799.81683,711.1722,1758146964.339,1758146964339,3.6419999599456787,3642
767.1795,799.011,801.8315,772.4176,1758146964.339,1758146964339,3.6419999599456787,3642
898.5348,1002.49084,811.9048,884.43225,1758146964.341,1758146964341,3.6440000534057617,3644
814.7253,764.7619,813.91943,845.7509,1758146964.341,1758146964341,3.6440000534057617,3644
675.7143,565.31134,804.65204,734.5421,1758146964.342,1758146964342,3.6449999809265137,3645
731.31866,774.83514,801.4286,746.2271,1758146964.342,1758146964342,3.6449999809265137,3645
880.80585,983.95605,808.68134,859.0476,1758146964.364,1758146964364,3.6670000553131104,3667
866.7033,836.4835,810.696,873.95605,1758146964.364,1758146964364,3.6670000553131104,3667
717.619,649.92676,803.8461,758.315,1758146964.365,1758146964365,3.6679999828338623,3668
707.9487,767.5824,800.6227,727.28937,1758146964.365,1758146964365,3.6679999828338623,3668
858.6447,948.9011,806.6667,831.2454,1758146964.365,1758146964365,3.6679999828338623,3668
911.4286,953.3333,815.12823,889.2674,1758146964.366,1758146964366,3.6689999103546143,3669
770.40295,703.1135,809.0842,789.34064,1758146964.366,1758146964366,3.6689999103546143,3669
691.4286,628.5714,798.60803,707.9487,1758146964.367,1758146964367,3.6700000762939453,3670
821.1722,872.74725,801.4286,792.96704,1758146964.367,1758146964367,3.6700000762939453,3670
927.1429,942.8571,809.0842,888.46155,1758146964.367,1758146964367,3.6700000762939453,3670
807.0696,747.4359,804.65204,814.7253,1758146964.368,1758146964368,3.6710000038146973,3671
687.8022,647.9121,799.41394,715.6044,1758146964.368,1758146964368,3.6710000038146973,3671
780.87915,882.4176,805.05493,768.7912,1758146964.435,1758146964435,3.73799991607666,3738
912.6374,962.1978,809.0842,874.35895,1758146964.436,1758146964436,3.739000082015991,3739
840.5128,720.84247,807.47253,843.3333,1758146964.436,1758146964436,3.739000082015991,3739
699.89014,642.674,802.6374,732.9304,1758146964.437,1758146964437,3.740000009536743,3740
733.73627,840.5128,799.011,742.1978,1758146964.437,1758146964437,3.740000009536743,3740
881.2088,1017.3993,805.05493,855.82416,1758146964.437,1758146964437,3.740000009536743,3740
881.2088,857.4359,812.71063,882.01465,1758146964.438,1758146964438,3.740999937057495,3741
729.304,626.9597,806.6667,770.80585,1758146964.438,1758146964438,3.740999937057495,3741
701.50183,736.9597,803.0403,722.4542,1758146964.438,1758146964438,3.740999937057495,3741
840.5128,892.8938,809.89014,825.2015,1758146964.439,1758146964439,3.741999864578247,3742
905.78754,847.76556,813.1135,894.90845,1758146964.44,1758146964440,3.743000030517578,3743
774.0293,712.381,806.26373,802.23444,1758146964.441,1758146964441,3.74399995803833,3744
686.5934,715.2015,798.60803,718.8278,1758146964.476,1758146964476,3.7790000438690186,3779
811.50183,871.53845,805.05493,796.99634,1758146964.477,1758146964477,3.7799999713897705,3780
930.7692,928.3516,813.5165,902.1612,1758146964.477,1758146964477,3.7799999713897705,3780
821.1722,704.3223,807.0696,837.6923,1758146964.477,1758146964477,3.7799999713897705,3780
694.2491,707.9487,801.02563,733.3333,1758146964.478,1758146964478,3.7809998989105225,3781
774.43225,894.90845,804.65204,774.83514,1758146964.478,1758146964478,3.7809998989105225,3781
912.23444,932.7839,809.89014,880.80585,1758146964.478,1758146964478,3.7809998989105225,3781
865.09155,731.31866,811.50183,863.8828,1758146964.479,1758146964479,3.7820000648498535,3782
716.8132,609.2308,801.8315,747.03296,1758146964.479,1758146964479,3.7820000648498535,3782
731.31866,784.5055,797.8022,736.1539,1758146964.479,1758146964479,3.7820000648498535,3782
878.7912,948.0952,807.8755,847.3626,1758146964.48,1758146964480,3.7829999923706055,3783
898.1319,865.89746,812.71063,886.04395,1758146964.48,1758146964480,3.7829999923706055,3783
749.45056,705.12823,804.65204,776.04395,1758146964.506,1758146964506,3.809000015258789,3809
696.26373,744.61536,796.99634,713.9927,1758146964.506,1758146964506,3.809000015258789,3809
830.84247,895.31134,800.2198,808.68134,1758146964.507,1758146964507,3.809999942779541,3810
912.6374,875.16486,805.8608,890.07324,1758146964.507,1758146964507,3.809999942779541,3810
782.0879,737.76556,804.2491,805.05493,1758146964.507,1758146964507,3.809999942779541,3810
681.75824,757.9121,799.81683,714.3956,1758146964.508,1758146964508,3.810999870300293,3811
786.1172,868.71796,799.011,779.67035,1758146964.508,1758146964508,3.810999870300293,3811
909.81683,904.57874,804.2491,880.80585,1758146964.508,1758146964508,3.810999870300293,3811
817.5458,727.28937,805.05493,831.2454,1758146964.509,1758146964509,3.812000036239624,3812
677.72894,608.022,798.60803,719.2308,1758146964.509,1758146964509,3.812000036239624,3812
745.82416,793.36993,796.5934,742.6007,1758146964.509,1758146964509,3.812000036239624,3812
891.28204,917.0696,801.8315,858.24176,1758146964.51,1758146964510,3.812999963760376,3813
861.8681,819.15753,807.47253,865.89746,1758146964.54,1758146964540,3.8429999351501465,3843
719.6337,705.5311,801.4286,755.09155,1758146964.541,1758146964541,3.8439998626708984,3844
719.6337,772.01465,796.99634,729.707,1758146964.541,1758146964541,3.8439998626708984,3844
865.89746,906.99634,804.65204,837.6923,1758146964.541,1758146964541,3.8439998626708984,3844
907.8022,891.685,809.4872,886.4469,1758146964.542,1758146964542,3.8450000286102295,3845
762.74725,757.1062,804.65204,779.67035,1758146964.542,1758146964542,3.8450000286102295,3845
695.05493,729.707,796.99634,707.5458,1758146964.543,1758146964543,3.8459999561309814,3846
824.3956,848.5714,799.81683,800.6227,1758146964.543,1758146964543,3.8459999561309814,3846
917.47253,869.12085,804.2491,888.0586,1758146964.543,1758146964543,3.8459999561309814,3846
797.8022,728.0952,804.2491,811.50183,1758146964.544,1758146964544,3.8469998836517334,3847
691.4286,682.1612,801.8315,717.2161,1758146964.544,1758146964544,3.8469998836517334,3847
790.54944,852.6007,803.0403,776.4469,1758146964.544,1758146964544,3.8469998836517334,3847
916.6667,930.7692,809.89014,881.2088,1758146964.608,1758146964608,3.9110000133514404,3911
833.2601,768.3883,808.2784,836.8865,1758146964.609,1758146964609,3.9119999408721924,3912
691.8315,653.95605,802.23444,721.6484,1758146964.609,1758146964609,3.9119999408721924,3912
741.79486,789.7436,803.0403,737.76556,1758146964.609,1758146964609,3.9119999408721924,3912
891.685,957.3626,808.2784,850.989,1758146964.61,1758146964610,3.9129998683929443,3913
882.8205,910.2198,809.89014,865.89746,1758146964.61,1758146964610,3.9129998683929443,3913
736.1539,697.0696,802.23444,759.5238,1758146964.61,1758146964610,3.9129998683929443,3913
711.5751,689.011,791.75824,717.619,1758146964.611,1758146964611,3.9140000343322754,3914
853.8095,919.0842,799.011,821.978,1758146964.611,1758146964611,3.9140000343322754,3914
908.20514,867.9121,807.0696,889.67035,1758146964.611,1758146964611,3.9140000343322754,3914
769.19415,698.2784,801.02563,789.34064,1758146964.612,1758146964612,3.9149999618530273,3915
692.23444,676.52014,794.57874,703.5165,1758146964.612,1758146964612,3.9149999618530273,3915
813.91943,881.6117,799.011,784.10254,1758146964.642,1758146964642,3.944999933242798,3945
922.3077,945.6777,805.8608,883.22345,1758146964.642,1758146964642,3.944999933242798,3945
809.89014,769.19415,803.0403,816.7399,1758146964.644,1758146964644,3.947000026702881,3947
687.3993,694.2491,796.99634,714.7985,1758146964.644,1758146964644,3.947000026702881,3947
770.40295,812.3077,797.3993,759.5238,1758146964.645,1758146964645,3.947999954223633,3948
910.6227,1002.8938,803.44324,876.77655,1758146964.645,1758146964645,3.947999954223633,3948
850.18317,821.978,804.65204,858.24176,1758146964.645,1758146964645,3.947999954223633,3948
697.0696,562.8938,799.41394,735.7509,1758146964.646,1758146964646,3.9489998817443848,3949
726.08057,762.74725,799.011,728.9011,1758146964.646,1758146964646,3.9489998817443848,3949
877.5824,949.707,802.23444,843.73627,1758146964.646,1758146964646,3.9489998817443848,3949
885.64105,855.0183,805.4579,872.3443,1758146964.647,1758146964647,3.950000047683716,3950
739.3773,671.28204,801.4286,761.13556,1758146964.647,1758146964647,3.950000047683716,3950
703.5165,730.10986,796.5934,713.5897,1758146964.707,1758146964707,4.009999990463257,4010
844.5421,904.17584,804.2491,816.337,1758146964.708,1758146964708,4.010999917984009,4011
917.0696,880.80585,811.50183,893.2967,1758146964.708,1758146964708,4.010999917984009,4011
778.46155,722.4542,804.2491,797.8022,1758146964.709,1758146964709,4.01200008392334,4012
685.78754,731.31866,799.81683,707.9487,1758146964.709,1758146964709,4.01200008392334,4012
802.6374,926.337,803.0403,786.1172,1758146964.709,1758146964709,4.01200008392334,4012
917.0696,946.4835,807.0696,888.86444,1758146964.71,1758146964710,4.013000011444092,4013
812.3077,719.2308,805.8608,826.0073,1758146964.71,1758146964710,4.013000011444092,4013
679.7436,649.92676,795.78754,715.6044,1758146964.71,1758146964710,4.013000011444092,4013
750.65936,777.25275,793.36993,748.24176,1758146964.711,1758146964711,4.013999938964844,4014
889.67035,893.2967,800.2198,861.06226,1758146964.711,1758146964711,4.013999938964844,4014
845.34796,786.1172,802.6374,854.21246,1758146964.711,1758146964711,4.013999938964844,4014
700.293,674.10254,798.20514,745.0183,1758146964.744,1758146964744,4.046999931335449,4047
715.6044,783.69965,797.3993,734.5421,1758146964.744,1758146964744,4.046999931335449,4047
866.30035,935.6044,803.44324,845.34796,1758146964.745,1758146964745,4.047999858856201,4048
889.67035,835.2747,806.6667,886.8498,1758146964.745,1758146964745,4.047999858856201,4048
741.79486,708.3516,803.8461,780.07324,1758146964.747,1758146964747,4.049999952316284,4050
691.4286,797.3993,798.60803,722.0513,1758146964.747,1758146964747,4.049999952316284,4050
830.0366,903.36993,801.8315,818.7546,1758146964.747,1758146964747,4.049999952316284,4050
911.02563,831.6484,805.05493,893.2967,1758146964.748,1758146964748,4.050999879837036,4051
778.46155,686.99634,801.02563,800.2198,1758146964.748,1758146964748,4.050999879837036,4051
674.10254,698.2784,794.9817,709.9634,1758146964.748,1758146964748,4.050999879837036,4051
779.2674,830.0366,794.9817,774.43225,1758146964.749,1758146964749,4.052000045776367,4052
911.02563,940.84247,803.0403,877.5824,1758146964.749,1758146964749,4.052000045776367,4052
823.1868,746.63007,803.0403,829.6337,1758146964.786,1758146964786,4.08899998664856,4089
686.1905,649.92676,797.3993,717.2161,1758146964.786,1758146964786,4.08899998664856,4089
751.4652,842.1245,800.2198,737.3626,1758146964.787,1758146964787,4.0899999141693115,4090
897.72894,917.0696,808.68134,850.989,1758146964.787,1758146964787,4.0899999141693115,4090
879.19415,842.9304,812.71063,861.4652,1758146964.787,1758146964787,4.0899999141693115,4090
724.4689,754.68866,805.8608,755.09155,1758146964.788,1758146964788,4.091000080108643,4091
703.91943,738.1685,802.23444,732.52747,1758146964.788,1758146964788,4.091000080108643,4091
840.5128,872.3443,807.8755,840.9158,1758146964.788,1758146964788,4.091000080108643,4091
883.6264,911.4286,813.5165,899.7436,1758146964.789,1758146964789,4.0920000076293945,4092
740.18317,645.89746,810.293,796.99634,1758146964.789,1758146964789,4.0920000076293945,4092
670.87915,641.4652,803.0403,718.022,1758146964.789,1758146964789,4.0920000076293945,4092
811.0989,903.7729,806.26373,803.44324,1758146964.79,1758146964790,4.0929999351501465,4093
921.50183,991.2088,813.91943,896.9231,1758146964.834,1758146964834,4.13700008392334,4137
802.6374,753.47986,806.6667,813.1135,1758146964.835,1758146964835,4.138000011444092,4138
690.2198,660.0,800.6227,713.9927,1758146964.835,1758146964835,4.138000011444092,4138
788.5348,842.9304,804.2491,774.0293,1758146964.835,1758146964835,4.138000011444092,4138
915.05493,973.47986,806.26373,877.5824,1758146964.836,1758146964836,4.138999938964844,4139
838.9011,848.1685,805.8608,842.52747,1758146964.836,1758146964836,4.138999938964844,4139
705.12823,686.1905,801.02563,734.94507,1758146964.838,1758146964838,4.141000032424927,4141
748.24176,757.1062,799.011,742.6007,1758146964.838,1758146964838,4.141000032424927,4141
888.46155,899.7436,802.23444,852.6007,1758146964.838,1758146964838,4.141000032424927,4141
880.0,837.6923,801.4286,870.32965,1758146964.839,1758146964839,4.141999959945679,4142
734.5421,690.6227,795.38464,755.89746,1758146964.839,1758146964839,4.141999959945679,4142
711.1722,742.1978,793.7729,716.0073,1758146964.839,1758146964839,4.141999959945679,4142
850.58606,917.0696,801.8315,822.381,1758146964.876,1758146964876,4.178999900817871,4179
911.4286,904.9817,808.2784,886.8498,1758146964.877,1758146964877,4.180000066757202,4180
774.43225,707.9487,805.4579,786.1172,1758146964.877,1758146964877,4.180000066757202,4180
692.6374,686.5934,804.65204,712.381,1758146964.877,1758146964877,4.180000066757202,4180
813.91943,925.5311,808.2784,801.02563,1758146964.878,1758146964878,4.180999994277954,4181
926.7399,970.65936,812.71063,900.54944,1758146964.878,1758146964878,4.180999994277954,4181
814.7253,693.8461,808.68134,823.1868,1758146964.878,1758146964878,4.180999994277954,4181
681.3553,661.6117,800.6227,713.9927,1758146964.879,1758146964879,4.181999921798706,4182
764.35895,857.03296,802.6374,763.5531,1758146964.879,1758146964879,4.181999921798706,4182
905.38464,897.72894,810.293,871.13556,1758146964.879,1758146964879,4.181999921798706,4182
854.21246,774.83514,813.91943,851.39197,1758146964.88,1758146964880,4.183000087738037,4183
714.7985,626.1539,806.6667,742.6007,1758146964.88,1758146964880,4.183000087738037,4183
741.79486,793.7729,806.26373,737.76556,1758146964.928,1758146964928,4.230999946594238,4231
885.64105,967.4359,814.7253,848.5714,1758146964.928,1758146964928,4.230999946594238,4231
898.1319,886.04395,818.3516,880.40295,1758146964.929,1758146964929,4.23199987411499,4232
761.53845,689.41394,811.9048,778.0586,1758146964.929,1758146964929,4.23199987411499,4232
715.6044,730.5128,805.05493,728.49817,1758146964.929,1758146964929,4.23199987411499,4232
845.7509,968.24176,808.68134,819.9634,1758146964.93,1758146964930,4.233000040054321,4233
924.7253,939.2308,814.7253,892.8938,1758146964.93,1758146964930,4.233000040054321,4233
797.8022,662.8205,813.1135,809.89014,1758146964.93,1758146964930,4.233000040054321,4233
697.0696,608.8278,805.8608,723.2601,1758146964.932,1758146964932,4.234999895095825,4235
799.011,883.22345,804.65204,788.1319,1758146964.932,1758146964932,4.234999895095825,4235
915.4579,963.4066,811.9048,888.0586,1758146964.933,1758146964933,4.236000061035156,4236
825.6044,738.5714,808.2784,837.6923,1758146964.933,1758146964933,4.236000061035156,4236
701.0989,675.31134,800.6227,732.1245,1758146964.964,1758146964964,4.266999959945679,4267
755.89746,821.1722,797.8022,752.674,1758146964.965,1758146964965,4.267999887466431,4268
879.19415,933.1868,801.4286,854.21246,1758146964.965,1758146964965,4.267999887466431,4268
851.79486,828.8278,807.0696,859.85345,1758146964.965,1758146964965,4.267999887466431,4268
720.84247,676.52014,805.8608,758.71796,1758146964.966,1758146964966,4.269000053405762,4269
727.6923,796.5934,802.6374,733.73627,1758146964.966,1758146964966,4.269000053405762,4269
864.2857,943.663,805.05493,831.6484,1758146964.966,1758146964966,4.269000053405762,4269
894.10254,847.76556,807.8755,876.77655,1758146964.967,1758146964967,4.269999980926514,4270
765.56775,723.2601,799.011,783.2967,1758146964.967,1758146964967,4.269999980926514,4270
707.1429,672.0879,793.7729,716.0073,1758146964.968,1758146964968,4.270999908447266,4271
816.7399,882.8205,801.02563,786.9231,1758146964.968,1758146964968,4.270999908447266,4271
900.54944,945.2747,805.4579,867.1062,1758146964.968,1758146964968,4.270999908447266,4271
797.8022,720.0366,804.65204,807.47253,1758146965.034,1758146965034,4.336999893188477,4337
703.1135,739.7802,802.23444,727.28937,1758146965.035,1758146965035,4.338000059127808,4338
783.2967,871.13556,797.8022,771.6117,1758146965.035,1758146965035,4.338000059127808,4338
891.685,888.46155,801.02563,863.47986,1758146965.035,1758146965035,4.338000059127808,4338
828.022,799.81683,802.23444,836.08057,1758146965.036,1758146965036,4.33899998664856,4339
709.5604,780.87915,799.011,743.00366,1758146965.036,1758146965036,4.33899998664856,4339
744.61536,810.293,799.41394,750.65936,1758146965.036,1758146965036,4.33899998664856,4339
861.06226,810.293,799.41394,841.31866,1758146965.037,1758146965037,4.3399999141693115,4340
853.8095,820.7692,802.6374,857.03296,1758146965.037,1758146965037,4.3399999141693115,4340
728.0952,724.87177,803.44324,766.77655,1758146965.037,1758146965037,4.3399999141693115,4340
708.3516,713.9927,800.6227,735.34796,1758146965.039,1758146965039,4.3420000076293945,4342
836.4835,885.2381,804.65204,822.7839,1758146965.04,1758146965040,4.3429999351501465,4343
887.6557,905.38464,808.2784,876.3736,1758146965.077,1758146965077,4.379999876022339,4380
771.6117,734.94507,804.2491,801.02563,1758146965.077,1758146965077,4.379999876022339,4380
706.7399,713.1868,803.8461,736.9597,1758146965.078,1758146965078,4.38100004196167,4381
798.20514,826.0073,803.44324,792.1612,1758146965.078,1758146965078,4.38100004196167,4381
886.4469,915.4579,805.4579,870.7326,1758146965.078,1758146965078,4.38100004196167,4381
805.05493,843.3333,809.0842,823.9927,1758146965.079,1758146965079,4.381999969482422,4382
702.3077,671.28204,803.0403,736.55676,1758146965.079,1758146965079,4.381999969482422,4382
764.35895,728.9011,796.99634,761.53845,1758146965.079,1758146965079,4.381999969482422,4382
879.59705,962.1978,805.4579,853.4066,1758146965.08,1758146965080,4.382999897003174,4383
837.6923,796.5934,809.0842,849.3773,1758146965.08,1758146965080,4.382999897003174,4383
719.6337,680.54944,800.6227,758.71796,1758146965.08,1758146965080,4.382999897003174,4383
737.76556,770.80585,799.011,747.8388,1758146965.081,1758146965081,4.384000062942505,4384
857.8388,893.2967,804.2491,834.0659,1758146965.105,1758146965105,4.4079999923706055,4408
869.5238,849.3773,809.89014,867.9121,1758146965.106,1758146965106,4.408999919891357,4409
749.45056,706.337,808.68134,782.8938,1758146965.106,1758146965106,4.408999919891357,4409
707.1429,712.381,802.23444,734.94507,1758146965.107,1758146965107,4.4100000858306885,4410
811.9048,906.99634,802.6374,809.0842,1758146965.107,1758146965107,4.4100000858306885,4410
884.43225,967.8388,809.0842,875.16486,1758146965.108,1758146965108,4.41100001335144,4411
789.34064,770.80585,809.0842,806.6667,1758146965.108,1758146965108,4.41100001335144,4411
708.7546,636.63007,800.6227,727.28937,1758146965.108,1758146965108,4.41100001335144,4411
795.78754,761.53845,799.81683,777.25275,1758146965.109,1758146965109,4.411999940872192,4412
893.69965,913.44324,805.4579,859.45056,1758146965.109,1758146965109,4.411999940872192,4412
822.7839,805.4579,806.6667,826.4103,1758146965.109,1758146965109,4.411999940872192,4412
720.0366,686.5934,803.0403,744.21246,1758146965.11,1758146965110,4.412999868392944,4413
762.74725,796.5934,801.02563,756.7033,1758146965.17,1758146965170,4.4730000495910645,4473
870.7326,912.6374,803.44324,840.5128,1758146965.171,1758146965171,4.473999977111816,4474
849.7802,837.6923,807.8755,845.34796,1758146965.171,1758146965171,4.473999977111816,4474
733.3333,683.36993,807.8755,759.92676,1758146965.172,1758146965172,4.474999904632568,4475
732.9304,764.35895,804.65204,742.6007,1758146965.172,1758146965172,4.474999904632568,4475
850.58606,942.8571,805.8608,827.2161,1758146965.173,1758146965173,4.476000070571899,4476
873.5531,853.4066,809.0842,861.4652,1758146965.173,1758146965173,4.476000070571899,4476
758.315,712.7839,805.4579,782.8938,1758146965.173,1758146965173,4.476000070571899,4476
714.7985,735.7509,797.8022,732.52747,1758146965.174,1758146965174,4.476999998092651,4477
815.9341,785.31134,797.3993,796.5934,1758146965.174,1758146965174,4.476999998092651,4477
893.2967,842.52747,800.2198,867.50916,1758146965.174,1758146965174,4.476999998092651,4477
811.50183,775.64105,803.44324,816.7399,1758146965.175,1758146965175,4.477999925613403,4478
729.304,709.9634,802.6374,746.2271,1758146965.21,1758146965210,4.513000011444092,4513
798.60803,826.4103,801.8315,785.7143,1758146965.21,1758146965210,4.513000011444092,4513
893.69965,917.47253,805.4579,863.47986,1758146965.211,1758146965211,4.513999938964844,4514
830.84247,770.80585,806.6667,834.0659,1758146965.211,1758146965211,4.513999938964844,4514
718.4249,716.4103,800.2198,746.63007,1758146965.211,1758146965211,4.513999938964844,4514
755.4945,875.56775,799.41394,758.71796,1758146965.212,1758146965212,4.514999866485596,4515
869.5238,908.20514,801.8315,845.7509,1758146965.212,1758146965212,4.514999866485596,4515
855.42126,796.99634,804.2491,855.0183,1758146965.212,1758146965212,4.514999866485596,4515
738.5714,695.4579,802.23444,766.3736,1758146965.213,1758146965213,4.516000032424927,4516
724.87177,718.022,795.38464,734.1392,1758146965.213,1758146965213,4.516000032424927,4516
836.8865,872.74725,796.5934,815.12823,1758146965.213,1758146965213,4.516000032424927,4516
880.40295,884.43225,803.0403,864.68866,1758146965.214,1758146965214,4.516999959945679,4517
772.4176,785.31134,802.6374,789.7436,1758146965.251,1758146965251,4.553999900817871,4554
707.9487,739.3773,799.81683,727.28937,1758146965.252,1758146965252,4.555000066757202,4555
801.4286,828.4249,803.8461,786.52014,1758146965.253,1758146965253,4.555999994277954,4556
884.43225,924.7253,807.0696,864.68866,1758146965.254,1758146965254,4.556999921798706,4557
798.60803,792.96704,807.47253,815.9341,1758146965.254,1758146965254,4.556999921798706,4557
705.12823,755.89746,804.65204,736.1539,1758146965.254,1758146965254,4.556999921798706,4557
775.64105,824.3956,801.8315,771.6117,1758146965.255,1758146965255,4.558000087738037,4558
887.6557,886.04395,806.26373,855.42126,1758146965.255,1758146965255,4.558000087738037,4558
832.8571,803.8461,804.2491,830.4396,1758146965.255,1758146965255,4.558000087738037,4558
715.6044,649.5238,800.6227,742.6007,1758146965.256,1758146965256,4.559000015258789,4559
747.03296,755.89746,800.2198,745.0183,1758146965.256,1758146965256,4.559000015258789,4559
869.92676,888.0586,804.65204,836.08057,1758146965.256,1758146965256,4.559000015258789,4559
869.12085,857.4359,809.89014,859.45056,1758146965.324,1758146965324,4.626999855041504,4627
745.82416,726.8865,805.05493,767.98535,1758146965.325,1758146965325,4.628000020980835,4628
722.0513,704.3223,798.60803,729.707,1758146965.325,1758146965325,4.628000020980835,4628
842.9304,911.02563,803.0403,815.12823,1758146965.326,1758146965326,4.628999948501587,4629
896.52014,967.4359,813.5165,876.3736,1758146965.326,1758146965326,4.628999948501587,4629
778.86444,745.82416,808.2784,797.8022,1758146965.327,1758146965327,4.629999876022339,4630
703.1135,693.44324,801.8315,726.4835,1758146965.327,1758146965327,4.629999876022339,4630
802.23444,798.20514,801.8315,790.54944,1758146965.327,1758146965327,4.629999876022339,4630
895.31134,885.64105,807.8755,875.16486,1758146965.328,1758146965328,4.63100004196167,4631
803.0403,786.9231,809.4872,821.978,1758146965.328,1758146965328,4.63100004196167,4631
699.89014,694.2491,804.2491,732.1245,1758146965.328,1758146965328,4.63100004196167,4631
770.40295,803.44324,801.4286,766.77655,1758146965.329,1758146965329,4.631999969482422,4632
892.49084,923.91943,803.8461,859.0476,1758146965.368,1758146965368,4.671000003814697,4671
843.73627,820.7692,804.2491,844.94507,1758146965.368,1758146965368,4.671000003814697,4671
709.15753,680.14655,794.9817,740.989,1758146965.369,1758146965369,4.671999931335449,4672
728.0952,759.5238,793.7729,734.1392,1758146965.369,1758146965369,4.671999931335449,4672
861.4652,961.39197,805.4579,838.0952,1758146965.371,1758146965371,4.674000024795532,4674
868.71796,940.0366,809.0842,865.4945,1758146965.371,1758146965371,4.674000024795532,4674
730.10986,675.7143,801.4286,765.56775,1758146965.371,1758146965371,4.674000024795532,4674
695.05493,689.41394,796.99634,718.022,1758146965.372,1758146965372,4.674999952316284,4675
823.5897,907.8022,801.02563,806.6667,1758146965.372,1758146965372,4.674999952316284,4675
891.28204,840.10986,803.0403,875.9707,1758146965.372,1758146965372,4.674999952316284,4675
769.59705,691.4286,798.60803,797.8022,1758146965.373,1758146965373,4.675999879837036,4676
684.57874,702.71063,795.38464,720.0366,1758146965.373,1758146965373,4.675999879837036,4676
790.14655,843.73627,799.41394,783.69965,1758146965.407,1758146965407,4.710000038146973,4710
900.9524,940.4396,806.6667,875.9707,1758146965.408,1758146965408,4.710999965667725,4711
812.3077,755.09155,807.47253,825.2015,1758146965.408,1758146965408,4.710999965667725,4711
691.02563,630.58606,801.8315,725.6777,1758146965.408,1758146965408,4.710999965667725,4711
762.3443,857.03296,802.6374,758.71796,1758146965.409,1758146965409,4.711999893188477,4712
900.9524,1034.7252,809.89014,867.1062,1758146965.409,1758146965409,4.711999893188477,4712
859.85345,815.9341,812.3077,856.2271,1758146965.409,1758146965409,4.711999893188477,4712
715.2015,568.1319,802.23444,740.58606,1758146965.41,1758146965410,4.713000059127808,4713
723.2601,749.45056,795.38464,726.08057,1758146965.41,1758146965410,4.713000059127808,4713
867.1062,944.87177,801.02563,832.0513,1758146965.41,1758146965410,4.713000059127808,4713
889.67035,893.69965,805.4579,870.32965,1758146965.41,1758146965410,4.713000059127808,4713
745.0183,716.4103,802.23444,768.7912,1758146965.411,1758146965411,4.71399998664856,4714
691.8315,672.0879,796.1905,708.7546,1758146965.439,1758146965439,4.741999864578247,4742
820.3663,902.5641,798.60803,799.011,1758146965.439,1758146965439,4.741999864578247,4742
906.99634,947.28937,807.47253,884.43225,1758146965.44,1758146965440,4.743000030517578,4743
789.34064,697.0696,804.65204,805.4579,1758146965.44,1758146965440,4.743000030517578,4743
687.3993,695.4579,793.36993,705.9341,1758146965.44,1758146965440,4.743000030517578,4743
794.57874,968.24176,797.3993,774.0293,1758146965.441,1758146965441,4.74399995803833,4744
915.05493,934.3956,805.05493,879.19415,1758146965.442,1758146965442,4.744999885559082,4745
820.3663,707.1429,800.6227,827.619,1758146965.442,1758146965442,4.744999885559082,4745
691.4286,679.7436,796.5934,724.4689,1758146965.443,1758146965443,4.746000051498413,4746
755.89746,809.89014,795.38464,750.2564,1758146965.443,1758146965443,4.746000051498413,4746
900.54944,921.0989,801.02563,857.03296,1758146965.443,1758146965443,4.746000051498413,4746
869.92676,785.31134,803.44324,857.03296,1758146965.444,1758146965444,4.746999979019165,4747
718.022,652.74725,796.5934,747.8388,1758146965.493,1758146965493,4.796000003814697,4796
718.022,795.38464,794.9817,724.4689,1758146965.494,1758146965494,4.796999931335449,4797
863.0769,1000.07324,801.02563,832.0513,1758146965.494,1758146965494,4.796999931335449,4797
894.10254,833.663,807.8755,884.83514,1758146965.495,1758146965495,4.797999858856201,4798
758.315,666.04395,810.293,789.7436,1758146965.495,1758146965495,4.797999858856201,4798
701.50183,799.011,803.44324,724.87177,1758146965.495,1758146965495,4.797999858856201,4798
823.1868,873.1502,801.4286,809.4872,1758146965.496,1758146965496,4.799000024795532,4799
912.6374,857.03296,809.89014,896.52014,1758146965.496,1758146965496,4.799000024795532,4799
791.75824,725.2747,807.0696,817.5458,1758146965.496,1758146965496,4.799000024795532,4799
679.34064,659.59705,803.44324,719.2308,1758146965.497,1758146965497,4.799999952316284,4800
778.46155,878.3883,806.26373,779.2674,1758146965.497,1758146965497,4.799999952316284,4800
910.2198,930.7692,809.4872,884.83514,1758146965.497,1758146965497,4.799999952316284,4800
828.8278,747.4359,808.2784,843.3333,1758146965.532,1758146965532,4.835000038146973,4835
689.41394,655.16486,801.02563,730.5128,1758146965.532,1758146965532,4.835000038146973,4835
739.7802,830.84247,797.8022,747.4359,1758146965.533,1758146965533,4.835999965667725,4836
885.64105,936.0073,803.8461,860.2564,1758146965.533,1758146965533,4.835999965667725,4836
877.5824,845.34796,811.0989,876.77655,1758146965.533,1758146965533,4.835999965667725,4836
735.7509,737.3626,809.89014,768.3883,1758146965.534,1758146965534,4.836999893188477,4837
710.7692,734.94507,800.6227,724.87177,1758146965.534,1758146965534,4.836999893188477,4837
846.1539,853.8095,803.44324,822.7839,1758146965.534,1758146965534,4.836999893188477,4837
907.3993,882.8205,809.89014,887.25275,1758146965.536,1758146965536,4.83899998664856,4839
770.80585,676.52014,801.4286,787.72894,1758146965.536,1758146965536,4.83899998664856,4839
685.78754,651.53845,793.7729,702.71063,1758146965.537,1758146965537,4.8399999141693115,4840
811.9048,881.6117,799.81683,784.5055,1758146965.537,1758146965537,4.8399999141693115,4840
931.1722,956.9597,812.71063,889.2674,1758146965.587,1758146965587,4.889999866485596,4890
827.619,754.68866,809.89014,819.5604,1758146965.589,1758146965589,4.891999959945679,4892
700.293,671.685,798.60803,713.1868,1758146965.589,1758146965589,4.891999959945679,4892
776.8498,859.45056,803.0403,772.8205,1758146965.59,1758146965590,4.892999887466431,4893
904.57874,977.50916,811.0989,891.685,1758146965.59,1758146965590,4.892999887466431,4893
836.4835,821.1722,813.1135,867.1062,1758146965.59,1758146965590,4.892999887466431,4893
687.8022,642.27106,807.47253,748.6447,1758146965.591,1758146965591,4.894000053405762,4894
714.7985,707.1429,800.2198,743.00366,1758146965.591,1758146965591,4.894000053405762,4894
865.89746,950.9158,803.0403,853.00366,1758146965.592,1758146965592,4.894999980926514,4895
879.59705,871.9414,806.26373,883.6264,1758146965.592,1758146965592,4.894999980926514,4895
731.31866,623.73627,800.6227,770.0,1758146965.592,1758146965592,4.894999980926514,4895
693.8461,713.5897,801.4286,717.2161,1758146965.593,1758146965593,4.895999908447266,4896
833.2601,913.0403,804.65204,816.337,1758146965.625,1758146965625,4.927999973297119,4928
907.3993,920.293,808.2784,895.31134,1758146965.625,1758146965625,4.927999973297119,4928
771.2088,690.2198,807.8755,801.02563,1758146965.626,1758146965626,4.928999900817871,4929
678.93774,672.0879,804.65204,708.3516,1758146965.626,1758146965626,4.928999900817871,4929
791.75824,915.4579,805.4579,782.49084,1758146965.626,1758146965626,4.928999900817871,4929
905.78754,1014.17584,810.696,881.2088,1758146965.626,1758146965626,4.928999900817871,4929
806.26373,724.4689,811.9048,819.5604,1758146965.627,1758146965627,4.930000066757202,4930
677.326,603.1868,803.44324,711.5751,1758146965.627,1758146965627,4.930000066757202,4930
752.27106,866.30035,800.6227,751.4652,1758146965.627,1758146965627,4.930000066757202,4930
890.87915,928.3516,803.0403,863.8828,1758146965.628,1758146965628,4.930999994277954,4931
849.3773,753.0769,805.05493,850.989,1758146965.629,1758146965629,4.931999921798706,4932
710.3663,629.7802,799.81683,742.1978,1758146965.63,1758146965630,4.933000087738037,4933
729.707,826.4103,799.011,733.73627,1758146965.681,1758146965681,4.983999967575073,4984
875.9707,963.00366,809.4872,842.52747,1758146965.682,1758146965682,4.984999895095825,4985
897.72894,836.8865,815.12823,886.04395,1758146965.682,1758146965682,4.984999895095825,4985
748.24176,649.12085,809.89014,779.2674,1758146965.683,1758146965683,4.986000061035156,4986
694.65204,746.2271,803.8461,715.6044,1758146965.683,1758146965683,4.986000061035156,4986
833.663,1006.52014,808.68134,815.12823,1758146965.684,1758146965684,4.986999988555908,4987
918.68134,943.2601,815.12823,898.1319,1758146965.685,1758146965685,4.98799991607666,4988
790.9524,647.9121,811.9048,811.50183,1758146965.685,1758146965685,4.98799991607666,4988
686.1905,613.2601,799.011,714.3956,1758146965.686,1758146965686,4.989000082015991,4989
792.5641,892.8938,800.6227,779.67035,1758146965.686,1758146965686,4.989000082015991,4989
921.0989,967.8388,807.0696,885.2381,1758146965.687,1758146965687,4.990000009536743,4990
832.8571,755.09155,805.4579,840.10986,1758146965.687,1758146965687,4.990000009536743,4990
699.0842,657.1795,800.2198,726.08057,1758146965.729,1758146965729,5.0320000648498535,5032
755.09155,821.978,800.2198,742.1978,1758146965.729,1758146965729,5.0320000648498535,5032
898.1319,983.95605,809.89014,860.65936,1758146965.73,1758146965730,5.0329999923706055,5033
869.12085,796.1905,813.5165,864.68866,1758146965.73,1758146965730,5.0329999923706055,5033
715.6044,687.8022,806.6667,751.06226,1758146965.73,1758146965730,5.0329999923706055,5033
710.7692,808.68134,803.44324,727.6923,1758146965.731,1758146965731,5.033999919891357,5034
853.00366,923.1135,806.26373,832.8571,1758146965.731,1758146965731,5.033999919891357,5034
896.52014,842.52747,811.0989,886.8498,1758146965.731,1758146965731,5.033999919891357,5034
753.0769,667.6557,808.2784,782.8938,1758146965.732,1758146965732,5.0350000858306885,5035
680.9524,696.26373,798.60803,707.9487,1758146965.732,1758146965732,5.0350000858306885,5035
809.4872,884.0293,799.81683,796.1905,1758146965.732,1758146965732,5.0350000858306885,5035
908.60803,912.23444,806.6667,889.2674,1758146965.733,1758146965733,5.03600001335144,5036
792.1612,750.2564,801.8315,811.0989,1758146965.767,1758146965767,5.069999933242798,5070
678.1319,703.91943,796.5934,712.7839,1758146965.768,1758146965768,5.07099986076355,5071
772.01465,829.6337,802.23444,772.01465,1758146965.768,1758146965768,5.07099986076355,5071
904.17584,902.96704,806.6667,880.0,1758146965.768,1758146965768,5.07099986076355,5071
831.6484,778.46155,803.0403,848.5714,1758146965.769,1758146965769,5.072000026702881,5072
697.47253,732.1245,799.41394,743.00366,1758146965.769,1758146965769,5.072000026702881,5072
738.5714,813.91943,799.81683,744.21246,1758146965.769,1758146965769,5.072000026702881,5072
877.5824,845.7509,804.2491,847.76556,1758146965.769,1758146965769,5.072000026702881,5072
880.40295,795.38464,803.8461,869.92676,1758146965.77,1758146965770,5.072999954223633,5073
734.1392,672.0879,799.81683,755.89746,1758146965.77,1758146965770,5.072999954223633,5073
703.5165,722.8571,794.17584,709.9634,1758146965.77,1758146965770,5.072999954223633,5073
850.18317,890.87915,798.20514,818.3516,1758146965.771,1758146965771,5.073999881744385,5074
916.26373,919.4872,805.8608,891.685,1758146965.816,1758146965816,5.11899995803833,5119
776.8498,722.0513,798.20514,789.7436,1758146965.817,1758146965817,5.119999885559082,5120
686.5934,689.41394,790.14655,705.5311,1758146965.817,1758146965817,5.119999885559082,5120
809.0842,902.5641,789.7436,784.90845,1758146965.817,1758146965817,5.119999885559082,5120
925.9341,970.2564,796.5934,886.8498,1758146965.818,1758146965818,5.121000051498413,5121
817.1429,786.9231,798.60803,828.022,1758146965.818,1758146965818,5.121000051498413,5121
692.6374,686.1905,795.38464,725.2747,1758146965.818,1758146965818,5.121000051498413,5121
772.4176,829.6337,797.3993,764.7619,1758146965.819,1758146965819,5.121999979019165,5122
908.60803,961.79486,803.8461,875.16486,1758146965.819,1758146965819,5.121999979019165,5122
848.5714,716.4103,804.65204,858.6447,1758146965.819,1758146965819,5.121999979019165,5122
695.4579,641.06226,800.2198,744.61536,1758146965.82,1758146965820,5.122999906539917,5123
720.0366,786.9231,797.3993,736.55676,1758146965.82,1758146965820,5.122999906539917,5123
871.53845,896.52014,805.4579,852.6007,1758146965.88,1758146965880,5.183000087738037,5183
886.8498,879.59705,811.9048,890.07324,1758146965.88,1758146965880,5.183000087738037,5183
739.3773,682.96704,806.6667,772.01465,1758146965.882,1758146965882,5.184999942779541,5185
698.68134,709.15753,800.6227,712.381,1758146965.882,1758146965882,5.184999942779541,5185
834.0659,913.8461,800.6227,812.71063,1758146965.882,1758146965882,5.184999942779541,5185
910.6227,978.71796,803.8461,893.69965,1758146965.883,1758146965883,5.185999870300293,5186
776.4469,729.707,801.8315,806.26373,1758146965.883,1758146965883,5.185999870300293,5186
671.685,595.12823,796.99634,710.7692,1758146965.883,1758146965883,5.185999870300293,5186
786.1172,872.3443,798.60803,781.28204,1758146965.883,1758146965883,5.185999870300293,5186
915.8608,976.7033,802.23444,887.25275,1758146965.884,1758146965884,5.187000036239624,5187
821.978,747.03296,799.81683,832.4542,1758146965.884,1758146965884,5.187000036239624,5187
688.20514,647.50916,795.78754,720.4396,1758146965.884,1758146965884,5.187000036239624,5187
755.4945,828.022,795.38464,751.06226,1758146965.913,1758146965913,5.216000080108643,5216
900.54944,949.707,803.0403,865.09155,1758146965.913,1758146965913,5.216000080108643,5216
866.30035,845.34796,809.89014,863.0769,1758146965.913,1758146965913,5.216000080108643,5216
716.0073,670.4762,804.65204,749.45056,1758146965.914,1758146965914,5.2170000076293945,5217
716.4103,788.1319,800.2198,730.5128,1758146965.914,1758146965914,5.2170000076293945,5217
867.50916,1010.14655,803.0403,845.7509,1758146965.914,1758146965914,5.2170000076293945,5217
901.3553,840.10986,805.4579,897.326,1758146965.915,1758146965915,5.2179999351501465,5218
750.65936,611.2454,802.23444,786.1172,1758146965.915,1758146965915,5.2179999351501465,5218
690.2198,724.0659,799.81683,717.2161,1758146965.915,1758146965915,5.2179999351501465,5218
822.7839,865.4945,801.02563,811.0989,1758146965.916,1758146965916,5.218999862670898,5219
914.65204,893.69965,805.4579,893.69965,1758146965.916,1758146965916,5.218999862670898,5219
791.75824,703.5165,807.8755,811.0989,1758146965.916,1758146965916,5.218999862670898,5219
684.57874,684.9817,801.02563,714.7985,1758146965.947,1758146965947,5.25,5250
788.5348,895.7143,803.44324,772.8205,1758146965.947,1758146965947,5.25,5250
915.4579,960.989,805.8608,875.9707,1758146965.948,1758146965948,5.250999927520752,5251
828.8278,741.79486,802.6374,831.2454,1758146965.948,1758146965948,5.250999927520752,5251
693.8461,687.8022,799.81683,721.2454,1758146965.949,1758146965949,5.251999855041504,5252
744.61536,895.31134,797.3993,738.5714,1758146965.95,1758146965950,5.253000020980835,5253
887.6557,970.2564,802.6374,855.42126,1758146965.95,1758146965950,5.253000020980835,5253
871.13556,796.1905,808.2784,869.92676,1758146965.95,1758146965950,5.253000020980835,5253
720.84247,600.7692,799.011,752.27106,1758146965.95,1758146965950,5.253000020980835,5253
705.12823,710.3663,796.99634,716.0073,1758146965.951,1758146965951,5.253999948501587,5254
852.1978,918.2784,806.6667,827.619,1758146965.951,1758146965951,5.253999948501587,5254
909.41394,921.9048,811.50183,892.0879,1758146965.951,1758146965951,5.253999948501587,5254
767.1795,712.381,805.8608,787.326,1758146966.007,1758146966007,5.309999942779541,5310
690.6227,684.57874,801.4286,709.15753,1758146966.008,1758146966008,5.310999870300293,5311
816.337,905.78754,805.4579,797.8022,1758146966.008,1758146966008,5.310999870300293,5311
922.71063,914.2491,813.1135,894.90845,1758146966.009,1758146966009,5.312000036239624,5312
809.0842,755.09155,813.91943,821.1722,1758146966.009,1758146966009,5.312000036239624,5312
685.38464,748.24176,805.8608,714.3956,1758146966.009,1758146966009,5.312000036239624,5312
767.1795,843.73627,799.41394,762.74725,1758146966.01,1758146966010,5.312999963760376,5313
899.7436,870.32965,805.05493,873.5531,1758146966.01,1758146966010,5.312999963760376,5313
832.0513,762.74725,808.2784,840.10986,1758146966.01,1758146966010,5.312999963760376,5313
686.99634,666.4469,800.2198,722.0513,1758146966.011,1758146966011,5.313999891281128,5314
719.6337,725.6777,798.20514,728.9011,1758146966.011,1758146966011,5.313999891281128,5314
869.12085,903.7729,804.2491,844.1392,1758146966.011,1758146966011,5.313999891281128,5314
875.16486,840.5128,809.89014,870.32965,1758146966.042,1758146966042,5.3450000286102295,5345
723.663,660.80585,806.6667,757.1062,1758146966.042,1758146966042,5.3450000286102295,5345
697.47253,722.4542,800.6227,711.1722,1758146966.042,1758146966042,5.3450000286102295,5345
842.9304,892.8938,803.0403,816.7399,1758146966.043,1758146966043,5.3459999561309814,5346
911.02563,937.619,803.8461,888.86444,1758146966.043,1758146966043,5.3459999561309814,5346
785.7143,786.1172,801.8315,805.05493,1758146966.043,1758146966043,5.3459999561309814,5346
697.0696,677.326,798.20514,720.0366,1758146966.045,1758146966045,5.3480000495910645,5348
801.4286,786.9231,798.60803,784.10254,1758146966.045,1758146966045,5.3480000495910645,5348
915.05493,901.75824,804.2491,886.04395,1758146966.045,1758146966045,5.3480000495910645,5348
816.337,758.315,803.8461,827.2161,1758146966.046,1758146966046,5.348999977111816,5349
691.4286,672.8938,799.41394,720.0366,1758146966.046,1758146966046,5.348999977111816,5349
768.7912,822.7839,798.60803,756.7033,1758146966.046,1758146966046,5.348999977111816,5349
908.60803,995.64105,807.0696,871.53845,1758146966.129,1758146966129,5.431999921798706,5432
861.06226,832.0513,811.9048,861.4652,1758146966.13,1758146966130,5.433000087738037,5433
711.1722,607.2161,804.65204,738.5714,1758146966.13,1758146966130,5.433000087738037,5433
727.6923,755.4945,801.8315,726.08057,1758146966.13,1758146966130,5.433000087738037,5433
873.1502,954.5421,805.4579,838.9011,1758146966.13,1758146966130,5.433000087738037,5433
889.2674,926.7399,805.8608,879.59705,1758146966.131,1758146966131,5.434000015258789,5434
740.989,713.9927,801.02563,772.8205,1758146966.131,1758146966131,5.434000015258789,5434
684.57874,680.14655,796.1905,709.15753,1758146966.131,1758146966131,5.434000015258789,5434
823.1868,882.01465,801.4286,806.6667,1758146966.132,1758146966132,5.434999942779541,5435
911.8315,905.38464,806.26373,892.49084,1758146966.132,1758146966132,5.434999942779541,5435
783.2967,708.3516,800.2198,808.68134,1758146966.132,1758146966132,5.434999942779541,5435
678.93774,654.7619,794.9817,715.2015,1758146966.133,1758146966133,5.435999870300293,5436
789.7436,874.35895,798.20514,785.31134,1758146966.171,1758146966171,5.473999977111816,5474
917.0696,955.34796,803.8461,892.8938,1758146966.171,1758146966171,5.473999977111816,5474
821.5751,735.34796,803.8461,840.9158,1758146966.172,1758146966172,5.474999904632568,5475
684.57874,635.82416,794.9817,723.663,1758146966.172,1758146966172,5.474999904632568,5475
750.65936,885.2381,792.96704,753.8828,1758146966.172,1758146966172,5.474999904632568,5475
899.7436,995.64105,802.23444,874.7619,1758146966.173,1758146966173,5.476000070571899,5476
865.89746,801.02563,807.0696,869.12085,1758146966.173,1758146966173,5.476000070571899,5476
710.7692,605.6044,796.99634,749.0476,1758146966.173,1758146966173,5.476000070571899,5476
708.7546,724.87177,789.34064,722.8571,1758146966.175,1758146966175,5.477999925613403,5478
857.8388,945.2747,795.38464,832.0513,1758146966.175,1758146966175,5.477999925613403,5478
901.3553,891.685,807.47253,887.6557,1758146966.176,1758146966176,5.479000091552734,5479
754.2857,693.44324,808.2784,782.49084,1758146966.176,1758146966176,5.479000091552734,5479
680.54944,721.6484,798.60803,710.3663,1758146966.219,1758146966219,5.522000074386597,5522
810.293,900.9524,803.0403,799.81683,1758146966.219,1758146966219,5.522000074386597,5522
911.4286,932.381,811.9048,894.10254,1758146966.22,1758146966220,5.523000001907349,5523
791.75824,720.84247,806.6667,817.1429,1758146966.22,1758146966220,5.523000001907349,5523
676.1172,636.2271,799.41394,713.9927,1758146966.22,1758146966220,5.523000001907349,5523
777.6557,910.2198,803.44324,774.43225,1758146966.221,1758146966221,5.523999929428101,5524
914.65204,963.8095,809.89014,887.25275,1758146966.221,1758146966221,5.523999929428101,5524
834.0659,745.42126,809.4872,846.9597,1758146966.221,1758146966221,5.523999929428101,5524
690.2198,660.40295,802.6374,727.6923,1758146966.222,1758146966222,5.5249998569488525,5525
737.3626,765.9707,797.8022,739.3773,1758146966.222,1758146966222,5.5249998569488525,5525
884.83514,911.8315,805.4579,857.4359,1758146966.222,1758146966222,5.5249998569488525,5525
871.9414,804.65204,810.696,871.53845,1758146966.222,1758146966222,5.5249998569488525,5525
720.84247,677.72894,802.6374,753.47986,1758146966.265,1758146966265,5.568000078201294,5568
697.8755,751.06226,798.20514,713.5897,1758146966.266,1758146966266,5.569000005722046,5569
840.9158,909.011,798.20514,819.5604,1758146966.266,1758146966266,5.569000005722046,5569
901.75824,890.87915,803.8461,886.8498,1758146966.266,1758146966266,5.569000005722046,5569
763.1502,726.8865,805.4579,788.5348,1758146966.267,1758146966267,5.569999933242798,5570
680.9524,770.80585,799.41394,709.5604,1758146966.267,1758146966267,5.569999933242798,5570
804.65204,904.57874,799.41394,790.14655,1758146966.267,1758146966267,5.569999933242798,5570
916.6667,840.5128,806.6667,884.83514,1758146966.268,1758146966268,5.57099986076355,5571
803.8461,707.1429,803.0403,814.3223,1758146966.268,1758146966268,5.57099986076355,5571
686.1905,688.60803,793.7729,715.2015,1758146966.268,1758146966268,5.57099986076355,5571
780.07324,900.54944,794.17584,768.7912,1758146966.27,1758146966270,5.572999954223633,5573
917.8755,976.30035,805.8608,878.3883,1758146966.27,1758146966270,5.572999954223633,5573
852.1978,741.79486,815.5311,857.8388,1758146966.311,1758146966311,5.614000082015991,5614
701.0989,648.71796,808.2784,741.39197,1758146966.311,1758146966311,5.614000082015991,5614
733.73627,808.2784,804.2491,737.76556,1758146966.312,1758146966312,5.615000009536743,5615
881.6117,918.68134,808.68134,852.1978,1758146966.312,1758146966312,5.615000009536743,5615
886.04395,890.87915,811.50183,885.64105,1758146966.313,1758146966313,5.615999937057495,5616
734.1392,763.1502,806.26373,775.64105,1758146966.313,1758146966313,5.615999937057495,5616
691.8315,700.293,798.60803,718.8278,1758146966.313,1758146966313,5.615999937057495,5616
833.663,834.4689,802.6374,819.5604,1758146966.313,1758146966313,5.615999937057495,5616
908.60803,921.0989,812.3077,899.7436,1758146966.314,1758146966314,5.616999864578247,5617
771.2088,681.75824,806.6667,807.0696,1758146966.314,1758146966314,5.616999864578247,5617
676.1172,636.2271,798.60803,711.1722,1758146966.314,1758146966314,5.616999864578247,5617
794.57874,902.96704,801.4286,784.10254,1758146966.315,1758146966315,5.618000030517578,5618
911.4286,952.9304,807.47253,887.6557,1758146966.354,1758146966354,5.6570000648498535,5657
811.50183,725.6777,808.68134,825.6044,1758146966.355,1758146966355,5.6579999923706055,5658
684.9817,681.3553,799.41394,716.8132,1758146966.355,1758146966355,5.6579999923706055,5658
757.50916,792.5641,797.3993,753.47986,1758146966.356,1758146966356,5.658999919891357,5659
903.36993,952.52747,803.8461,869.92676,1758146966.356,1758146966356,5.658999919891357,5659
857.03296,859.0476,806.26373,860.65936,1758146966.356,1758146966356,5.658999919891357,5659
701.9048,666.04395,801.8315,742.1978,1758146966.357,1758146966357,5.6600000858306885,5660
718.4249,726.4835,800.2198,727.28937,1758146966.357,1758146966357,5.6600000858306885,5660
871.53845,899.7436,805.8608,840.9158,1758146966.357,1758146966357,5.6600000858306885,5660
900.54944,871.9414,809.4872,890.07324,1758146966.358,1758146966358,5.66100001335144,5661
757.1062,720.0366,802.6374,782.8938,1758146966.358,1758146966358,5.66100001335144,5661
709.9634,706.337,796.1905,719.2308,1758146966.358,1758146966358,5.66100001335144,5661
850.989,888.86444,801.02563,821.978,1758146966.388,1758146966388,5.690999984741211,5691
932.7839,933.9927,807.8755,914.2491,1758146966.388,1758146966388,5.690999984741211,5691
793.36993,718.022,809.4872,832.4542,1758146966.388,1758146966388,5.690999984741211,5691
673.2967,642.27106,807.47253,733.3333,1758146966.389,1758146966389,5.691999912261963,5692
773.22345,868.71796,807.8755,791.3553,1758146966.389,1758146966389,5.691999912261963,5692
904.9817,1019.41394,813.1135,901.3553,1758146966.39,1758146966390,5.693000078201294,5693
820.3663,775.2381,810.293,854.21246,1758146966.39,1758146966390,5.693000078201294,5693
684.9817,624.5421,804.65204,735.7509,1758146966.39,1758146966390,5.693000078201294,5693
748.6447,838.49817,808.68134,758.315,1758146966.391,1758146966391,5.694000005722046,5694
898.93774,901.75824,816.337,874.35895,1758146966.391,1758146966391,5.694000005722046,5694
876.77655,773.6264,813.1135,875.16486,1758146966.391,1758146966391,5.694000005722046,5694
728.9011,665.64105,803.0403,756.30035,1758146966.392,1758146966392,5.694999933242798,5695
724.4689,777.25275,801.4286,731.31866,1758146966.425,1758146966425,5.727999925613403,5728
875.16486,946.4835,805.4579,843.73627,1758146966.425,1758146966425,5.727999925613403,5728
912.23444,861.8681,805.8608,895.31134,1758146966.426,1758146966426,5.729000091552734,5729
759.92676,657.5824,800.2198,784.5055,1758146966.426,1758146966426,5.729000091552734,5729
700.293,750.2564,798.60803,716.0073,1758146966.426,1758146966426,5.729000091552734,5729
834.4689,971.8681,802.23444,809.4872,1758146966.426,1758146966426,5.729000091552734,5729
934.3956,951.31866,807.8755,898.93774,1758146966.427,1758146966427,5.730000019073486,5730
815.5311,676.52014,807.8755,817.9487,1758146966.427,1758146966427,5.730000019073486,5730
692.6374,617.6923,796.1905,709.15753,1758146966.427,1758146966427,5.730000019073486,5730
785.31134,877.98535,796.5934,765.56775,1758146966.428,1758146966428,5.730999946594238,5731
921.9048,933.1868,805.4579,881.6117,1758146966.428,1758146966428,5.730999946594238,5731
848.97437,726.08057,803.8461,845.7509,1758146966.428,1758146966428,5.730999946594238,5731
709.5604,663.22345,799.011,726.08057,1758146966.49,1758146966490,5.792999982833862,5793
752.27106,826.0073,800.6227,736.1539,1758146966.491,1758146966491,5.793999910354614,5794
897.326,923.91943,803.8461,848.5714,1758146966.492,1758146966492,5.795000076293945,5795
884.83514,798.60803,802.6374,866.7033,1758146966.493,1758146966493,5.796000003814697,5796
729.707,700.293,797.3993,755.89746,1758146966.493,1758146966493,5.796000003814697,5796
705.5311,825.2015,795.38464,716.0073,1758146966.493,1758146966493,5.796000003814697,5796
848.97437,910.6227,798.60803,817.5458,1758146966.493,1758146966493,5.796000003814697,5796
910.6227,844.1392,803.44324,883.6264,1758146966.494,1758146966494,5.796999931335449,5797
777.25275,718.4249,803.0403,791.3553,1758146966.494,1758146966494,5.796999931335449,5797
693.0403,665.2381,797.8022,708.3516,1758146966.494,1758146966494,5.796999931335449,5797
811.50183,854.21246,799.41394,786.52014,1758146966.495,1758146966495,5.797999858856201,5798
925.12823,910.6227,806.6667,886.4469,1758146966.495,1758146966495,5.797999858856201,5798
821.5751,776.4469,807.47253,825.2015,1758146966.519,1758146966519,5.822000026702881,5822
689.81683,697.47253,800.6227,716.8132,1758146966.52,1758146966520,5.822999954223633,5823
764.7619,810.696,802.6374,757.50916,1758146966.52,1758146966520,5.822999954223633,5823
906.5934,953.73627,809.0842,875.16486,1758146966.521,1758146966521,5.823999881744385,5824
845.34796,782.49084,808.2784,850.58606,1758146966.521,1758146966521,5.823999881744385,5824
695.05493,683.7729,803.0403,732.1245,1758146966.521,1758146966521,5.823999881744385,5824
725.2747,831.6484,799.011,728.0952,1758146966.522,1758146966522,5.825000047683716,5825
877.1795,853.8095,802.23444,840.10986,1758146966.522,1758146966522,5.825000047683716,5825
890.07324,812.71063,809.4872,875.9707,1758146966.522,1758146966522,5.825000047683716,5825
744.61536,714.3956,804.2491,766.77655,1758146966.523,1758146966523,5.825999975204468,5826
703.1135,728.49817,797.8022,708.3516,1758146966.523,1758146966523,5.825999975204468,5826
841.7216,893.69965,802.23444,807.0696,1758146966.523,1758146966523,5.825999975204468,5826
919.89014,912.6374,809.89014,886.4469,1758146966.579,1758146966579,5.881999969482422,5882
782.49084,744.61536,807.0696,796.1905,1758146966.58,1758146966580,5.882999897003174,5883
682.5641,680.14655,799.81683,705.9341,1758146966.581,1758146966581,5.884000062942505,5884
799.41394,851.79486,805.05493,780.87915,1758146966.581,1758146966581,5.884000062942505,5884
925.5311,1018.20514,812.3077,894.90845,1758146966.583,1758146966583,5.885999917984009,5886
828.8278,794.17584,811.50183,842.9304,1758146966.584,1758146966584,5.88700008392334,5887
699.0842,639.0476,805.8608,730.10986,1758146966.585,1758146966585,5.888000011444092,5888
762.3443,794.17584,799.41394,757.1062,1758146966.585,1758146966585,5.888000011444092,5888
904.57874,967.8388,805.8608,872.74725,1758146966.586,1758146966586,5.888999938964844,5889
870.7326,779.2674,811.50183,867.1062,1758146966.586,1758146966586,5.888999938964844,5889
720.4396,618.0952,801.4286,744.61536,1758146966.587,1758146966587,5.889999866485596,5890
732.1245,775.2381,798.20514,728.49817,1758146966.587,1758146966587,5.889999866485596,5890
882.4176,951.31866,805.8608,845.34796,1758146966.611,1758146966611,5.914000034332275,5914
913.0403,859.45056,813.91943,894.5055,1758146966.612,1758146966612,5.914999961853027,5915
764.35895,686.1905,812.71063,788.93774,1758146966.612,1758146966612,5.914999961853027,5915
700.293,719.2308,802.23444,718.8278,1758146966.612,1758146966612,5.914999961853027,5915
837.28937,938.4249,802.6374,806.26373,1758146966.613,1758146966613,5.915999889373779,5916
933.9927,1016.5934,811.9048,898.93774,1758146966.613,1758146966613,5.915999889373779,5916
798.60803,723.663,806.26373,813.1135,1758146966.613,1758146966613,5.915999889373779,5916
684.17584,558.86444,799.41394,711.978,1758146966.614,1758146966614,5.91700005531311,5917
795.78754,827.2161,808.68134,783.69965,1758146966.614,1758146966614,5.91700005531311,5917
925.5311,975.4945,813.91943,894.90845,1758146966.615,1758146966615,5.917999982833862,5918
840.10986,755.4945,809.0842,846.1539,1758146966.615,1758146966615,5.917999982833862,5918
703.1135,651.53845,803.0403,734.1392,1758146966.615,1758146966615,5.917999982833862,5918
755.09155,801.4286,801.8315,751.4652,1758146966.665,1758146966665,5.9679999351501465,5968
900.54944,950.9158,807.8755,865.4945,1758146966.666,1758146966666,5.968999862670898,5969
876.3736,830.84247,809.4872,873.5531,1758146966.666,1758146966666,5.968999862670898,5969
716.4103,625.7509,801.8315,752.27106,1758146966.666,1758146966666,5.968999862670898,5969
702.3077,773.22345,798.60803,723.2601,1758146966.666,1758146966666,5.968999862670898,5969
851.39197,990.80585,803.0403,833.663,1758146966.667,1758146966667,5.9700000286102295,5970
897.326,886.4469,807.47253,890.4762,1758146966.668,1758146966668,5.9709999561309814,5971
751.06226,642.674,803.44324,785.7143,1758146966.669,1758146966669,5.971999883651733,5972
680.14655,695.8608,799.81683,711.978,1758146966.669,1758146966669,5.971999883651733,5972
810.293,836.4835,803.8461,798.60803,1758146966.669,1758146966669,5.971999883651733,5972
918.68134,913.8461,809.0842,894.90845,1758146966.669,1758146966669,5.971999883651733,5972
805.05493,757.50916,812.3077,826.8132,1758146966.67,1758146966670,5.9730000495910645,5973
680.54944,637.03296,806.6667,714.3956,1758146966.699,1758146966699,6.001999855041504,6002
771.6117,870.32965,804.2491,761.53845,1758146966.699,1758146966699,6.001999855041504,6002
908.60803,969.85345,810.293,874.35895,1758146966.7,1758146966700,6.003000020980835,6003
836.4835,744.21246,812.3077,844.5421,1758146966.7,1758146966700,6.003000020980835,6003
690.6227,685.38464,802.23444,731.31866,1758146966.7,1758146966700,6.003000020980835,6003
729.304,882.01465,795.78754,733.3333,1758146966.7,1758146966700,6.003000020980835,6003
877.1795,926.7399,801.8315,842.52747,1758146966.701,1758146966701,6.003999948501587,6004
876.3736,777.6557,807.47253,867.50916,1758146966.701,1758146966701,6.003999948501587,6004
728.49817,621.31866,800.6227,759.12085,1758146966.701,1758146966701,6.003999948501587,6004
696.26373,724.4689,795.78754,716.4103,1758146966.702,1758146966702,6.004999876022339,6005
842.1245,952.1245,802.23444,821.978,1758146966.702,1758146966702,6.004999876022339,6005
911.02563,911.8315,809.0842,891.28204,1758146966.702,1758146966702,6.004999876022339,6005
769.19415,712.7839,803.44324,790.9524,1758146966.751,1758146966751,6.053999900817871,6054
680.9524,704.3223,798.20514,709.15753,1758146966.752,1758146966752,6.055000066757202,6055
802.23444,913.44324,802.6374,790.9524,1758146966.753,1758146966753,6.055999994277954,6056
912.23444,931.978,809.89014,888.0586,1758146966.753,1758146966753,6.055999994277954,6056
807.0696,713.5897,808.2784,822.7839,1758146966.754,1758146966754,6.056999921798706,6057
687.8022,727.28937,801.02563,717.2161,1758146966.754,1758146966754,6.056999921798706,6057
764.35895,875.16486,798.20514,757.50916,1758146966.755,1758146966755,6.058000087738037,6058
899.34064,948.0952,800.6227,869.12085,1758146966.755,1758146966755,6.058000087738037,6058
851.79486,785.31134,803.0403,858.24176,1758146966.757,1758146966757,6.059999942779541,6060
710.3663,581.4286,797.3993,744.21246,1758146966.758,1758146966758,6.060999870300293,6061
731.7216,759.5238,797.8022,731.7216,1758146966.758,1758146966758,6.060999870300293,6061
888.46155,927.1429,811.50183,846.55676,1758146966.758,1758146966758,6.060999870300293,6061
907.3993,857.03296,814.3223,882.8205,1758146966.793,1758146966793,6.0959999561309814,6096
751.4652,707.9487,807.0696,776.4469,1758146966.793,1758146966793,6.0959999561309814,6096
701.50183,737.76556,800.2198,716.0073,1758146966.794,1758146966794,6.096999883651733,6097
846.9597,930.3663,800.2198,815.5311,1758146966.794,1758146966794,6.096999883651733,6097
917.0696,934.7985,807.47253,894.10254,1758146966.794,1758146966794,6.096999883651733,6097
781.685,743.8095,806.6667,803.44324,1758146966.795,1758146966795,6.0980000495910645,6098
697.0696,699.0842,802.6374,722.4542,1758146966.795,1758146966795,6.0980000495910645,6098
797.3993,809.89014,804.2491,786.9231,1758146966.796,1758146966796,6.098999977111816,6099
918.68134,883.6264,811.0989,893.2967,1758146966.796,1758146966796,6.098999977111816,6099
829.6337,761.53845,811.0989,844.94507,1758146966.796,1758146966796,6.098999977111816,6099
692.6374,655.56775,805.4579,730.9158,1758146966.797,1758146966797,6.099999904632568,6100
752.674,796.5934,803.0403,756.30035,1758146966.797,1758146966797,6.099999904632568,6100
901.3553,971.06226,806.26373,873.95605,1758146966.876,1758146966876,6.178999900817871,6179
866.30035,826.0073,809.89014,875.56775,1758146966.876,1758146966876,6.178999900817871,6179
713.9927,630.58606,808.2784,761.9414,1758146966.877,1758146966877,6.180000066757202,6180
719.2308,773.6264,803.44324,738.97437,1758146966.877,1758146966877,6.180000066757202,6180
871.13556,977.9121,806.6667,847.3626,1758146966.877,1758146966877,6.180000066757202,6180
909.81683,935.2015,813.1135,893.69965,1758146966.878,1758146966878,6.180999994277954,6181
765.16486,673.69965,809.0842,784.5055,1758146966.878,1758146966878,6.180999994277954,6181
693.44324,611.6484,801.4286,708.3516,1758146966.878,1758146966878,6.180999994277954,6181
826.0073,930.7692,804.2491,801.02563,1758146966.878,1758146966878,6.180999994277954,6181
925.9341,950.5128,811.0989,893.69965,1758146966.879,1758146966879,6.181999921798706,6182
794.57874,640.65936,806.6667,809.89014,1758146966.88,1758146966880,6.183000087738037,6183
678.1319,620.9158,801.4286,712.7839,1758146966.881,1758146966881,6.184000015258789,6184
779.2674,873.1502,803.44324,772.4176,1758146966.916,1758146966916,6.218999862670898,6219
917.8755,982.74725,808.68134,888.46155,1758146966.916,1758146966916,6.218999862670898,6219
839.707,745.0183,809.89014,855.42126,1758146966.917,1758146966917,6.2200000286102295,6220
694.65204,602.7839,803.0403,735.7509,1758146966.917,1758146966917,6.2200000286102295,6220
747.8388,847.3626,799.41394,748.24176,1758146966.917,1758146966917,6.2200000286102295,6220
897.72894,1067.7656,805.8608,870.7326,1758146966.917,1758146966917,6.2200000286102295,6220
878.3883,812.3077,811.50183,884.43225,1758146966.918,1758146966918,6.2209999561309814,6221
725.2747,535.89746,805.8608,760.7326,1758146966.918,1758146966918,6.2209999561309814,6221
713.9927,740.18317,801.02563,725.2747,1758146966.918,1758146966918,6.2209999561309814,6221
861.06226,987.5824,805.05493,831.2454,1758146966.919,1758146966919,6.221999883651733,6222
905.78754,916.26373,805.05493,885.64105,1758146966.919,1758146966919,6.221999883651733,6222
756.7033,682.5641,799.011,785.31134,1758146966.919,1758146966919,6.221999883651733,6222
681.75824,717.2161,797.8022,711.5751,1758146966.961,1758146966961,6.263999938964844,6264
805.4579,925.5311,804.65204,799.41394,1758146966.962,1758146966962,6.264999866485596,6265
909.011,925.9341,809.4872,894.10254,1758146966.962,1758146966962,6.264999866485596,6265
801.8315,708.3516,805.05493,825.6044,1758146966.962,1758146966962,6.264999866485596,6265
682.96704,668.86444,799.41394,720.4396,1758146966.963,1758146966963,6.266000032424927,6266
770.80585,937.619,801.8315,770.80585,1758146966.963,1758146966963,6.266000032424927,6266
904.57874,980.32965,807.47253,885.2381,1758146966.964,1758146966964,6.266999959945679,6267
839.304,711.978,806.6667,855.82416,1758146966.964,1758146966964,6.266999959945679,6267
695.4579,649.92676,799.011,736.1539,1758146966.964,1758146966964,6.266999959945679,6267
727.28937,794.17584,797.8022,736.1539,1758146966.965,1758146966965,6.267999887466431,6268
875.16486,922.71063,807.8755,853.00366,1758146966.965,1758146966965,6.267999887466431,6268
876.77655,821.5751,813.1135,881.2088,1758146966.965,1758146966965,6.267999887466431,6268
726.4835,654.35895,803.8461,769.19415,1758146966.989,1758146966989,6.29200005531311,6292
697.0696,755.4945,798.60803,722.0513,1758146966.989,1758146966989,6.29200005531311,6292
839.304,942.8571,803.0403,822.381,1758146966.99,1758146966990,6.292999982833862,6293
911.02563,877.1795,809.0842,894.10254,1758146966.99,1758146966990,6.292999982833862,6293
778.0586,761.9414,801.8315,798.60803,1758146966.99,1758146966990,6.292999982833862,6293
684.17584,759.92676,794.57874,711.1722,1758146966.991,1758146966991,6.293999910354614,6294
794.9817,857.03296,800.2198,786.52014,1758146966.991,1758146966991,6.293999910354614,6294
907.8022,842.1245,805.4579,884.83514,1758146966.991,1758146966991,6.293999910354614,6294
811.9048,686.99634,805.8608,823.1868,1758146966.992,1758146966992,6.295000076293945,6295
686.1905,659.19415,797.3993,713.9927,1758146966.992,1758146966992,6.295000076293945,6295
757.1062,821.5751,792.96704,748.6447,1758146966.992,1758146966992,6.295000076293945,6295
900.14655,939.6337,801.02563,862.27106,1758146966.993,1758146966993,6.296000003814697,6296
853.00366,835.6777,806.26373,849.7802,1758146967.059,1758146967059,6.361999988555908,6362
699.0842,679.7436,797.8022,737.3626,1758146967.06,1758146967060,6.36299991607666,6363
710.7692,777.6557,791.75824,726.8865,1758146967.06,1758146967060,6.36299991607666,6363
863.8828,907.3993,801.4286,838.0952,1758146967.061,1758146967061,6.364000082015991,6364
888.86444,873.5531,804.65204,876.77655,1758146967.061,1758146967061,6.364000082015991,6364
743.00366,761.53845,800.6227,767.5824,1758146967.061,1758146967061,6.364000082015991,6364
694.65204,728.9011,801.02563,710.3663,1758146967.062,1758146967062,6.365000009536743,6365
826.0073,896.1172,806.6667,804.65204,1758146967.062,1758146967062,6.365000009536743,6365
907.3993,931.5751,809.89014,886.4469,1758146967.062,1758146967062,6.365000009536743,6365
776.8498,660.40295,803.0403,796.5934,1758146967.062,1758146967062,6.365000009536743,6365
676.52014,620.5128,797.8022,701.0989,1758146967.063,1758146967063,6.365999937057495,6366
789.34064,876.3736,801.8315,772.01465,1758146967.063,1758146967063,6.365999937057495,6366
917.8755,962.1978,810.696,879.19415,1758146967.098,1758146967098,6.401000022888184,6401
830.4396,744.61536,810.696,834.87177,1758146967.099,1758146967099,6.4019999504089355,6402
692.23444,659.59705,803.44324,726.8865,1758146967.101,1758146967101,6.4040000438690186,6404
749.85345,812.3077,796.1905,748.24176,1758146967.101,1758146967101,6.4040000438690186,6404
899.34064,982.74725,801.8315,862.27106,1758146967.101,1758146967101,6.4040000438690186,6404
875.56775,895.7143,813.5165,871.9414,1758146967.102,1758146967102,6.4049999713897705,6405
718.022,677.72894,805.4579,754.2857,1758146967.102,1758146967102,6.4049999713897705,6405
705.5311,676.1172,794.9817,721.6484,1758146967.102,1758146967102,6.4049999713897705,6405
850.989,887.6557,797.8022,831.6484,1758146967.103,1758146967103,6.4059998989105225,6406
895.31134,896.1172,805.05493,886.4469,1758146967.103,1758146967103,6.4059998989105225,6406
754.2857,738.1685,806.26373,785.31134,1758146967.103,1758146967103,6.4059998989105225,6406
685.78754,727.28937,802.23444,715.2015,1758146967.104,1758146967104,6.4070000648498535,6407
809.89014,853.00366,803.0403,799.81683,1758146967.143,1758146967143,6.44599986076355,6446
906.1905,941.6484,809.0842,889.2674,1758146967.143,1758146967143,6.44599986076355,6446
782.8938,730.10986,806.26373,813.91943,1758146967.144,1758146967144,6.447000026702881,6447
672.0879,657.5824,799.011,718.8278,1758146967.144,1758146967144,6.447000026702881,6447
770.0,862.674,799.81683,774.83514,1758146967.144,1758146967144,6.447000026702881,6447
900.54944,978.71796,803.0403,880.40295,1758146967.145,1758146967145,6.447999954223633,6448
825.6044,765.9707,808.2784,846.1539,1758146967.145,1758146967145,6.447999954223633,6448
684.57874,622.1245,805.8608,734.94507,1758146967.145,1758146967145,6.447999954223633,6448
734.94507,820.7692,801.4286,747.8388,1758146967.146,1758146967146,6.448999881744385,6449
885.2381,906.99634,806.26373,865.4945,1758146967.146,1758146967146,6.448999881744385,6449
872.3443,790.54944,808.2784,878.7912,1758146967.146,1758146967146,6.448999881744385,6449
728.9011,619.304,799.41394,757.1062,1758146967.147,1758146967147,6.450000047683716,6450
714.7985,762.74725,799.011,719.6337,1758146967.167,1758146967167,6.4700000286102295,6470
860.65936,959.7802,805.05493,825.6044,1758146967.168,1758146967168,6.4709999561309814,6471
920.293,933.5897,809.4872,887.25275,1758146967.168,1758146967168,6.4709999561309814,6471
777.25275,701.50183,805.05493,788.1319,1758146967.169,1758146967169,6.471999883651733,6472
691.4286,669.2674,799.41394,704.3223,1758146967.17,1758146967170,6.4730000495910645,6473
817.1429,952.9304,802.23444,785.31134,1758146967.171,1758146967171,6.473999977111816,6474
934.3956,964.21246,805.4579,883.6264,1758146967.171,1758146967171,6.473999977111816,6474
822.7839,637.8388,804.65204,814.3223,1758146967.171,1758146967171,6.473999977111816,6474
689.81683,605.6044,797.3993,715.2015,1758146967.172,1758146967172,6.474999904632568,6475
765.9707,859.0476,797.8022,770.80585,1758146967.172,1758146967172,6.474999904632568,6475
895.31134,966.2271,807.0696,888.0586,1758146967.172,1758146967172,6.474999904632568,6475
824.3956,763.5531,809.0842,861.4652,1758146967.173,1758146967173,6.476000070571899,6476
675.7143,613.663,800.6227,739.7802,1758146967.234,1758146967234,6.536999940872192,6537
712.381,792.1612,801.02563,739.3773,1758146967.234,1758146967234,6.536999940872192,6537
867.9121,983.95605,809.0842,853.4066,1758146967.235,1758146967235,6.537999868392944,6538
877.5824,829.6337,810.293,880.0,1758146967.235,1758146967235,6.537999868392944,6538
730.5128,679.34064,806.6667,763.95605,1758146967.235,1758146967235,6.537999868392944,6538
694.65204,809.89014,804.65204,711.978,1758146967.236,1758146967236,6.539000034332275,6539
836.08057,954.1392,806.26373,815.9341,1758146967.236,1758146967236,6.539000034332275,6539
911.4286,934.3956,809.4872,893.69965,1758146967.236,1758146967236,6.539000034332275,6539
778.86444,641.8681,805.4579,799.81683,1758146967.237,1758146967237,6.539999961853027,6540
680.54944,599.15753,800.6227,707.5458,1758146967.237,1758146967237,6.539999961853027,6540
791.3553,898.93774,803.8461,781.28204,1758146967.237,1758146967237,6.539999961853027,6540
913.8461,987.98535,809.4872,887.6557,1758146967.237,1758146967237,6.539999961853027,6540
813.5165,722.8571,807.0696,831.2454,1758146967.274,1758146967274,6.57699990272522,6577
677.72894,613.2601,797.3993,716.4103,1758146967.274,1758146967274,6.57699990272522,6577
750.65936,844.5421,795.78754,747.8388,1758146967.275,1758146967275,6.578000068664551,6578
898.1319,928.7546,799.81683,864.2857,1758146967.275,1758146967275,6.578000068664551,6578
857.03296,813.1135,803.44324,858.6447,1758146967.275,1758146967275,6.578000068664551,6578
706.337,747.03296,805.4579,747.4359,1758146967.276,1758146967276,6.578999996185303,6579
718.4249,762.74725,804.65204,735.7509,1758146967.277,1758146967277,6.579999923706055,6580
866.7033,834.4689,806.6667,845.34796,1758146967.278,1758146967278,6.581000089645386,6581
896.1172,874.7619,813.1135,892.0879,1758146967.278,1758146967278,6.581000089645386,6581
755.09155,729.707,812.71063,788.1319,1758146967.278,1758146967278,6.581000089645386,6581
702.3077,667.25275,807.0696,726.4835,1758146967.278,1758146967278,6.581000089645386,6581
832.0513,855.42126,806.6667,814.7253,1758146967.279,1758146967279,6.582000017166138,6582
922.3077,952.9304,809.4872,894.5055,1758146967.348,1758146967348,6.651000022888184,6651
805.4579,735.34796,809.89014,816.7399,1758146967.348,1758146967348,6.651000022888184,6651
694.65204,676.9231,805.05493,718.022,1758146967.349,1758146967349,6.6519999504089355,6652
792.1612,873.95605,805.8608,777.6557,1758146967.349,1758146967349,6.6519999504089355,6652
919.89014,960.58606,810.293,886.8498,1758146967.349,1758146967349,6.6519999504089355,6652
835.6777,837.28937,807.0696,842.1245,1758146967.35,1758146967350,6.6529998779296875,6653
702.71063,618.9011,801.02563,728.49817,1758146967.35,1758146967350,6.6529998779296875,6653
758.315,787.326,799.81683,745.0183,1758146967.35,1758146967350,6.6529998779296875,6653
900.9524,1025.4579,810.696,859.45056,1758146967.351,1758146967351,6.6540000438690186,6654
876.3736,761.9414,810.696,866.30035,1758146967.351,1758146967351,6.6540000438690186,6654
721.2454,578.60803,799.41394,743.8095,1758146967.351,1758146967351,6.6540000438690186,6654
714.3956,734.5421,797.8022,712.381,1758146967.352,1758146967352,6.6549999713897705,6655
865.4945,1025.0549,807.0696,828.022,1758146967.352,1758146967352,6.6549999713897705,6655
909.41394,931.1722,813.1135,889.2674,1758146967.353,1758146967353,6.6559998989105225,6656
764.7619,649.92676,808.2784,788.93774,1758146967.353,1758146967353,6.6559998989105225,6656
689.41394,649.92676,800.2198,711.5751,1758146967.353,1758146967353,6.6559998989105225,6656
816.337,915.4579,801.4286,797.8022,1758146967.354,1758146967354,6.6570000648498535,6657
927.9487,1049.6337,811.9048,898.93774,1758146967.354,1758146967354,6.6570000648498535,6657
814.7253,769.19415,810.696,828.8278,1758146967.354,1758146967354,6.6570000648498535,6657
691.02563,614.87177,801.02563,724.87177,1758146967.354,1758146967354,6.6570000648498535,6657
778.46155,808.68134,802.23444,774.43225,1758146967.356,1758146967356,6.658999919891357,6659
918.2784,936.4103,810.293,890.07324,1758146967.356,1758146967356,6.658999919891357,6659
851.79486,769.59705,808.68134,860.2564,1758146967.356,1758146967356,6.658999919891357,6659
701.0989,639.85345,799.011,738.5714,1758146967.357,1758146967357,6.6600000858306885,6660
733.3333,813.5165,799.011,747.4359,1758146967.433,1758146967433,6.736000061035156,6736
881.2088,977.50916,803.8461,860.2564,1758146967.434,1758146967434,6.736999988555908,6737
878.3883,835.6777,803.0403,873.5531,1758146967.434,1758146967434,6.736999988555908,6737
728.9011,674.10254,801.4286,761.53845,1758146967.434,1758146967434,6.736999988555908,6737
701.50183,800.6227,799.41394,722.0513,1758146967.435,1758146967435,6.73799991607666,6738
844.1392,940.84247,801.8315,830.4396,1758146967.435,1758146967435,6.73799991607666,6738
906.99634,854.61536,809.0842,895.7143,1758146967.435,1758146967435,6.73799991607666,6738
768.7912,644.68866,805.8608,792.1612,1758146967.436,1758146967436,6.739000082015991,6739
688.20514,700.293,799.011,711.978,1758146967.436,1758146967436,6.739000082015991,6739
807.8755,873.95605,799.81683,793.7729,1758146967.436,1758146967436,6.739000082015991,6739
921.9048,905.38464,811.50183,895.31134,1758146967.437,1758146967437,6.740000009536743,6740
819.5604,720.84247,812.71063,834.4689,1758146967.437,1758146967437,6.740000009536743,6740
688.60803,658.7912,801.4286,723.2601,1758146967.476,1758146967476,6.7790000438690186,6779
767.5824,854.61536,803.0403,763.5531,1758146967.476,1758146967476,6.7790000438690186,6779
906.5934,958.5714,807.8755,878.3883,1758146967.477,1758146967477,6.7799999713897705,6780
852.6007,788.1319,806.26373,857.8388,1758146967.477,1758146967477,6.7799999713897705,6780
706.337,697.0696,802.6374,738.5714,1758146967.477,1758146967477,6.7799999713897705,6780
725.2747,844.1392,797.8022,728.49817,1758146967.478,1758146967478,6.7809998989105225,6781
873.95605,919.89014,803.0403,841.31866,1758146967.478,1758146967478,6.7809998989105225,6781
888.46155,812.3077,812.3077,877.1795,1758146967.478,1758146967478,6.7809998989105225,6781
739.7802,641.4652,807.47253,767.5824,1758146967.479,1758146967479,6.7820000648498535,6782
690.2198,701.0989,796.1905,711.5751,1758146967.48,1758146967480,6.7829999923706055,6783
828.4249,931.978,800.2198,811.9048,1758146967.481,1758146967481,6.783999919891357,6784
911.02563,899.34064,811.50183,892.8938,1758146967.481,1758146967481,6.783999919891357,6784
778.46155,691.02563,807.8755,800.2198,1758146967.524,1758146967524,6.82699990272522,6827
677.326,665.64105,800.2198,703.1135,1758146967.524,1758146967524,6.82699990272522,6827
790.54944,872.3443,803.0403,776.04395,1758146967.525,1758146967525,6.828000068664551,6828
913.44324,949.707,807.0696,884.83514,1758146967.525,1758146967525,6.828000068664551,6828
813.5165,801.8315,803.44324,831.6484,1758146967.525,1758146967525,6.828000068664551,6828
680.14655,697.8755,797.8022,719.6337,1758146967.526,1758146967526,6.828999996185303,6829
748.24176,799.41394,797.3993,745.42126,1758146967.526,1758146967526,6.828999996185303,6829
895.31134,936.8132,805.4579,859.45056,1758146967.526,1758146967526,6.828999996185303,6829
860.65936,810.696,808.2784,858.24176,1758146967.527,1758146967527,6.829999923706055,6830
707.1429,579.011,798.60803,738.97437,1758146967.527,1758146967527,6.829999923706055,6830
714.3956,769.59705,795.38464,726.4835,1758146967.527,1758146967527,6.829999923706055,6830
866.7033,978.315,802.6374,843.3333,1758146967.528,1758146967528,6.831000089645386,6831
900.54944,830.84247,805.05493,883.6264,1758146967.569,1758146967569,6.871999979019165,6872
749.45056,669.2674,799.011,772.8205,1758146967.57,1758146967570,6.872999906539917,6873
684.17584,711.978,791.3553,704.7253,1758146967.57,1758146967570,6.872999906539917,6873
817.5458,856.63007,795.38464,796.99634,1758146967.571,1758146967571,6.874000072479248,6874
915.8608,956.55676,804.2491,893.2967,1758146967.571,1758146967571,6.874000072479248,6874
796.1905,819.15753,799.81683,816.337,1758146967.571,1758146967571,6.874000072479248,6874
687.8022,686.1905,793.36993,719.6337,1758146967.572,1758146967572,6.875,6875
789.34064,784.5055,793.36993,778.86444,1758146967.572,1758146967572,6.875,6875
919.89014,904.17584,800.2198,886.04395,1758146967.572,1758146967572,6.875,6875
843.73627,799.41394,805.05493,851.39197,1758146967.573,1758146967573,6.875999927520752,6876
702.71063,654.35895,799.41394,741.79486,1758146967.573,1758146967573,6.875999927520752,6876
750.65936,803.0403,797.8022,757.9121,1758146967.573,1758146967573,6.875999927520752,6876
898.1319,936.8132,806.26373,873.1502,1758146967.616,1758146967616,6.918999910354614,6919
880.40295,815.12823,811.0989,883.6264,1758146967.617,1758146967617,6.920000076293945,6920
730.5128,701.0989,804.65204,767.98535,1758146967.617,1758146967617,6.920000076293945,6920
709.9634,693.8461,799.011,728.49817,1758146967.618,1758146967618,6.921000003814697,6921
850.989,909.81683,803.0403,832.8571,1758146967.618,1758146967618,6.921000003814697,6921
909.81683,967.4359,807.8755,897.326,1758146967.618,1758146967618,6.921000003814697,6921
759.92676,665.2381,803.8461,793.7729,1758146967.619,1758146967619,6.921999931335449,6922
678.5348,693.8461,801.02563,717.2161,1758146967.619,1758146967619,6.921999931335449,6922
809.4872,924.3223,804.65204,808.68134,1758146967.62,1758146967620,6.922999858856201,6923
907.8022,857.4359,811.50183,895.31134,1758146967.62,1758146967620,6.922999858856201,6923
792.5641,697.8755,813.5165,819.15753,1758146967.62,1758146967620,6.922999858856201,6923
672.8938,622.1245,804.2491,714.7985,1758146967.621,1758146967621,6.924000024795532,6924
763.5531,863.0769,801.8315,765.16486,1758146967.656,1758146967656,6.958999872207642,6959
904.17584,981.13556,810.293,884.0293,1758146967.656,1758146967656,6.958999872207642,6959
836.08057,765.56775,809.4872,857.4359,1758146967.657,1758146967657,6.960000038146973,6960
694.2491,650.7326,801.02563,740.58606,1758146967.657,1758146967657,6.960000038146973,6960
733.73627,817.1429,801.8315,742.6007,1758146967.657,1758146967657,6.960000038146973,6960
886.04395,1035.5311,806.6667,858.24176,1758146967.658,1758146967658,6.960999965667725,6961
892.0879,910.2198,807.8755,885.64105,1758146967.658,1758146967658,6.960999965667725,6961
739.7802,632.1978,803.8461,773.6264,1758146967.658,1758146967658,6.960999965667725,6961
704.7253,664.43225,801.8315,723.2601,1758146967.658,1758146967658,6.960999965667725,6961
846.1539,900.9524,807.0696,824.7985,1758146967.659,1758146967659,6.961999893188477,6962
913.44324,900.54944,815.12823,898.1319,1758146967.659,1758146967659,6.961999893188477,6962
775.2381,673.2967,810.696,795.38464,1758146967.659,1758146967659,6.961999893188477,6962
683.7729,676.9231,801.4286,704.3223,1758146967.696,1758146967696,6.999000072479248,6999
803.44324,907.8022,802.6374,784.5055,1758146967.697,1758146967697,7.0,7000
919.4872,964.61536,807.0696,884.0293,1758146967.699,1758146967699,7.001999855041504,7002
812.3077,727.28937,804.2491,821.978,1758146967.699,1758146967699,7.001999855041504,7002
688.60803,688.60803,803.0403,720.84247,1758146967.699,1758146967699,7.001999855041504,7002
770.80585,940.84247,804.65204,762.74725,1758146967.7,1758146967700,7.003000020980835,7003
905.78754,965.82416,805.8608,876.77655,1758146967.7,1758146967700,7.003000020980835,7003
852.6007,735.7509,808.2784,859.45056,1758146967.7,1758146967700,7.003000020980835,7003
707.1429,670.07324,802.23444,739.7802,1758146967.701,1758146967701,7.003999948501587,7004
724.4689,746.2271,797.3993,728.9011,1758146967.701,1758146967701,7.003999948501587,7004
872.74725,877.1795,800.2198,840.10986,1758146967.701,1758146967701,7.003999948501587,7004
890.07324,815.5311,806.6667,880.0,1758146967.702,1758146967702,7.004999876022339,7005
743.00366,662.01465,803.44324,773.22345,1758146967.738,1758146967738,7.040999889373779,7041
698.68134,719.2308,797.3993,716.0073,1758146967.739,1758146967739,7.04200005531311,7042
836.08057,921.0989,805.05493,815.5311,1758146967.739,1758146967739,7.04200005531311,7042
920.696,952.9304,807.8755,898.93774,1758146967.739,1758146967739,7.04200005531311,7042
791.3553,724.4689,804.65204,811.50183,1758146967.74,1758146967740,7.042999982833862,7043
691.8315,716.8132,800.6227,720.84247,1758146967.74,1758146967740,7.042999982833862,7043
802.6374,909.011,798.20514,789.34064,1758146967.74,1758146967740,7.042999982833862,7043
924.7253,871.53845,801.4286,892.8938,1758146967.741,1758146967741,7.043999910354614,7044
831.2454,697.47253,801.02563,840.9158,1758146967.741,1758146967741,7.043999910354614,7044
699.4872,660.0,801.02563,728.49817,1758146967.741,1758146967741,7.043999910354614,7044
755.89746,840.10986,799.011,753.0769,1758146967.742,1758146967742,7.045000076293945,7045
894.10254,935.6044,801.8315,865.09155,1758146967.742,1758146967742,7.045000076293945,7045
867.9121,848.5714,807.0696,865.09155,1758146967.804,1758146967804,7.10699987411499,7107
714.3956,670.87915,801.8315,744.61536,1758146967.804,1758146967804,7.10699987411499,7107
707.9487,720.4396,797.3993,716.0073,1758146967.805,1758146967805,7.108000040054321,7108
857.4359,946.08057,804.65204,822.7839,1758146967.805,1758146967805,7.108000040054321,7108
897.326,897.326,809.4872,872.3443,1758146967.806,1758146967806,7.108999967575073,7109
756.7033,755.89746,806.6667,772.8205,1758146967.807,1758146967807,7.109999895095825,7110
686.1905,712.381,799.81683,701.9048,1758146967.807,1758146967807,7.109999895095825,7110
807.8755,869.5238,799.81683,788.93774,1758146967.807,1758146967807,7.109999895095825,7110
911.4286,934.7985,806.6667,887.6557,1758146967.808,1758146967808,7.111000061035156,7111
799.41394,682.1612,806.26373,813.91943,1758146967.808,1758146967808,7.111000061035156,7111
679.34064,644.2857,799.011,706.337,1758146967.808,1758146967808,7.111000061035156,7111
769.19415,868.315,797.3993,765.56775,1758146967.808,1758146967808,7.111000061035156,7111
906.1905,943.663,807.0696,885.2381,1758146967.848,1758146967848,7.151000022888184,7151
827.619,741.39197,806.6667,846.1539,1758146967.848,1758146967848,7.151000022888184,7151
691.8315,651.9414,795.38464,732.9304,1758146967.848,1758146967848,7.151000022888184,7151
743.00366,801.8315,792.5641,750.2564,1758146967.849,1758146967849,7.1519999504089355,7152
894.90845,1012.1612,802.23444,870.32965,1758146967.849,1758146967849,7.1519999504089355,7152
883.22345,868.315,806.26373,885.2381,1758146967.849,1758146967849,7.1519999504089355,7152
730.5128,627.76556,798.60803,766.3736,1758146967.85,1758146967850,7.1529998779296875,7153
711.978,687.8022,795.38464,724.87177,1758146967.85,1758146967850,7.1529998779296875,7153
856.63007,881.6117,800.6227,828.8278,1758146967.85,1758146967850,7.1529998779296875,7153
914.2491,908.20514,808.2784,892.8938,1758146967.851,1758146967851,7.1540000438690186,7154
774.83514,716.0073,805.05493,790.9524,1758146967.851,1758146967851,7.1540000438690186,7154
695.05493,702.71063,796.5934,707.1429,1758146967.851,1758146967851,7.1540000438690186,7154
813.1135,892.0879,801.02563,789.7436,1758146967.89,1758146967890,7.193000078201294,7193
920.696,931.1722,809.4872,890.07324,1758146967.89,1758146967890,7.193000078201294,7193
811.0989,720.84247,804.65204,820.3663,1758146967.891,1758146967891,7.194000005722046,7194
685.38464,622.9304,798.20514,716.8132,1758146967.891,1758146967891,7.194000005722046,7194
771.2088,892.49084,799.011,765.9707,1758146967.891,1758146967891,7.194000005722046,7194
908.60803,1043.1868,805.8608,880.0,1758146967.892,1758146967892,7.194999933242798,7195
848.1685,769.19415,808.2784,858.24176,1758146967.893,1758146967893,7.19599986076355,7196
704.7253,584.65204,798.60803,738.5714,1758146967.894,1758146967894,7.197000026702881,7197
733.73627,785.31134,796.5934,736.9597,1758146967.894,1758146967894,7.197000026702881,7197
878.7912,900.14655,806.26373,858.24176,1758146967.894,1758146967894,7.197000026702881,7197
882.4176,792.5641,807.0696,888.0586,1758146967.894,1758146967894,7.197000026702881,7197
731.31866,652.3443,797.3993,769.59705,1758146967.895,1758146967895,7.197999954223633,7198
691.02563,722.0513,788.93774,712.381,1758146967.927,1758146967927,7.230000019073486,7230
832.8571,946.8865,793.7729,813.1135,1758146967.928,1758146967928,7.230999946594238,7231
906.5934,927.5458,801.4286,888.86444,1758146967.928,1758146967928,7.230999946594238,7231
776.04395,691.8315,801.4286,794.17584,1758146967.929,1758146967929,7.23199987411499,7232
692.23444,707.5458,797.8022,711.5751,1758146967.93,1758146967930,7.233000040054321,7233
806.6667,955.34796,797.8022,786.9231,1758146967.93,1758146967930,7.233000040054321,7233
915.05493,989.19415,805.8608,885.64105,1758146967.931,1758146967931,7.233999967575073,7234
811.9048,686.99634,806.26373,829.6337,1758146967.931,1758146967931,7.233999967575073,7234
676.1172,587.0696,799.011,719.2308,1758146967.932,1758146967932,7.234999895095825,7235
743.4066,825.2015,799.81683,752.27106,1758146967.932,1758146967932,7.234999895095825,7235
885.64105,956.55676,807.8755,865.09155,1758146967.933,1758146967933,7.236000061035156,7236
841.31866,784.5055,811.50183,853.4066,1758146967.933,1758146967933,7.236000061035156,7236
689.011,606.0073,805.4579,731.7216,1758146967.973,1758146967973,7.276000022888184,7276
706.7399,764.35895,803.0403,722.4542,1758146967.974,1758146967974,7.2769999504089355,7277
858.24176,940.84247,808.2784,840.9158,1758146967.974,1758146967974,7.2769999504089355,7277
875.9707,809.4872,807.8755,875.9707,1758146967.974,1758146967974,7.2769999504089355,7277
734.1392,697.8755,805.4579,770.40295,1758146967.975,1758146967975,7.2779998779296875,7278
689.011,820.3663,800.2198,711.978,1758146967.975,1758146967975,7.2779998779296875,7278
824.3956,923.1135,801.4286,803.0403,1758146967.975,1758146967975,7.2779998779296875,7278
912.23444,906.5934,807.0696,888.46155,1758146967.976,1758146967976,7.2790000438690186,7279
784.10254,713.5897,803.8461,806.26373,1758146967.977,1758146967977,7.2799999713897705,7280
678.93774,627.76556,801.8315,710.3663,1758146967.978,1758146967978,7.2809998989105225,7281
789.7436,848.1685,802.6374,779.2674,1758146967.978,1758146967978,7.2809998989105225,7281
923.5165,950.9158,808.68134,892.8938,1758146967.978,1758146967978,7.2809998989105225,7281
840.9158,774.83514,810.696,848.1685,1758146968.01,1758146968010,7.312999963760376,7313
707.1429,672.8938,803.8461,736.55676,1758146968.011,1758146968011,7.313999891281128,7314
761.13556,842.1245,805.05493,756.30035,1758146968.011,1758146968011,7.313999891281128,7314
900.54944,954.94507,813.5165,867.1062,1758146968.011,1758146968011,7.313999891281128,7314
874.7619,807.8755,811.0989,865.09155,1758146968.012,1758146968012,7.315000057220459,7315
732.1245,715.6044,802.6374,750.2564,1758146968.012,1758146968012,7.315000057220459,7315
729.707,811.9048,802.23444,724.0659,1758146968.012,1758146968012,7.315000057220459,7315
868.315,865.4945,806.6667,831.2454,1758146968.013,1758146968013,7.315999984741211,7316
902.1612,853.4066,810.293,894.5055,1758146968.013,1758146968013,7.315999984741211,7316
752.27106,719.2308,807.8755,803.0403,1758146968.013,1758146968013,7.315999984741211,7316
668.0586,674.5055,805.4579,728.0952,1758146968.013,1758146968013,7.315999984741211,7316
784.5055,850.989,807.47253,812.71063,1758146968.014,1758146968014,7.316999912261963,7317
892.49084,944.4689,813.91943,908.20514,1758146968.078,1758146968078,7.38100004196167,7381
780.87915,758.315,811.0989,828.4249,1758146968.078,1758146968078,7.38100004196167,7381
670.87915,673.69965,801.8315,720.0366,1758146968.079,1758146968079,7.381999969482422,7382
776.04395,855.42126,803.8461,776.04395,1758146968.079,1758146968079,7.381999969482422,7382
915.8608,981.53845,809.4872,889.2674,1758146968.08,1758146968080,7.382999897003174,7383
842.9304,834.87177,807.8755,850.989,1758146968.08,1758146968080,7.382999897003174,7383
704.3223,662.8205,801.8315,732.1245,1758146968.081,1758146968081,7.384000062942505,7384
743.4066,773.6264,796.5934,739.3773,1758146968.081,1758146968081,7.384000062942505,7384
886.4469,949.707,797.8022,850.18317,1758146968.081,1758146968081,7.384000062942505,7384
877.5824,808.68134,799.41394,865.09155,1758146968.082,1758146968082,7.384999990463257,7385
728.0952,620.10986,796.99634,752.674,1758146968.083,1758146968083,7.385999917984009,7386
703.91943,718.4249,796.5934,711.978,1758146968.084,1758146968084,7.38700008392334,7387
848.97437,946.4835,801.8315,819.5604,1758146968.107,1758146968107,7.4100000858306885,7410
917.0696,925.5311,808.2784,889.67035,1758146968.108,1758146968108,7.41100001335144,7411
774.43225,708.7546,806.26373,792.96704,1758146968.108,1758146968108,7.41100001335144,7411
681.75824,670.07324,798.20514,710.3663,1758146968.108,1758146968108,7.41100001335144,7411
802.23444,903.36993,799.81683,790.14655,1758146968.108,1758146968108,7.41100001335144,7411
913.8461,1013.36993,805.4579,883.6264,1758146968.109,1758146968109,7.411999940872192,7412
807.0696,716.4103,803.44324,814.7253,1758146968.109,1758146968109,7.411999940872192,7412
680.54944,569.34064,795.78754,705.9341,1758146968.109,1758146968109,7.411999940872192,7412
763.1502,844.5421,798.20514,748.24176,1758146968.11,1758146968110,7.412999868392944,7413
906.1905,967.03296,806.6667,868.315,1758146968.11,1758146968110,7.412999868392944,7413
848.5714,727.28937,809.0842,852.1978,1758146968.11,1758146968110,7.412999868392944,7413
706.7399,647.50916,807.0696,738.5714,1758146968.111,1758146968111,7.414000034332275,7414
729.304,804.65204,806.6667,734.5421,1758146968.179,1758146968179,7.48199987411499,7482
876.3736,937.619,810.293,849.7802,1758146968.18,1758146968180,7.483000040054321,7483
896.9231,853.4066,813.1135,887.25275,1758146968.18,1758146968180,7.483000040054321,7483
751.06226,655.9707,809.0842,775.64105,1758146968.18,1758146968180,7.483000040054321,7483
709.9634,759.12085,802.6374,715.6044,1758146968.181,1758146968181,7.483999967575073,7484
845.34796,1012.5641,806.6667,816.7399,1758146968.181,1758146968181,7.483999967575073,7484
919.0842,921.9048,807.0696,892.49084,1758146968.181,1758146968181,7.483999967575073,7484
787.326,649.5238,796.5934,795.78754,1758146968.181,1758146968181,7.483999967575073,7484
691.4286,673.2967,790.9524,709.5604,1758146968.182,1758146968182,7.484999895095825,7485
803.0403,870.7326,796.1905,782.8938,1758146968.182,1758146968182,7.484999895095825,7485
925.12823,918.68134,803.8461,884.0293,1758146968.182,1758146968182,7.484999895095825,7485
825.6044,725.6777,805.05493,828.4249,1758146968.182,1758146968182,7.484999895095825,7485
691.02563,693.0403,801.8315,718.8278,1758146968.219,1758146968219,7.522000074386597,7522
757.1062,826.0073,799.81683,748.24176,1758146968.22,1758146968220,7.523000001907349,7523
895.31134,911.02563,804.65204,862.27106,1758146968.22,1758146968220,7.523000001907349,7523
859.45056,780.07324,808.2784,860.65936,1758146968.22,1758146968220,7.523000001907349,7523
712.381,702.3077,799.41394,746.63007,1758146968.221,1758146968221,7.523999929428101,7524
723.663,867.9121,796.5934,728.0952,1758146968.221,1758146968221,7.523999929428101,7524
871.13556,960.58606,803.8461,837.28937,1758146968.221,1758146968221,7.523999929428101,7524
896.9231,809.0842,807.47253,877.5824,1758146968.221,1758146968221,7.523999929428101,7524
752.674,649.12085,802.6374,773.6264,1758146968.222,1758146968222,7.5249998569488525,7525
689.81683,716.4103,794.9817,708.7546,1758146968.222,1758146968222,7.5249998569488525,7525
822.381,886.8498,801.4286,805.05493,1758146968.222,1758146968222,7.5249998569488525,7525
917.47253,892.0879,810.293,896.9231,1758146968.223,1758146968223,7.526000022888184,7526
794.9817,720.84247,809.0842,815.5311,1758146968.264,1758146968264,7.566999912261963,7567
684.17584,709.15753,803.8461,716.0073,1758146968.264,1758146968264,7.566999912261963,7567
782.0879,861.8681,802.23444,772.8205,1758146968.265,1758146968265,7.568000078201294,7568
915.05493,918.2784,810.293,882.8205,1758146968.265,1758146968265,7.568000078201294,7568
840.5128,824.3956,813.1135,845.7509,1758146968.265,1758146968265,7.568000078201294,7568
702.71063,721.2454,805.8608,735.7509,1758146968.266,1758146968266,7.569000005722046,7569
748.6447,792.96704,801.8315,752.674,1758146968.266,1758146968266,7.569000005722046,7569
894.90845,969.85345,806.6667,861.8681,1758146968.266,1758146968266,7.569000005722046,7569
874.35895,791.3553,806.6667,868.315,1758146968.267,1758146968267,7.569999933242798,7570
720.4396,572.1612,799.41394,751.4652,1758146968.267,1758146968267,7.569999933242798,7570
713.9927,763.1502,801.02563,721.2454,1758146968.267,1758146968267,7.569999933242798,7570
856.63007,909.41394,808.68134,828.8278,1758146968.268,1758146968268,7.57099986076355,7571
905.38464,913.8461,811.50183,886.8498,1758146968.308,1758146968308,7.611000061035156,7611
759.92676,734.94507,803.44324,782.8938,1758146968.309,1758146968309,7.611999988555908,7612
684.57874,718.8278,793.7729,704.3223,1758146968.311,1758146968311,7.614000082015991,7614
813.91943,878.7912,798.20514,798.20514,1758146968.311,1758146968311,7.614000082015991,7614
911.4286,952.9304,805.05493,892.49084,1758146968.311,1758146968311,7.614000082015991,7614
801.8315,805.05493,805.4579,815.5311,1758146968.312,1758146968312,7.615000009536743,7615
685.78754,650.32965,799.81683,713.5897,1758146968.312,1758146968312,7.615000009536743,7615
769.19415,781.685,797.8022,764.35895,1758146968.312,1758146968312,7.615000009536743,7615
901.75824,887.6557,803.44324,876.3736,1758146968.313,1758146968313,7.615999937057495,7616
838.49817,763.95605,809.89014,853.00366,1758146968.313,1758146968313,7.615999937057495,7616
699.4872,653.1502,805.4579,738.97437,1758146968.313,1758146968313,7.615999937057495,7616
733.73627,794.17584,798.60803,743.00366,1758146968.313,1758146968313,7.615999937057495,7616
883.6264,994.43225,806.26373,857.03296,1758146968.34,1758146968340,7.642999887466431,7643
883.22345,852.6007,814.3223,884.83514,1758146968.341,1758146968341,7.644000053405762,7644
730.5128,668.86444,808.2784,773.22345,1758146968.341,1758146968341,7.644000053405762,7644
699.89014,743.4066,798.60803,727.28937,1758146968.342,1758146968342,7.644999980926514,7645
837.6923,908.60803,803.8461,826.4103,1758146968.342,1758146968342,7.644999980926514,7645
903.7729,935.6044,812.71063,892.0879,1758146968.343,1758146968343,7.645999908447266,7646
771.2088,723.2601,807.8755,796.99634,1758146968.343,1758146968343,7.645999908447266,7646
674.5055,641.8681,799.81683,705.9341,1758146968.343,1758146968343,7.645999908447266,7646
792.96704,872.3443,803.0403,785.31134,1758146968.344,1758146968344,7.647000074386597,7647
915.05493,906.5934,812.71063,894.5055,1758146968.344,1758146968344,7.647000074386597,7647
809.89014,774.83514,812.3077,833.663,1758146968.344,1758146968344,7.647000074386597,7647
679.34064,675.7143,803.44324,720.84247,1758146968.345,1758146968345,7.648000001907349,7648
754.2857,799.81683,799.41394,758.315,1758146968.412,1758146968412,7.7149999141693115,7715
892.49084,963.4066,801.4286,865.09155,1758146968.413,1758146968413,7.716000080108643,7716
842.52747,803.0403,801.8315,840.5128,1758146968.413,1758146968413,7.716000080108643,7716
696.26373,666.4469,796.1905,722.4542,1758146968.414,1758146968414,7.7170000076293945,7717
710.3663,781.28204,794.17584,714.3956,1758146968.415,1758146968415,7.7179999351501465,7718
862.27106,1002.0879,804.2491,836.8865,1758146968.416,1758146968416,7.718999862670898,7719
883.6264,858.6447,805.4579,876.77655,1758146968.416,1758146968416,7.718999862670898,7719
732.9304,585.8608,796.99634,765.16486,1758146968.417,1758146968417,7.7200000286102295,7720
693.8461,725.2747,798.60803,711.5751,1758146968.417,1758146968417,7.7200000286102295,7720
833.2601,932.7839,803.0403,808.2784,1758146968.417,1758146968417,7.7200000286102295,7720
910.6227,898.5348,807.8755,891.685,1758146968.417,1758146968417,7.7200000286102295,7720
782.8938,702.71063,804.65204,805.4579,1758146968.418,1758146968418,7.7209999561309814,7721
684.17584,680.54944,796.5934,710.3663,1758146968.441,1758146968441,7.74399995803833,7744
788.1319,889.67035,798.20514,777.25275,1758146968.442,1758146968442,7.744999885559082,7745
907.3993,966.63007,807.47253,884.83514,1758146968.442,1758146968442,7.744999885559082,7745
820.3663,693.44324,809.89014,834.0659,1758146968.442,1758146968442,7.744999885559082,7745
689.011,645.09155,803.8461,723.2601,1758146968.443,1758146968443,7.746000051498413,7746
751.4652,924.7253,803.8461,755.09155,1758146968.443,1758146968443,7.746000051498413,7746
895.7143,947.6923,810.696,869.92676,1758146968.443,1758146968443,7.746000051498413,7746
861.4652,746.63007,813.1135,866.7033,1758146968.444,1758146968444,7.746999979019165,7747
718.4249,688.20514,807.8755,753.8828,1758146968.444,1758146968444,7.746999979019165,7747
723.663,736.55676,800.6227,731.31866,1758146968.444,1758146968444,7.746999979019165,7747
865.4945,914.2491,803.44324,838.0952,1758146968.445,1758146968445,7.747999906539917,7748
899.34064,873.95605,812.71063,888.86444,1758146968.445,1758146968445,7.747999906539917,7748
756.7033,676.1172,807.0696,784.5055,1758146968.506,1758146968506,7.809000015258789,7809
693.0403,700.293,799.41394,715.2015,1758146968.507,1758146968507,7.809999942779541,7810
826.8132,896.1172,807.0696,809.4872,1758146968.507,1758146968507,7.809999942779541,7810
924.3223,904.9817,815.5311,900.14655,1758146968.508,1758146968508,7.810999870300293,7811
802.23444,739.7802,811.9048,818.3516,1758146968.508,1758146968508,7.810999870300293,7811
693.0403,748.24176,805.05493,716.4103,1758146968.508,1758146968508,7.810999870300293,7811
786.9231,887.6557,803.0403,773.22345,1758146968.51,1758146968510,7.812999963760376,7813
906.5934,922.71063,808.2784,885.2381,1758146968.51,1758146968510,7.812999963760376,7813
821.978,695.8608,808.2784,838.49817,1758146968.51,1758146968510,7.812999963760376,7813
683.7729,607.619,799.011,715.6044,1758146968.511,1758146968511,7.813999891281128,7814
735.7509,801.8315,799.011,732.52747,1758146968.511,1758146968511,7.813999891281128,7814
884.83514,933.9927,805.05493,848.1685,1758146968.511,1758146968511,7.813999891281128,7814
875.56775,820.3663,812.71063,867.50916,1758146968.557,1758146968557,7.859999895095825,7860
726.8865,671.685,806.6667,753.8828,1758146968.557,1758146968557,7.859999895095825,7860
706.337,765.9707,801.02563,716.4103,1758146968.558,1758146968558,7.861000061035156,7861
845.34796,904.17584,805.8608,825.2015,1758146968.558,1758146968558,7.861000061035156,7861
900.14655,907.8022,809.4872,887.6557,1758146968.558,1758146968558,7.861000061035156,7861
762.3443,767.5824,805.05493,788.93774,1758146968.559,1758146968559,7.861999988555908,7862
684.57874,703.5165,800.6227,714.3956,1758146968.559,1758146968559,7.861999988555908,7862
807.8755,886.4469,804.2491,797.8022,1758146968.56,1758146968560,7.86299991607666,7863
914.65204,955.34796,811.50183,888.46155,1758146968.56,1758146968560,7.86299991607666,7863
809.4872,692.23444,809.89014,816.337,1758146968.56,1758146968560,7.86299991607666,7863
684.9817,589.0842,799.41394,708.7546,1758146968.561,1758146968561,7.864000082015991,7864
765.56775,824.3956,797.3993,755.4945,1758146968.561,1758146968561,7.864000082015991,7864
902.5641,985.9707,803.44324,865.09155,1758146968.605,1758146968605,7.9079999923706055,7908
841.31866,772.01465,805.05493,839.304,1758146968.605,1758146968605,7.9079999923706055,7908
695.8608,653.1502,799.011,727.28937,1758146968.605,1758146968605,7.9079999923706055,7908
732.52747,808.68134,794.9817,731.7216,1758146968.606,1758146968606,7.908999919891357,7909
883.22345,960.58606,801.8315,846.55676,1758146968.606,1758146968606,7.908999919891357,7909
882.8205,900.9524,805.8608,875.16486,1758146968.606,1758146968606,7.908999919891357,7909
731.7216,688.60803,801.4286,767.98535,1758146968.607,1758146968607,7.9100000858306885,7910
696.6667,666.4469,797.3993,718.022,1758146968.607,1758146968607,7.9100000858306885,7910
835.6777,876.3736,801.02563,815.9341,1758146968.608,1758146968608,7.91100001335144,7911
905.38464,910.6227,805.8608,884.43225,1758146968.609,1758146968609,7.911999940872192,7912
770.80585,689.011,804.65204,794.17584,1758146968.609,1758146968609,7.911999940872192,7912
677.326,670.4762,799.41394,713.5897,1758146968.609,1758146968609,7.911999940872192,7912
794.17584,937.619,802.23444,791.3553,1758146968.65,1758146968650,7.953000068664551,7953
916.26373,968.6447,808.2784,892.8938,1758146968.651,1758146968651,7.953999996185303,7954
813.91943,701.50183,804.2491,830.0366,1758146968.651,1758146968651,7.953999996185303,7954
683.7729,628.1685,799.81683,723.663,1758146968.651,1758146968651,7.953999996185303,7954
761.53845,855.42126,805.8608,767.98535,1758146968.652,1758146968652,7.954999923706055,7955
907.8022,1043.1868,812.71063,886.8498,1758146968.652,1758146968652,7.954999923706055,7955
856.63007,811.0989,813.5165,865.4945,1758146968.652,1758146968652,7.954999923706055,7955
700.696,613.2601,805.8608,745.0183,1758146968.653,1758146968653,7.956000089645386,7956
710.3663,755.09155,798.20514,734.1392,1758146968.653,1758146968653,7.956000089645386,7956
856.2271,887.25275,799.41394,840.5128,1758146968.653,1758146968653,7.956000089645386,7956
882.4176,848.97437,806.6667,880.0,1758146968.653,1758146968653,7.956000089645386,7956
734.5421,662.01465,801.02563,766.3736,1758146968.654,1758146968654,7.957000017166138,7957
680.14655,709.15753,794.57874,704.7253,1758146968.69,1758146968690,7.993000030517578,7993
817.9487,939.6337,804.2491,804.65204,1758146968.69,1758146968690,7.993000030517578,7993
901.3553,908.60803,810.293,885.64105,1758146968.691,1758146968691,7.99399995803833,7994
771.2088,704.3223,803.0403,795.38464,1758146968.691,1758146968691,7.99399995803833,7994
670.87915,732.9304,796.99634,701.0989,1758146968.691,1758146968691,7.99399995803833,7994
775.2381,884.43225,797.8022,771.6117,1758146968.692,1758146968692,7.994999885559082,7995
898.5348,954.1392,803.8461,878.3883,1758146968.692,1758146968692,7.994999885559082,7995
809.89014,683.7729,805.8608,827.2161,1758146968.692,1758146968692,7.994999885559082,7995
679.34064,590.696,800.6227,721.2454,1758146968.692,1758146968692,7.994999885559082,7995
749.45056,848.1685,799.41394,753.0769,1758146968.693,1758146968693,7.996000051498413,7996
899.34064,994.43225,814.3223,866.30035,1758146968.694,1758146968694,7.996999979019165,7997
872.74725,831.2454,818.3516,865.89746,1758146968.695,1758146968695,7.997999906539917,7998
704.7253,660.0,805.05493,735.34796,1758146968.723,1758146968723,8.026000022888184,8026
689.41394,786.1172,808.68134,699.4872,1758146968.723,1758146968723,8.026000022888184,8026
834.4689,960.18317,815.9341,806.26373,1758146968.724,1758146968724,8.026999950408936,8027
843.3333,878.7912,807.8755,824.7985,1758146968.724,1758146968724,8.026999950408936,8027
674.5055,741.39197,797.8022,687.8022,1758146968.724,1758146968724,8.026999950408936,8027
585.8608,818.3516,804.65204,596.337,1758146968.725,1758146968725,8.027999877929688,8028
678.5348,906.99634,808.2784,650.32965,1758146968.725,1758146968725,8.027999877929688,8028
739.3773,944.87177,804.2491,712.7839,1758146968.725,1758146968725,8.027999877929688,8028
604.7985,797.3993,803.8461,619.707,1758146968.726,1758146968726,8.029000043869019,8029
476.26373,638.24176,802.6374,501.24542,1758146968.726,1758146968726,8.029000043869019,8029
564.10254,860.65936,803.8461,545.16486,1758146968.726,1758146968726,8.029000043869019,8029
699.0842,1007.72894,808.68134,652.3443,1758146968.727,1758146968727,8.02999997138977,8030
639.85345,810.293,814.3223,624.94507,1758146968.762,1758146968762,8.065000057220459,8065
514.94507,680.9524,815.9341,521.79486,1758146968.763,1758146968763,8.065999984741211,8066
562.8938,853.8095,815.12823,538.71796,1758146968.763,1758146968763,8.065999984741211,8066
718.022,975.89746,819.15753,664.0293,1758146968.763,1758146968763,8.065999984741211,8066
713.5897,869.5238,817.5458,690.2198,1758146968.764,1758146968764,8.066999912261963,8067
572.96704,778.0586,811.0989,582.23444,1758146968.764,1758146968764,8.066999912261963,8067
566.52014,836.08057,810.293,556.8498,1758146968.764,1758146968764,8.066999912261963,8067
718.022,895.7143,814.7253,674.90845,1758146968.765,1758146968765,8.068000078201294,8068
795.38464,898.1319,821.978,759.92676,1758146968.765,1758146968765,8.068000078201294,8068
678.5348,779.2674,819.9634,687.8022,1758146968.765,1758146968765,8.068000078201294,8068
611.2454,763.1502,811.9048,622.52747,1758146968.766,1758146968766,8.069000005722046,8069
747.8388,922.71063,807.8755,715.6044,1758146968.766,1758146968766,8.069000005722046,8069
870.32965,911.8315,806.6667,829.6337,1758146968.84,1758146968840,8.14299988746643,8143
776.4469,735.7509,807.0696,780.87915,1758146968.84,1758146968840,8.14299988746643,8143
670.87915,687.3993,802.23444,690.2198,1758146968.841,1758146968841,8.144000053405762,8144
765.9707,847.76556,796.1905,745.42126,1758146968.841,1758146968841,8.144000053405762,8144
911.8315,1004.90845,796.5934,869.5238,1758146968.841,1758146968841,8.144000053405762,8144
865.4945,883.22345,797.3993,853.8095,1758146968.842,1758146968842,8.144999980926514,8145
728.9011,629.7802,794.17584,747.8388,1758146968.842,1758146968842,8.144999980926514,8145
758.315,728.9011,790.9524,760.32965,1758146968.842,1758146968842,8.144999980926514,8145
915.4579,997.25275,794.9817,886.8498,1758146968.843,1758146968843,8.145999908447266,8146
933.1868,825.6044,799.81683,928.7546,1758146968.843,1758146968843,8.145999908447266,8146
786.9231,624.5421,794.57874,824.3956,1758146968.843,1758146968843,8.145999908447266,8146
750.65936,699.0842,789.7436,776.04395,1758146968.843,1758146968843,8.145999908447266,8146
894.5055,903.7729,794.57874,877.5824,1758146968.878,1758146968878,8.180999994277954,8181
979.12085,903.7729,799.011,960.58606,1758146968.879,1758146968879,8.181999921798706,8182
861.4652,724.0659,796.1905,875.16486,1758146968.879,1758146968879,8.181999921798706,8182
771.6117,627.76556,789.7436,786.9231,1758146968.88,1758146968880,8.183000087738037,8183
888.0586,826.8132,792.5641,865.4945,1758146968.88,1758146968880,8.183000087738037,8183
1018.60803,992.8205,799.81683,981.53845,1758146968.88,1758146968880,8.183000087738037,8183
913.44324,712.7839,800.2198,937.2161,1758146968.88,1758146968880,8.183000087738037,8183
766.77655,552.4176,796.99634,826.8132,1758146968.881,1758146968881,8.184000015258789,8184
828.022,790.54944,796.1905,860.2564,1758146968.881,1758146968881,8.184000015258789,8184
968.24176,930.3663,803.44324,978.71796,1758146968.881,1758146968881,8.184000015258789,8184
927.1429,780.07324,803.44324,970.65936,1758146968.882,1758146968882,8.184999942779541,8185
778.0586,593.1135,794.57874,845.34796,1758146968.882,1758146968882,8.184999942779541,8185
796.99634,749.85345,793.36993,823.5897,1758146968.914,1758146968914,8.217000007629395,8217
951.7216,945.6777,798.20514,936.8132,1758146968.915,1758146968915,8.217999935150146,8218
974.2857,838.9011,800.6227,973.8828,1758146968.918,1758146968918,8.220999956130981,8221
823.1868,632.1978,798.20514,863.0769,1758146968.918,1758146968918,8.220999956130981,8221
779.67035,693.0403,794.57874,808.68134,1758146968.919,1758146968919,8.221999883651733,8222
914.65204,962.1978,797.8022,900.9524,1758146968.919,1758146968919,8.221999883651733,8222
992.8205,916.6667,800.6227,973.0769,1758146968.92,1758146968920,8.223000049591064,8223
871.53845,672.8938,795.78754,890.4762,1758146968.92,1758146968920,8.223000049591064,8223
766.77655,661.6117,790.14655,792.5641,1758146968.921,1758146968921,8.223999977111816,8224
866.7033,809.89014,789.7436,851.79486,1758146968.921,1758146968921,8.223999977111816,8224
992.4176,887.25275,794.57874,960.18317,1758146968.922,1758146968922,8.224999904632568,8225
911.8315,735.34796,796.99634,918.2784,1758146968.922,1758146968922,8.224999904632568,8225
777.25275,642.27106,793.7729,800.6227,1758146968.949,1758146968949,8.251999855041504,8252
832.8571,804.2491,790.9524,817.9487,1758146968.95,1758146968950,8.253000020980835,8253
974.2857,956.1539,798.20514,933.9927,1758146968.95,1758146968950,8.253000020980835,8253
944.4689,808.2784,801.02563,940.0366,1758146968.95,1758146968950,8.253000020980835,8253
788.1319,662.8205,794.17584,825.6044,1758146968.951,1758146968951,8.253999948501587,8254
779.2674,793.7729,792.96704,794.9817,1758146968.951,1758146968951,8.253999948501587,8254
924.7253,925.5311,794.9817,894.10254,1758146968.952,1758146968952,8.254999876022339,8255
965.82416,810.293,798.20514,942.8571,1758146968.952,1758146968952,8.254999876022339,8255
821.978,670.07324,797.8022,839.707,1758146968.952,1758146968952,8.254999876022339,8255
744.61536,704.3223,792.96704,764.7619,1758146968.952,1758146968952,8.254999876022339,8255
867.9121,820.3663,796.1905,852.1978,1758146968.953,1758146968953,8.25600004196167,8256
972.674,892.0879,801.02563,943.2601,1758146968.953,1758146968953,8.25600004196167,8256
854.21246,723.663,799.81683,860.2564,1758146969.02,1758146969020,8.322999954223633,8323
731.7216,660.40295,796.99634,755.09155,1758146969.021,1758146969021,8.323999881744385,8324
821.1722,851.79486,797.8022,808.68134,1758146969.021,1758146969021,8.323999881744385,8324
949.304,929.15753,801.02563,912.6374,1758146969.022,1758146969022,8.325000047683716,8325
876.3736,770.40295,803.8461,877.1795,1758146969.024,1758146969024,8.32699990272522,8327
736.9597,712.381,798.20514,764.35895,1758146969.024,1758146969024,8.32699990272522,8327
774.0293,798.60803,792.5641,772.01465,1758146969.024,1758146969024,8.32699990272522,8327
907.8022,899.7436,795.78754,878.3883,1758146969.024,1758146969024,8.32699990272522,8327
897.326,841.7216,799.81683,898.1319,1758146969.025,1758146969025,8.32800006866455,8328
750.65936,598.7546,797.8022,790.9524,1758146969.025,1758146969025,8.32800006866455,8328
723.663,712.381,794.17584,745.42126,1758146969.025,1758146969025,8.32800006866455,8328
862.27106,913.44324,797.8022,842.9304,1758146969.026,1758146969026,8.328999996185303,8329
929.15753,956.55676,806.26373,914.2491,1758146969.062,1758146969062,8.365000009536743,8365
794.17584,744.21246,805.4579,819.9634,1758146969.063,1758146969063,8.365999937057495,8366
706.7399,650.7326,803.8461,735.7509,1758146969.063,1758146969063,8.365999937057495,8366
828.8278,857.8388,806.6667,816.337,1758146969.064,1758146969064,8.366999864578247,8367
943.663,972.674,811.9048,915.8608,1758146969.064,1758146969064,8.366999864578247,8367
836.8865,817.1429,812.3077,853.4066,1758146969.064,1758146969064,8.366999864578247,8367
709.9634,672.8938,806.6667,748.24176,1758146969.064,1758146969064,8.366999864578247,8367
785.7143,786.1172,804.2491,786.52014,1758146969.065,1758146969065,8.368000030517578,8368
915.8608,903.7729,805.05493,891.685,1758146969.065,1758146969065,8.368000030517578,8368
859.0476,782.49084,806.26373,871.9414,1758146969.065,1758146969065,8.368000030517578,8368
713.9927,661.2088,804.2491,754.68866,1758146969.066,1758146969066,8.36899995803833,8369
734.94507,802.6374,802.6374,745.0183,1758146969.066,1758146969066,8.36899995803833,8369
874.7619,944.87177,807.0696,856.63007,1758146969.105,1758146969105,8.407999992370605,8408
886.4469,840.9158,807.8755,888.46155,1758146969.105,1758146969105,8.407999992370605,8408
743.4066,651.53845,799.41394,778.0586,1758146969.106,1758146969106,8.408999919891357,8409
694.65204,688.20514,794.9817,721.2454,1758146969.106,1758146969106,8.408999919891357,8409
838.49817,974.68866,804.2491,827.2161,1758146969.106,1758146969106,8.408999919891357,8409
919.4872,937.619,811.9048,907.8022,1758146969.107,1758146969107,8.410000085830688,8410
779.67035,679.7436,810.696,810.293,1758146969.108,1758146969108,8.41100001335144,8411
681.3553,657.98535,807.0696,716.4103,1758146969.109,1758146969109,8.411999940872192,8412
794.17584,857.4359,806.6667,786.9231,1758146969.109,1758146969109,8.411999940872192,8412
920.696,904.17584,811.9048,894.10254,1758146969.109,1758146969109,8.411999940872192,8412
821.978,724.0659,811.0989,839.304,1758146969.11,1758146969110,8.412999868392944,8413
682.5641,637.8388,805.05493,730.5128,1758146969.11,1758146969110,8.412999868392944,8413
747.8388,822.381,799.41394,757.1062,1758146969.13,1758146969130,8.433000087738037,8433
890.4762,958.5714,806.26373,872.3443,1758146969.131,1758146969131,8.434000015258789,8434
861.4652,809.0842,813.1135,876.3736,1758146969.131,1758146969131,8.434000015258789,8434
711.978,639.0476,808.68134,761.13556,1758146969.131,1758146969131,8.434000015258789,8434
709.15753,767.98535,804.65204,732.1245,1758146969.132,1758146969132,8.434999942779541,8435
860.65936,1010.54944,808.2784,843.3333,1758146969.132,1758146969132,8.434999942779541,8435
896.1172,874.35895,815.9341,896.9231,1758146969.132,1758146969132,8.434999942779541,8435
754.68866,603.9927,807.0696,784.5055,1758146969.133,1758146969133,8.435999870300293,8436
698.68134,669.2674,801.02563,716.4103,1758146969.133,1758146969133,8.435999870300293,8436
831.6484,894.10254,806.26373,811.50183,1758146969.133,1758146969133,8.435999870300293,8436
925.5311,937.619,809.89014,902.96704,1758146969.134,1758146969134,8.437000036239624,8437
799.011,711.5751,805.05493,821.978,1758146969.134,1758146969134,8.437000036239624,8437
685.78754,673.69965,798.60803,718.8278,1758146969.2,1758146969200,8.503000020980835,8503
784.90845,885.64105,802.6374,777.25275,1758146969.2,1758146969200,8.503000020980835,8503
914.2491,966.2271,810.293,888.86444,1758146969.2,1758146969200,8.503000020980835,8503
832.4542,729.304,810.293,847.76556,1758146969.201,1758146969201,8.503999948501587,8504
696.26373,632.6007,805.05493,735.34796,1758146969.201,1758146969201,8.503999948501587,8504
751.4652,910.6227,803.44324,756.7033,1758146969.201,1758146969201,8.503999948501587,8504
892.49084,983.95605,811.0989,871.53845,1758146969.202,1758146969202,8.504999876022339,8505
873.95605,771.6117,813.5165,875.56775,1758146969.202,1758146969202,8.504999876022339,8505
728.49817,665.2381,805.8608,758.315,1758146969.204,1758146969204,8.506999969482422,8507
710.7692,712.7839,798.60803,724.4689,1758146969.204,1758146969204,8.506999969482422,8507
851.79486,936.4103,804.2491,828.4249,1758146969.205,1758146969205,8.507999897003174,8508
897.326,871.53845,806.6667,890.87915,1758146969.205,1758146969205,8.507999897003174,8508
755.89746,661.6117,798.60803,788.93774,1758146969.23,1758146969230,8.532999992370605,8533
682.96704,721.6484,793.7729,709.9634,1758146969.23,1758146969230,8.532999992370605,8533
809.4872,888.86444,795.38464,799.41394,1758146969.231,1758146969231,8.533999919891357,8534
921.0989,925.5311,803.8461,898.1319,1758146969.231,1758146969231,8.533999919891357,8534
809.4872,732.9304,801.02563,823.5897,1758146969.231,1758146969231,8.533999919891357,8534
682.96704,720.4396,793.7729,718.4249,1758146969.232,1758146969232,8.535000085830688,8535
765.16486,875.56775,798.20514,766.77655,1758146969.232,1758146969232,8.535000085830688,8535
897.72894,892.8938,804.65204,877.1795,1758146969.232,1758146969232,8.535000085830688,8535
838.0952,767.5824,806.26373,856.2271,1758146969.232,1758146969232,8.535000085830688,8535
696.26373,669.2674,799.011,741.39197,1758146969.233,1758146969233,8.53600001335144,8536
722.8571,780.4762,792.96704,739.7802,1758146969.233,1758146969233,8.53600001335144,8536
870.32965,931.5751,800.6227,855.82416,1758146969.234,1758146969234,8.536999940872192,8537
874.7619,849.3773,807.47253,881.6117,1758146969.299,1758146969299,8.601999998092651,8602
728.0952,681.3553,803.0403,767.5824,1758146969.299,1758146969299,8.601999998092651,8602
699.0842,749.0476,801.02563,721.2454,1758146969.3,1758146969300,8.602999925613403,8603
838.9011,884.43225,805.05493,827.2161,1758146969.3,1758146969300,8.602999925613403,8603
908.20514,871.9414,805.4579,897.72894,1758146969.3,1758146969300,8.602999925613403,8603
777.6557,766.77655,800.2198,799.81683,1758146969.301,1758146969301,8.604000091552734,8604
692.6374,681.75824,794.57874,716.4103,1758146969.301,1758146969301,8.604000091552734,8604
809.4872,803.44324,798.20514,793.7729,1758146969.301,1758146969301,8.604000091552734,8604
926.7399,943.2601,809.4872,898.1319,1758146969.301,1758146969301,8.604000091552734,8604
826.8132,701.0989,807.8755,834.87177,1758146969.302,1758146969302,8.605000019073486,8605
702.3077,634.61536,800.6227,724.87177,1758146969.303,1758146969303,8.605999946594238,8606
777.25275,805.05493,800.6227,767.1795,1758146969.304,1758146969304,8.60699987411499,8607
913.44324,947.6923,805.05493,880.80585,1758146969.331,1758146969331,8.634000062942505,8634
870.7326,839.707,810.696,869.92676,1758146969.331,1758146969331,8.634000062942505,8634
722.0513,662.4176,808.2784,752.27106,1758146969.332,1758146969332,8.634999990463257,8635
736.1539,765.56775,800.6227,732.1245,1758146969.332,1758146969332,8.634999990463257,8635
887.6557,974.2857,804.65204,842.52747,1758146969.332,1758146969332,8.634999990463257,8635
906.1905,919.4872,811.9048,886.4469,1758146969.332,1758146969332,8.634999990463257,8635
750.65936,688.60803,803.8461,773.22345,1758146969.333,1758146969333,8.635999917984009,8636
697.8755,680.54944,798.60803,708.3516,1758146969.333,1758146969333,8.635999917984009,8636
836.8865,870.32965,808.2784,812.71063,1758146969.333,1758146969333,8.635999917984009,8636
915.4579,909.81683,813.91943,897.326,1758146969.334,1758146969334,8.63700008392334,8637
786.9231,707.1429,805.05493,808.68134,1758146969.334,1758146969334,8.63700008392334,8637
692.23444,700.696,799.81683,714.3956,1758146969.334,1758146969334,8.63700008392334,8637
794.57874,853.8095,801.8315,774.0293,1758146969.385,1758146969385,8.687999963760376,8688
921.0989,943.663,809.89014,881.6117,1758146969.386,1758146969386,8.688999891281128,8689
834.87177,777.25275,811.50183,837.28937,1758146969.386,1758146969386,8.688999891281128,8689
693.8461,620.9158,800.6227,718.022,1758146969.387,1758146969387,8.690000057220459,8690
750.2564,855.82416,798.20514,738.97437,1758146969.387,1758146969387,8.690000057220459,8690
902.1612,1058.4982,806.6667,859.0476,1758146969.388,1758146969388,8.690999984741211,8691
874.35895,809.89014,805.8608,863.47986,1758146969.388,1758146969388,8.690999984741211,8691
716.0073,601.978,796.5934,745.0183,1758146969.388,1758146969388,8.690999984741211,8691
712.7839,801.8315,793.7729,718.8278,1758146969.388,1758146969388,8.690999984741211,8691
851.79486,895.31134,795.38464,822.7839,1758146969.389,1758146969389,8.691999912261963,8692
886.04395,772.8205,802.23444,872.3443,1758146969.389,1758146969389,8.691999912261963,8692
746.2271,679.34064,800.6227,771.2088,1758146969.389,1758146969389,8.691999912261963,8692
684.9817,703.1135,796.1905,701.50183,1758146969.414,1758146969414,8.717000007629395,8717
821.1722,894.5055,803.44324,799.81683,1758146969.415,1758146969415,8.717999935150146,8718
918.68134,948.49817,811.50183,894.5055,1758146969.415,1758146969415,8.717999935150146,8718
794.57874,705.9341,808.68134,812.71063,1758146969.416,1758146969416,8.718999862670898,8719
680.9524,691.8315,802.6374,716.4103,1758146969.416,1758146969416,8.718999862670898,8719
782.0879,936.0073,800.6227,780.87915,1758146969.417,1758146969417,8.72000002861023,8720
912.23444,961.79486,802.6374,880.80585,1758146969.417,1758146969417,8.72000002861023,8720
832.8571,685.38464,797.8022,831.2454,1758146969.417,1758146969417,8.72000002861023,8720
689.011,586.26373,788.93774,716.8132,1758146969.418,1758146969418,8.720999956130981,8721
734.94507,820.3663,788.1319,730.10986,1758146969.418,1758146969418,8.720999956130981,8721
882.8205,967.4359,795.38464,846.55676,1758146969.419,1758146969419,8.721999883651733,8722
873.1502,807.8755,799.81683,864.2857,1758146969.419,1758146969419,8.721999883651733,8722
724.0659,719.2308,791.3553,751.8681,1758146969.481,1758146969481,8.783999919891357,8784
708.7546,785.31134,789.7436,716.8132,1758146969.481,1758146969481,8.783999919891357,8784
859.85345,885.64105,802.23444,826.4103,1758146969.481,1758146969481,8.783999919891357,8784
917.47253,857.4359,807.8755,888.86444,1758146969.482,1758146969482,8.785000085830688,8785
774.83514,704.3223,802.6374,789.34064,1758146969.482,1758146969482,8.785000085830688,8785
699.0842,760.32965,801.4286,717.619,1758146969.482,1758146969482,8.785000085830688,8785
825.6044,909.41394,807.47253,806.6667,1758146969.483,1758146969483,8.78600001335144,8786
933.5897,947.28937,810.293,903.7729,1758146969.483,1758146969483,8.78600001335144,8786
823.1868,729.707,805.4579,832.4542,1758146969.483,1758146969483,8.78600001335144,8786
693.44324,580.6227,797.8022,722.8571,1758146969.484,1758146969484,8.786999940872192,8787
776.4469,824.3956,799.41394,768.7912,1758146969.484,1758146969484,8.786999940872192,8787
917.0696,979.12085,807.0696,878.7912,1758146969.484,1758146969484,8.786999940872192,8787
850.18317,770.0,809.4872,854.61536,1758146969.516,1758146969516,8.819000005722046,8819
703.91943,653.95605,805.4579,745.0183,1758146969.517,1758146969517,8.819999933242798,8820
730.9158,798.60803,798.60803,736.1539,1758146969.519,1758146969519,8.82200002670288,8822
877.1795,933.9927,802.6374,843.73627,1758146969.519,1758146969519,8.82200002670288,8822
884.0293,911.02563,812.71063,877.1795,1758146969.519,1758146969519,8.82200002670288,8822
734.5421,715.6044,807.8755,767.1795,1758146969.52,1758146969520,8.822999954223633,8823
698.2784,753.47986,799.81683,713.1868,1758146969.52,1758146969520,8.822999954223633,8823
830.84247,845.7509,804.2491,807.47253,1758146969.52,1758146969520,8.822999954223633,8823
900.9524,839.707,808.68134,884.83514,1758146969.521,1758146969521,8.823999881744385,8824
770.0,732.1245,803.0403,796.1905,1758146969.521,1758146969521,8.823999881744385,8824
681.3553,680.9524,796.99634,705.9341,1758146969.521,1758146969521,8.823999881744385,8824
796.5934,856.2271,796.99634,776.8498,1758146969.522,1758146969522,8.825000047683716,8825
912.6374,981.53845,803.0403,879.19415,1758146969.57,1758146969570,8.872999906539917,8873
816.7399,779.2674,806.6667,826.8132,1758146969.57,1758146969570,8.872999906539917,8873
689.81683,646.7033,803.44324,720.84247,1758146969.571,1758146969571,8.874000072479248,8874
760.32965,834.0659,803.44324,755.4945,1758146969.571,1758146969571,8.874000072479248,8874
899.34064,961.39197,808.2784,869.12085,1758146969.571,1758146969571,8.874000072479248,8874
859.0476,859.45056,807.47253,861.06226,1758146969.572,1758146969572,8.875,8875
709.5604,652.74725,801.8315,740.58606,1758146969.572,1758146969572,8.875,8875
714.7985,697.8755,796.5934,713.5897,1758146969.572,1758146969572,8.875,8875
862.674,956.1539,802.6374,826.0073,1758146969.573,1758146969573,8.875999927520752,8876
885.2381,841.7216,809.89014,875.56775,1758146969.573,1758146969573,8.875999927520752,8876
738.1685,616.8865,807.0696,774.43225,1758146969.573,1758146969573,8.875999927520752,8876
684.9817,712.381,802.6374,713.9927,1758146969.574,1758146969574,8.876999855041504,8877
819.5604,935.2015,808.2784,806.6667,1758146969.618,1758146969618,8.921000003814697,8921
904.57874,923.91943,813.1135,887.6557,1758146969.619,1758146969619,8.92199993133545,8922
780.87915,693.8461,808.2784,806.6667,1758146969.619,1758146969619,8.92199993133545,8922
675.31134,661.6117,801.4286,710.7692,1758146969.619,1758146969619,8.92199993133545,8922
775.64105,868.71796,802.23444,767.5824,1758146969.621,1758146969621,8.924000024795532,8924
905.78754,1018.20514,810.696,877.1795,1758146969.621,1758146969621,8.924000024795532,8924
820.3663,778.86444,809.0842,832.8571,1758146969.622,1758146969622,8.924999952316284,8925
677.72894,531.8681,797.8022,718.022,1758146969.622,1758146969622,8.924999952316284,8925
738.97437,800.2198,795.78754,742.1978,1758146969.622,1758146969622,8.924999952316284,8925
881.2088,958.1685,803.8461,854.21246,1758146969.622,1758146969622,8.924999952316284,8925
850.989,816.337,807.0696,857.8388,1758146969.623,1758146969623,8.925999879837036,8926
711.1722,664.0293,801.02563,746.2271,1758146969.623,1758146969623,8.925999879837036,8926
705.12823,724.87177,795.78754,716.4103,1758146969.66,1758146969660,8.963000059127808,8963
848.5714,960.989,800.2198,830.4396,1758146969.66,1758146969660,8.963000059127808,8963
899.34064,907.3993,807.0696,892.0879,1758146969.66,1758146969660,8.963000059127808,8963
757.1062,638.6447,803.8461,785.31134,1758146969.661,1758146969661,8.96399998664856,8964
682.1612,709.5604,798.60803,708.7546,1758146969.661,1758146969661,8.96399998664856,8964
813.91943,985.9707,802.6374,799.011,1758146969.661,1758146969661,8.96399998664856,8964
915.8608,927.9487,806.26373,890.87915,1758146969.662,1758146969662,8.964999914169312,8965
799.41394,665.64105,799.81683,809.0842,1758146969.662,1758146969662,8.964999914169312,8965
691.02563,657.5824,795.78754,711.5751,1758146969.662,1758146969662,8.964999914169312,8965
789.34064,831.2454,798.60803,763.95605,1758146969.663,1758146969663,8.966000080108643,8966
926.337,938.8278,801.02563,868.315,1758146969.663,1758146969663,8.966000080108643,8966
856.2271,782.49084,801.4286,845.7509,1758146969.663,1758146969663,8.966000080108643,8966
707.1429,627.76556,799.011,747.8388,1758146969.717,1758146969717,9.019999980926514,9020
734.94507,795.78754,799.011,757.50916,1758146969.718,1758146969718,9.020999908447266,9021
865.09155,982.74725,805.8608,865.89746,1758146969.718,1758146969718,9.020999908447266,9021
859.0476,802.23444,811.9048,889.67035,1758146969.718,1758146969718,9.020999908447266,9021
716.0073,675.31134,803.44324,769.59705,1758146969.719,1758146969719,9.022000074386597,9022
691.8315,826.0073,795.38464,720.4396,1758146969.719,1758146969719,9.022000074386597,9022
840.10986,919.4872,798.60803,822.7839,1758146969.721,1758146969721,9.0239999294281,9024
904.17584,807.0696,805.05493,886.4469,1758146969.721,1758146969721,9.0239999294281,9024
764.35895,659.59705,800.6227,786.52014,1758146969.721,1758146969721,9.0239999294281,9024
679.7436,687.8022,792.5641,701.0989,1758146969.722,1758146969722,9.024999856948853,9025
801.4286,905.38464,793.7729,782.0879,1758146969.722,1758146969722,9.024999856948853,9025
918.2784,951.31866,801.02563,886.8498,1758146969.722,1758146969722,9.024999856948853,9025
816.7399,736.9597,800.6227,821.978,1758146969.76,1758146969760,9.062999963760376,9063
686.5934,670.4762,796.99634,709.9634,1758146969.761,1758146969761,9.063999891281128,9064
758.71796,854.21246,797.8022,750.2564,1758146969.761,1758146969761,9.063999891281128,9064
897.326,926.7399,799.41394,858.6447,1758146969.762,1758146969762,9.065000057220459,9065
848.5714,801.8315,801.4286,844.94507,1758146969.762,1758146969762,9.065000057220459,9065
703.5165,724.4689,796.1905,732.1245,1758146969.762,1758146969762,9.065000057220459,9065
725.2747,800.2198,793.7729,722.4542,1758146969.762,1758146969762,9.065000057220459,9065
873.95605,971.4652,802.23444,837.6923,1758146969.763,1758146969763,9.065999984741211,9066
887.6557,843.3333,805.8608,875.56775,1758146969.763,1758146969763,9.065999984741211,9066
739.7802,597.5458,799.011,761.9414,1758146969.764,1758146969764,9.066999912261963,9067
700.696,709.5604,797.3993,705.9341,1758146969.764,1758146969764,9.066999912261963,9067
833.663,913.8461,798.20514,806.26373,1758146969.764,1758146969764,9.066999912261963,9067
910.2198,949.707,805.05493,886.4469,1758146969.798,1758146969798,9.1010000705719,9101
789.34064,743.00366,807.0696,804.2491,1758146969.799,1758146969799,9.101999998092651,9102
691.8315,675.7143,802.6374,714.3956,1758146969.799,1758146969799,9.101999998092651,9102
796.5934,840.10986,806.6667,784.5055,1758146969.8,1758146969800,9.102999925613403,9103
916.26373,967.03296,810.293,889.2674,1758146969.8,1758146969800,9.102999925613403,9103
828.022,830.0366,806.6667,837.28937,1758146969.8,1758146969800,9.102999925613403,9103
695.8608,673.2967,802.23444,728.0952,1758146969.801,1758146969801,9.104000091552734,9104
748.6447,761.53845,801.8315,749.0476,1758146969.801,1758146969801,9.104000091552734,9104
888.46155,937.619,807.47253,863.47986,1758146969.803,1758146969803,9.105999946594238,9106
855.42126,821.5751,814.3223,865.09155,1758146969.803,1758146969803,9.105999946594238,9106
707.9487,595.9341,809.0842,744.61536,1758146969.803,1758146969803,9.105999946594238,9106
712.381,731.7216,800.6227,722.8571,1758146969.804,1758146969804,9.10699987411499,9107
856.2271,947.6923,805.05493,835.2747,1758146969.865,1758146969865,9.167999982833862,9168
893.2967,900.54944,811.9048,888.46155,1758146969.865,1758146969865,9.167999982833862,9168
751.8681,686.99634,808.2784,782.49084,1758146969.866,1758146969866,9.168999910354614,9169
693.8461,668.86444,803.8461,714.7985,1758146969.866,1758146969866,9.168999910354614,9169
825.2015,914.2491,809.4872,808.68134,1758146969.866,1758146969866,9.168999910354614,9169
921.9048,1028.2784,815.9341,898.1319,1758146969.867,1758146969867,9.170000076293945,9170
804.2491,716.0073,810.696,813.1135,1758146969.867,1758146969867,9.170000076293945,9170
686.5934,630.18317,799.81683,714.3956,1758146969.867,1758146969867,9.170000076293945,9170
784.5055,890.07324,801.8315,780.07324,1758146969.868,1758146969868,9.171000003814697,9171
916.26373,917.8755,807.47253,882.01465,1758146969.868,1758146969868,9.171000003814697,9171
834.0659,741.79486,804.65204,834.87177,1758146969.868,1758146969868,9.171000003814697,9171
695.05493,610.4396,797.8022,720.4396,1758146969.869,1758146969869,9.17199993133545,9172
747.03296,840.5128,796.5934,736.9597,1758146969.9,1758146969900,9.20300006866455,9203
888.86444,994.83514,800.6227,855.0183,1758146969.9,1758146969900,9.20300006866455,9203
869.12085,798.20514,803.8461,869.5238,1758146969.901,1758146969901,9.203999996185303,9204
718.8278,662.01465,801.8315,756.30035,1758146969.901,1758146969901,9.203999996185303,9204
709.9634,800.6227,799.41394,729.707,1758146969.901,1758146969901,9.203999996185303,9204
859.85345,989.19415,804.2491,839.304,1758146969.901,1758146969901,9.203999996185303,9204
904.17584,884.43225,809.0842,894.10254,1758146969.902,1758146969902,9.204999923706055,9205
758.71796,615.6777,801.02563,788.5348,1758146969.902,1758146969902,9.204999923706055,9205
681.75824,661.2088,794.57874,710.7692,1758146969.902,1758146969902,9.204999923706055,9205
809.4872,910.6227,800.6227,803.44324,1758146969.903,1758146969903,9.206000089645386,9206
916.6667,934.7985,807.0696,898.5348,1758146969.904,1758146969904,9.207000017166138,9207
802.23444,718.4249,804.65204,823.9927,1758146969.904,1758146969904,9.207000017166138,9207
680.54944,671.685,798.60803,718.4249,1758146969.942,1758146969942,9.244999885559082,9245
768.3883,861.06226,800.6227,764.7619,1758146969.943,1758146969943,9.246000051498413,9246
905.78754,946.8865,803.8461,876.3736,1758146969.943,1758146969943,9.246000051498413,9246
842.9304,793.36993,803.8461,848.5714,1758146969.943,1758146969943,9.246000051498413,9246
700.696,702.71063,801.02563,733.73627,1758146969.944,1758146969944,9.246999979019165,9247
738.1685,832.8571,799.41394,736.1539,1758146969.944,1758146969944,9.246999979019165,9247
885.2381,923.1135,808.68134,854.21246,1758146969.944,1758146969944,9.246999979019165,9247
884.43225,754.68866,814.7253,882.8205,1758146969.945,1758146969945,9.247999906539917,9248
745.42126,702.3077,807.8755,772.01465,1758146969.945,1758146969945,9.247999906539917,9248
713.1868,732.9304,803.8461,726.4835,1758146969.945,1758146969945,9.247999906539917,9248
846.1539,875.9707,811.9048,828.8278,1758146969.946,1758146969946,9.249000072479248,9249
915.05493,894.90845,811.9048,892.8938,1758146969.946,1758146969946,9.249000072479248,9249
780.07324,710.3663,799.011,792.1612,1758146970.011,1758146970011,9.313999891281128,9314
688.60803,701.9048,790.9524,707.5458,1758146970.011,1758146970011,9.313999891281128,9314
800.2198,902.96704,795.38464,782.49084,1758146970.012,1758146970012,9.315000057220459,9315
914.65204,944.0659,806.26373,888.86444,1758146970.012,1758146970012,9.315000057220459,9315
812.71063,752.674,808.68134,831.6484,1758146970.012,1758146970012,9.315000057220459,9315
687.8022,729.707,800.6227,725.2747,1758146970.013,1758146970013,9.315999984741211,9316
760.32965,808.68134,799.81683,761.53845,1758146970.013,1758146970013,9.315999984741211,9316
900.54944,919.4872,807.0696,874.7619,1758146970.013,1758146970013,9.315999984741211,9316
855.82416,777.6557,809.4872,862.674,1758146970.014,1758146970014,9.316999912261963,9317
707.9487,586.6667,804.65204,749.85345,1758146970.014,1758146970014,9.316999912261963,9317
721.6484,768.3883,801.02563,739.3773,1758146970.014,1758146970014,9.316999912261963,9317
865.09155,946.08057,806.26373,851.79486,1758146970.015,1758146970015,9.318000078201294,9318
883.6264,846.9597,810.293,888.86444,1758146970.052,1758146970052,9.355000019073486,9355
731.31866,661.6117,804.2491,776.4469,1758146970.053,1758146970053,9.355999946594238,9356
682.5641,719.2308,799.81683,717.2161,1758146970.053,1758146970053,9.355999946594238,9356
820.3663,885.64105,803.44324,813.1135,1758146970.053,1758146970053,9.355999946594238,9356
898.5348,932.7839,809.4872,889.2674,1758146970.054,1758146970054,9.35699987411499,9357
771.2088,783.2967,803.0403,802.23444,1758146970.054,1758146970054,9.35699987411499,9357
672.0879,682.1612,794.9817,711.978,1758146970.054,1758146970054,9.35699987411499,9357
775.2381,832.0513,795.78754,768.7912,1758146970.055,1758146970055,9.358000040054321,9358
905.78754,946.8865,803.44324,876.3736,1758146970.055,1758146970055,9.358000040054321,9358
821.1722,719.6337,802.23444,830.0366,1758146970.055,1758146970055,9.358000040054321,9358
687.8022,631.39197,791.75824,716.8132,1758146970.056,1758146970056,9.358999967575073,9359
751.4652,838.49817,789.7436,749.85345,1758146970.056,1758146970056,9.358999967575073,9359
899.34064,908.20514,796.5934,862.27106,1758146970.081,1758146970081,9.384000062942505,9384
865.89746,801.4286,801.8315,859.0476,1758146970.081,1758146970081,9.384000062942505,9384
711.1722,665.64105,796.1905,743.4066,1758146970.082,1758146970082,9.384999990463257,9385
717.2161,738.1685,792.1612,716.4103,1758146970.082,1758146970082,9.384999990463257,9385
866.30035,954.1392,803.44324,828.022,1758146970.082,1758146970082,9.384999990463257,9385
908.20514,945.6777,814.7253,888.86444,1758146970.083,1758146970083,9.385999917984009,9386
764.35895,749.85345,810.696,784.10254,1758146970.083,1758146970083,9.385999917984009,9386
693.0403,664.0293,801.4286,710.3663,1758146970.083,1758146970083,9.385999917984009,9386
815.5311,807.8755,801.4286,800.6227,1758146970.084,1758146970084,9.38700008392334,9387
907.8022,902.5641,807.47253,890.07324,1758146970.084,1758146970084,9.38700008392334,9387
790.14655,716.0073,805.4579,812.3077,1758146970.084,1758146970084,9.38700008392334,9387
673.69965,650.32965,799.011,712.7839,1758146970.084,1758146970084,9.38700008392334,9387
772.8205,877.5824,806.6667,770.40295,1758146970.126,1758146970126,9.428999900817871,9429
907.3993,968.6447,812.3077,880.80585,1758146970.126,1758146970126,9.428999900817871,9429
827.619,802.6374,809.0842,843.3333,1758146970.128,1758146970128,9.430999994277954,9431
685.78754,630.58606,804.2491,727.6923,1758146970.128,1758146970128,9.430999994277954,9431
734.5421,808.68134,800.2198,743.00366,1758146970.128,1758146970128,9.430999994277954,9431
880.40295,1010.9524,803.8461,859.0476,1758146970.129,1758146970129,9.431999921798706,9432
869.12085,805.05493,805.05493,869.92676,1758146970.129,1758146970129,9.431999921798706,9432
724.4689,658.3883,805.4579,758.315,1758146970.129,1758146970129,9.431999921798706,9432
697.0696,753.47986,801.4286,718.4249,1758146970.13,1758146970130,9.433000087738037,9433
831.2454,850.58606,799.81683,823.1868,1758146970.13,1758146970130,9.433000087738037,9433
899.7436,877.5824,809.0842,892.0879,1758146970.13,1758146970130,9.433000087738037,9433
769.19415,703.5165,805.05493,789.34064,1758146970.131,1758146970131,9.434000015258789,9434
685.38464,681.3553,796.1905,707.1429,1758146970.179,1758146970179,9.48199987411499,9482
806.26373,913.0403,801.02563,791.75824,1758146970.18,1758146970180,9.483000040054321,9483
917.0696,960.58606,806.6667,888.46155,1758146970.18,1758146970180,9.483000040054321,9483
810.293,700.293,805.8608,817.9487,1758146970.181,1758146970181,9.483999967575073,9484
695.8608,666.8498,807.8755,722.0513,1758146970.181,1758146970181,9.483999967575073,9484
780.87915,920.293,809.0842,769.59705,1758146970.181,1758146970181,9.483999967575073,9484
911.8315,1014.57874,809.4872,873.5531,1758146970.182,1758146970182,9.484999895095825,9485
849.7802,754.68866,809.4872,851.39197,1758146970.182,1758146970182,9.484999895095825,9485
699.4872,560.87915,802.23444,735.34796,1758146970.182,1758146970182,9.484999895095825,9485
726.4835,794.57874,792.96704,728.0952,1758146970.183,1758146970183,9.486000061035156,9486
870.32965,989.59705,799.011,840.10986,1758146970.183,1758146970183,9.486000061035156,9486
878.7912,832.0513,807.8755,871.9414,1758146970.183,1758146970183,9.486000061035156,9486
729.707,638.6447,800.2198,762.3443,1758146970.228,1758146970228,9.530999898910522,9531
690.6227,722.8571,798.20514,713.5897,1758146970.229,1758146970229,9.532000064849854,9532
829.2308,912.6374,806.26373,812.71063,1758146970.229,1758146970229,9.532000064849854,9532
905.38464,911.8315,811.50183,892.0879,1758146970.23,1758146970230,9.532999992370605,9533
773.22345,716.8132,806.26373,800.6227,1758146970.231,1758146970231,9.533999919891357,9534
681.3553,766.3736,798.20514,710.3663,1758146970.232,1758146970232,9.535000085830688,9535
794.9817,886.8498,801.8315,783.69965,1758146970.232,1758146970232,9.535000085830688,9535
911.8315,878.7912,809.89014,884.0293,1758146970.232,1758146970232,9.535000085830688,9535
809.89014,766.3736,805.4579,823.5897,1758146970.233,1758146970233,9.53600001335144,9536
679.7436,650.32965,799.81683,714.3956,1758146970.233,1758146970233,9.53600001335144,9536
753.47986,786.52014,800.6227,749.0476,1758146970.233,1758146970233,9.53600001335144,9536
896.1172,923.5165,803.44324,861.06226,1758146970.233,1758146970233,9.53600001335144,9536
857.8388,772.01465,809.0842,856.63007,1758146970.263,1758146970263,9.565999984741211,9566
713.9927,653.1502,803.44324,742.6007,1758146970.263,1758146970263,9.565999984741211,9566
724.4689,773.22345,796.99634,726.08057,1758146970.264,1758146970264,9.566999912261963,9567
866.30035,904.57874,799.41394,837.28937,1758146970.265,1758146970265,9.568000078201294,9568
896.1172,896.9231,805.05493,882.01465,1758146970.265,1758146970265,9.568000078201294,9568
757.1062,794.57874,805.05493,776.04395,1758146970.266,1758146970266,9.569000005722046,9569
702.3077,728.9011,796.99634,712.381,1758146970.266,1758146970266,9.569000005722046,9569
824.7985,776.4469,792.96704,802.6374,1758146970.267,1758146970267,9.569999933242798,9570
909.81683,894.10254,799.41394,884.43225,1758146970.267,1758146970267,9.569999933242798,9570
789.34064,761.9414,801.4286,801.8315,1758146970.268,1758146970268,9.57099986076355,9571
686.1905,687.8022,795.78754,709.5604,1758146970.268,1758146970268,9.57099986076355,9571
790.54944,883.22345,799.011,778.46155,1758146970.269,1758146970269,9.57200002670288,9572
917.47253,992.01465,809.0842,884.83514,1758146970.341,1758146970341,9.644000053405762,9644
830.0366,765.56775,808.68134,839.707,1758146970.341,1758146970341,9.644000053405762,9644
689.011,622.9304,801.02563,727.28937,1758146970.342,1758146970342,9.644999980926514,9645
747.8388,796.99634,800.2198,751.8681,1758146970.342,1758146970342,9.644999980926514,9645
895.31134,962.1978,809.89014,869.5238,1758146970.342,1758146970342,9.644999980926514,9645
871.53845,902.1612,812.71063,869.5238,1758146970.343,1758146970343,9.645999908447266,9646
723.2601,658.3883,801.4286,753.47986,1758146970.344,1758146970344,9.647000074386597,9647
710.3663,701.50183,799.011,727.28937,1758146970.344,1758146970344,9.647000074386597,9647
852.1978,956.55676,807.0696,831.6484,1758146970.345,1758146970345,9.648000001907349,9648
900.9524,842.9304,810.696,885.64105,1758146970.345,1758146970345,9.648000001907349,9648
757.9121,653.5531,805.4579,782.49084,1758146970.345,1758146970345,9.648000001907349,9648
683.36993,700.696,794.57874,703.5165,1758146970.345,1758146970345,9.648000001907349,9648
813.1135,883.22345,799.81683,792.5641,1758146970.386,1758146970386,9.688999891281128,9689
919.0842,928.7546,811.0989,891.28204,1758146970.386,1758146970386,9.688999891281128,9689
803.44324,730.5128,802.6374,821.978,1758146970.387,1758146970387,9.690000057220459,9690
680.54944,626.55676,795.38464,712.7839,1758146970.387,1758146970387,9.690000057220459,9690
777.25275,911.4286,799.011,761.53845,1758146970.387,1758146970387,9.690000057220459,9690
911.4286,1007.326,802.6374,878.3883,1758146970.388,1758146970388,9.690999984741211,9691
834.87177,728.0952,801.02563,842.1245,1758146970.388,1758146970388,9.690999984741211,9691
695.4579,569.34064,792.1612,724.4689,1758146970.388,1758146970388,9.690999984741211,9691
737.76556,766.77655,790.9524,730.10986,1758146970.389,1758146970389,9.691999912261963,9692
884.43225,958.97437,799.011,840.5128,1758146970.389,1758146970389,9.691999912261963,9692
875.56775,811.0989,799.81683,858.24176,1758146970.389,1758146970389,9.691999912261963,9692
726.8865,680.14655,795.38464,747.8388,1758146970.39,1758146970390,9.693000078201294,9693
709.5604,791.75824,799.011,718.4249,1758146970.421,1758146970421,9.723999977111816,9724
851.79486,936.4103,806.26373,826.8132,1758146970.422,1758146970422,9.724999904632568,9725
907.8022,892.0879,807.0696,892.8938,1758146970.422,1758146970422,9.724999904632568,9725
772.8205,678.93774,803.8461,795.78754,1758146970.423,1758146970423,9.7260000705719,9726
684.9817,703.91943,800.6227,708.3516,1758146970.423,1758146970423,9.7260000705719,9726
796.1905,927.5458,802.23444,787.72894,1758146970.423,1758146970423,9.7260000705719,9726
907.8022,947.6923,809.4872,891.685,1758146970.424,1758146970424,9.726999998092651,9727
801.8315,694.2491,808.2784,825.2015,1758146970.424,1758146970424,9.726999998092651,9727
675.31134,651.9414,801.02563,713.9927,1758146970.426,1758146970426,9.729000091552734,9729
753.8828,815.9341,801.02563,760.7326,1758146970.426,1758146970426,9.729000091552734,9729
897.326,906.99634,808.68134,878.7912,1758146970.426,1758146970426,9.729000091552734,9729
847.76556,769.59705,808.68134,857.03296,1758146970.427,1758146970427,9.730000019073486,9730
702.3077,654.35895,801.8315,745.0183,1758146970.454,1758146970454,9.756999969482422,9757
727.28937,805.4579,799.81683,742.1978,1758146970.455,1758146970455,9.757999897003174,9758
876.3736,956.1539,805.05493,857.03296,1758146970.455,1758146970455,9.757999897003174,9758
891.28204,846.9597,808.68134,892.0879,1758146970.456,1758146970456,9.759000062942505,9759
743.00366,690.2198,803.8461,778.46155,1758146970.456,1758146970456,9.759000062942505,9759
701.9048,778.86444,799.81683,728.49817,1758146970.456,1758146970456,9.759000062942505,9759
839.304,918.68134,801.8315,825.2015,1758146970.457,1758146970457,9.759999990463257,9760
912.23444,870.7326,808.68134,896.1172,1758146970.457,1758146970457,9.759999990463257,9760
778.86444,707.1429,806.6667,801.8315,1758146970.457,1758146970457,9.759999990463257,9760
682.1612,695.8608,800.6227,711.5751,1758146970.457,1758146970457,9.759999990463257,9760
794.57874,931.978,805.05493,788.5348,1758146970.458,1758146970458,9.760999917984009,9761
915.05493,970.2564,811.50183,891.685,1758146970.458,1758146970458,9.760999917984009,9761
818.7546,708.3516,806.26373,835.2747,1758146970.523,1758146970523,9.825999975204468,9826
687.8022,655.56775,798.20514,726.08057,1758146970.523,1758146970523,9.825999975204468,9826
752.674,830.4396,795.78754,752.27106,1758146970.524,1758146970524,9.82699990272522,9827
894.5055,963.4066,804.65204,867.1062,1758146970.524,1758146970524,9.82699990272522,9827
856.2271,801.8315,808.2784,857.8388,1758146970.524,1758146970524,9.82699990272522,9827
716.0073,693.8461,800.6227,741.39197,1758146970.525,1758146970525,9.82800006866455,9828
733.3333,801.02563,794.9817,726.8865,1758146970.525,1758146970525,9.82800006866455,9828
880.40295,918.68134,799.011,829.6337,1758146970.526,1758146970526,9.828999996185303,9829
913.8461,844.1392,803.8461,871.9414,1758146970.526,1758146970526,9.828999996185303,9829
765.16486,633.8095,798.60803,781.28204,1758146970.526,1758146970526,9.828999996185303,9829
698.68134,716.0073,794.17584,723.663,1758146970.528,1758146970528,9.831000089645386,9831
818.7546,902.1612,800.2198,814.7253,1758146970.528,1758146970528,9.831000089645386,9831
902.5641,929.9634,806.26373,902.1612,1758146970.563,1758146970563,9.865999937057495,9866
781.685,722.0513,802.23444,821.5751,1758146970.564,1758146970564,9.866999864578247,9867
680.14655,709.15753,797.8022,728.49817,1758146970.564,1758146970564,9.866999864578247,9867
786.1172,864.68866,799.011,783.2967,1758146970.564,1758146970564,9.866999864578247,9867
917.47253,942.8571,808.68134,883.6264,1758146970.565,1758146970565,9.868000030517578,9868
838.49817,823.5897,809.0842,839.304,1758146970.565,1758146970565,9.868000030517578,9868
695.8608,653.95605,796.1905,722.8571,1758146970.565,1758146970565,9.868000030517578,9868
741.79486,743.8095,794.9817,736.1539,1758146970.566,1758146970566,9.86899995803833,9869
886.8498,933.5897,802.6374,853.00366,1758146970.566,1758146970566,9.86899995803833,9869
874.35895,857.03296,808.2784,869.12085,1758146970.566,1758146970566,9.86899995803833,9869
730.10986,662.4176,809.89014,754.68866,1758146970.566,1758146970566,9.86899995803833,9869
711.1722,707.1429,800.6227,717.2161,1758146970.567,1758146970567,9.869999885559082,9870
849.7802,920.696,799.41394,823.1868,1758146970.593,1758146970593,9.895999908447266,9896
902.5641,918.68134,806.6667,886.4469,1758146970.594,1758146970594,9.897000074386597,9897
759.92676,694.65204,804.2491,783.2967,1758146970.594,1758146970594,9.897000074386597,9897
679.34064,655.16486,797.3993,699.89014,1758146970.595,1758146970595,9.898000001907349,9898
805.4579,937.2161,799.81683,783.2967,1758146970.595,1758146970595,9.898000001907349,9898
917.47253,1037.1428,810.696,884.83514,1758146970.595,1758146970595,9.898000001907349,9898
804.65204,742.1978,811.0989,818.7546,1758146970.596,1758146970596,9.8989999294281,9899
683.7729,669.2674,801.02563,712.381,1758146970.596,1758146970596,9.8989999294281,9899
769.59705,820.3663,796.99634,755.4945,1758146970.596,1758146970596,9.8989999294281,9899
900.14655,870.32965,801.8315,861.06226,1758146970.596,1758146970596,9.8989999294281,9899
836.8865,743.4066,802.6374,830.84247,1758146970.597,1758146970597,9.899999856948853,9900
698.68134,644.68866,795.38464,719.6337,1758146970.597,1758146970597,9.899999856948853,9900
736.55676,817.1429,796.99634,730.9158,1758146970.631,1758146970631,9.934000015258789,9934
884.83514,975.4945,805.05493,848.1685,1758146970.632,1758146970632,9.934999942779541,9935
890.07324,851.39197,809.0842,873.95605,1758146970.632,1758146970632,9.934999942779541,9935
741.39197,621.31866,805.8608,763.5531,1758146970.632,1758146970632,9.934999942779541,9935
707.9487,754.2857,801.02563,717.2161,1758146970.633,1758146970633,9.935999870300293,9936
844.5421,1006.1172,803.8461,817.5458,1758146970.633,1758146970633,9.935999870300293,9936
900.54944,885.64105,804.65204,883.6264,1758146970.633,1758146970633,9.935999870300293,9936
758.315,591.50183,801.4286,790.14655,1758146970.633,1758146970633,9.935999870300293,9936
671.28204,681.75824,798.20514,702.71063,1758146970.634,1758146970634,9.937000036239624,9937
792.1612,938.8278,800.6227,781.685,1758146970.634,1758146970634,9.937000036239624,9937
912.6374,906.1905,809.89014,888.86444,1758146970.634,1758146970634,9.937000036239624,9937
811.50183,684.17584,809.89014,824.3956,1758146970.635,1758146970635,9.937999963760376,9938
681.75824,657.1795,799.41394,716.4103,1758146970.696,1758146970696,9.999000072479248,9999
758.71796,842.9304,799.41394,756.30035,1758146970.697,1758146970697,10.0,10000
904.57874,952.9304,808.68134,872.74725,1758146970.697,1758146970697,10.0,10000
859.0476,780.87915,805.4579,850.989,1758146970.697,1758146970697,10.0,10000
710.3663,701.50183,796.5934,732.52747,1758146970.698,1758146970698,10.000999927520752,10001
722.4542,860.65936,789.7436,723.663,1758146970.698,1758146970698,10.000999927520752,10001
864.68866,898.93774,793.36993,834.4689,1758146970.698,1758146970698,10.000999927520752,10001
886.8498,827.2161,802.6374,874.35895,1758146970.698,1758146970698,10.000999927520752,10001
742.6007,700.696,799.011,767.1795,1758146970.699,1758146970699,10.001999855041504,10002
690.6227,653.95605,792.96704,705.9341,1758146970.699,1758146970699,10.001999855041504,10002
828.4249,875.9707,799.011,800.6227,1758146970.7,1758146970700,10.003000020980835,10003
912.6374,904.17584,806.26373,886.4469,1758146970.7,1758146970700,10.003000020980835,10003
786.52014,764.35895,802.6374,801.8315,1758146970.729,1758146970729,10.032000064849854,10032
685.78754,725.6777,794.57874,709.5604,1758146970.729,1758146970729,10.032000064849854,10032
787.326,856.63007,794.57874,774.0293,1758146970.731,1758146970731,10.033999919891357,10034
912.6374,929.15753,803.8461,879.59705,1758146970.731,1758146970731,10.033999919891357,10034
826.8132,755.09155,807.47253,829.6337,1758146970.731,1758146970731,10.033999919891357,10034
695.4579,724.4689,799.81683,718.4249,1758146970.732,1758146970732,10.035000085830688,10035
755.4945,865.4945,795.78754,745.82416,1758146970.732,1758146970732,10.035000085830688,10035
896.1172,915.05493,801.4286,859.85345,1758146970.732,1758146970732,10.035000085830688,10035
866.7033,774.43225,807.0696,862.674,1758146970.732,1758146970732,10.035000085830688,10035
721.6484,653.5531,798.60803,749.0476,1758146970.733,1758146970733,10.03600001335144,10036
722.8571,747.03296,796.5934,723.2601,1758146970.733,1758146970733,10.03600001335144,10036
869.12085,896.52014,807.8755,836.4835,1758146970.733,1758146970733,10.03600001335144,10036
907.8022,873.1502,813.5165,891.685,1758146970.797,1758146970797,10.099999904632568,10100
766.77655,708.7546,807.8755,784.5055,1758146970.797,1758146970797,10.099999904632568,10100
704.3223,728.49817,800.6227,715.2015,1758146970.798,1758146970798,10.1010000705719,10101
830.84247,892.0879,805.05493,807.0696,1758146970.798,1758146970798,10.1010000705719,10101
929.9634,969.85345,812.71063,893.69965,1758146970.798,1758146970798,10.1010000705719,10101
809.4872,767.5824,805.05493,813.5165,1758146970.799,1758146970799,10.101999998092651,10102
688.60803,624.5421,799.81683,716.8132,1758146970.799,1758146970799,10.101999998092651,10102
785.31134,777.6557,800.6227,774.0293,1758146970.799,1758146970799,10.101999998092651,10102
919.89014,960.989,804.65204,883.6264,1758146970.799,1758146970799,10.101999998092651,10102
836.8865,736.9597,804.2491,842.52747,1758146970.8,1758146970800,10.102999925613403,10103
699.0842,626.9597,797.3993,728.9011,1758146970.8,1758146970800,10.102999925613403,10103
748.6447,800.2198,796.1905,743.00366,1758146970.8,1758146970800,10.102999925613403,10103
897.72894,952.9304,802.6374,857.8388,1758146970.828,1758146970828,10.13100004196167,10131
890.07324,844.5421,807.0696,876.77655,1758146970.829,1758146970829,10.131999969482422,10132
732.9304,672.8938,801.8315,763.95605,1758146970.829,1758146970829,10.131999969482422,10132
711.1722,746.2271,801.4286,724.87177,1758146970.829,1758146970829,10.131999969482422,10132
853.4066,921.9048,805.8608,829.2308,1758146970.831,1758146970831,10.134000062942505,10134
906.99634,943.2601,811.0989,897.72894,1758146970.831,1758146970831,10.134000062942505,10134
770.80585,730.5128,805.8608,801.8315,1758146970.832,1758146970832,10.134999990463257,10135
686.99634,705.12823,799.81683,719.6337,1758146970.832,1758146970832,10.134999990463257,10135
804.65204,844.1392,803.8461,801.4286,1758146970.832,1758146970832,10.134999990463257,10135
908.20514,862.27106,805.8608,893.2967,1758146970.833,1758146970833,10.135999917984009,10136
802.6374,739.7802,802.23444,821.5751,1758146970.833,1758146970833,10.135999917984009,10136
683.7729,661.2088,797.3993,713.1868,1758146970.833,1758146970833,10.135999917984009,10136
762.74725,829.2308,801.4286,755.09155,1758146970.881,1758146970881,10.184000015258789,10184
906.5934,968.6447,813.1135,873.1502,1758146970.881,1758146970881,10.184000015258789,10184
846.55676,800.6227,818.7546,848.1685,1758146970.882,1758146970882,10.184999942779541,10185
698.2784,649.12085,817.1429,732.1245,1758146970.882,1758146970882,10.184999942779541,10185
733.3333,848.5714,816.337,740.18317,1758146970.882,1758146970882,10.184999942779541,10185
864.68866,1014.17584,811.9048,840.10986,1758146970.883,1758146970883,10.185999870300293,10186
853.8095,846.9597,813.1135,854.21246,1758146970.883,1758146970883,10.185999870300293,10186
691.4286,684.9817,809.89014,722.4542,1758146970.883,1758146970883,10.185999870300293,10186
628.5714,752.27106,801.4286,639.85345,1758146970.883,1758146970883,10.185999870300293,10186
737.3626,847.3626,795.78754,709.5604,1758146970.884,1758146970884,10.187000036239624,10187
782.8938,901.75824,810.293,764.35895,1758146970.884,1758146970884,10.187000036239624,10187
616.4835,749.45056,810.293,641.06226,1758146970.884,1758146970884,10.187000036239624,10187
486.73993,682.1612,786.9231,509.70697,1758146970.912,1758146970912,10.214999914169312,10215
577.8022,923.5165,786.1172,563.2967,1758146970.912,1758146970912,10.214999914169312,10215
681.75824,1016.1905,798.60803,657.1795,1758146970.913,1758146970913,10.216000080108643,10216
579.41394,763.95605,806.6667,600.3663,1758146970.913,1758146970913,10.216000080108643,10216
458.5348,720.0366,807.8755,492.78387,1758146970.913,1758146970913,10.216000080108643,10216
537.1062,945.6777,810.293,529.0476,1758146970.914,1758146970914,10.217000007629395,10217
683.36993,1002.8938,818.7546,649.92676,1758146970.915,1758146970915,10.217999935150146,10218
650.7326,779.67035,817.5458,649.92676,1758146970.915,1758146970915,10.217999935150146,10218
512.52747,675.31134,807.8755,546.77655,1758146970.916,1758146970916,10.218999862670898,10219
538.71796,857.03296,809.0842,552.4176,1758146970.916,1758146970916,10.218999862670898,10219
705.5311,1002.49084,816.7399,684.17584,1758146970.916,1758146970916,10.218999862670898,10219
751.4652,910.6227,817.1429,746.2271,1758146970.917,1758146970917,10.22000002861023,10220
622.52747,701.0989,810.696,655.56775,1758146970.978,1758146970978,10.280999898910522,10281
582.6374,755.4945,805.05493,606.8132,1758146970.979,1758146970979,10.282000064849854,10282
737.76556,1006.1172,811.0989,721.6484,1758146970.979,1758146970979,10.282000064849854,10282
843.3333,918.2784,817.1429,826.4103,1758146970.979,1758146970979,10.282000064849854,10282
726.08057,742.6007,806.6667,752.27106,1758146970.98,1758146970980,10.282999992370605,10283
633.4066,801.02563,798.20514,670.87915,1758146970.98,1758146970980,10.282999992370605,10283
757.50916,875.56775,799.81683,751.4652,1758146970.98,1758146970980,10.282999992370605,10283
894.90845,914.2491,805.8608,873.1502,1758146970.98,1758146970980,10.282999992370605,10283
819.15753,782.0879,805.8608,838.0952,1758146970.981,1758146970981,10.283999919891357,10284
693.44324,605.6044,799.011,732.52747,1758146970.981,1758146970981,10.283999919891357,10284
763.5531,841.31866,799.011,768.3883,1758146970.981,1758146970981,10.283999919891357,10284
919.89014,983.5531,806.6667,895.7143,1758146970.982,1758146970982,10.285000085830688,10285
902.1612,816.337,805.05493,905.38464,1758146971.015,1758146971015,10.318000078201294,10318
765.16486,667.6557,795.38464,804.65204,1758146971.016,1758146971016,10.319000005722046,10319
765.9707,738.1685,792.1612,786.1172,1758146971.016,1758146971016,10.319000005722046,10319
915.8608,917.0696,799.41394,894.5055,1758146971.016,1758146971016,10.319000005722046,10319
955.34796,899.7436,803.8461,945.6777,1758146971.016,1758146971016,10.319000005722046,10319
817.5458,721.6484,797.8022,847.3626,1758146971.017,1758146971017,10.319999933242798,10320
762.3443,730.10986,795.38464,791.75824,1758146971.017,1758146971017,10.319999933242798,10320
887.25275,814.3223,794.17584,876.77655,1758146971.017,1758146971017,10.319999933242798,10320
988.7912,830.4396,797.8022,962.6007,1758146971.019,1758146971019,10.32200002670288,10322
875.9707,715.2015,799.011,893.2967,1758146971.019,1758146971019,10.32200002670288,10322
760.7326,628.97437,790.9524,795.38464,1758146971.019,1758146971019,10.32200002670288,10322
859.85345,829.6337,795.38464,849.7802,1758146971.02,1758146971020,10.322999954223633,10323
990.0,956.9597,801.8315,959.3773,1758146971.067,1758146971067,10.369999885559082,10370
915.05493,745.42126,801.4286,928.7546,1758146971.068,1758146971068,10.371000051498413,10371
778.86444,602.7839,792.96704,816.7399,1758146971.068,1758146971068,10.371000051498413,10371
821.1722,736.1539,786.52014,820.3663,1758146971.068,1758146971068,10.371000051498413,10371
965.42126,950.5128,795.38464,933.5897,1758146971.069,1758146971069,10.371999979019165,10372
959.7802,911.02563,800.6227,954.5421,1758146971.069,1758146971069,10.371999979019165,10372
809.4872,614.4689,793.7729,844.94507,1758146971.069,1758146971069,10.371999979019165,10372
775.64105,623.3333,786.1172,801.8315,1758146971.07,1758146971070,10.372999906539917,10373
920.293,962.1978,791.3553,906.1905,1758146971.07,1758146971070,10.372999906539917,10373
988.7912,880.40295,803.44324,975.09155,1758146971.07,1758146971070,10.372999906539917,10373
847.3626,609.2308,796.99634,875.56775,1758146971.07,1758146971070,10.372999906539917,10373
759.12085,622.1245,786.9231,791.75824,1758146971.071,1758146971071,10.374000072479248,10374
880.40295,859.0476,792.96704,871.13556,1758146971.137,1758146971137,10.440000057220459,10440
995.2381,945.2747,801.02563,970.65936,1758146971.138,1758146971138,10.440999984741211,10441
887.6557,727.28937,799.81683,903.7729,1758146971.138,1758146971138,10.440999984741211,10441
759.12085,645.09155,792.5641,793.36993,1758146971.139,1758146971139,10.441999912261963,10442
838.0952,830.84247,787.72894,829.6337,1758146971.139,1758146971139,10.441999912261963,10442
973.8828,971.8681,794.9817,936.8132,1758146971.139,1758146971139,10.441999912261963,10442
911.8315,767.1795,798.60803,912.23444,1758146971.14,1758146971140,10.443000078201294,10443
760.7326,543.1502,788.93774,788.93774,1758146971.14,1758146971140,10.443000078201294,10443
788.5348,754.2857,786.9231,783.2967,1758146971.14,1758146971140,10.443000078201294,10443
938.022,963.8095,792.5641,898.93774,1758146971.14,1758146971140,10.443000078201294,10443
943.663,816.337,796.99634,928.3516,1758146971.142,1758146971142,10.444999933242798,10445
791.75824,618.0952,793.36993,813.1135,1758146971.143,1758146971143,10.44599986076355,10446
746.2271,786.1172,786.9231,761.9414,1758146971.167,1758146971167,10.47000002861023,10470
878.7912,950.9158,793.7729,861.4652,1758146971.167,1758146971167,10.47000002861023,10470
951.31866,826.4103,804.2491,936.0073,1758146971.168,1758146971168,10.470999956130981,10471
820.7692,671.28204,803.0403,846.9597,1758146971.168,1758146971168,10.470999956130981,10471
724.87177,697.47253,795.38464,755.89746,1758146971.168,1758146971168,10.470999956130981,10471
834.0659,925.9341,796.99634,827.619,1758146971.169,1758146971169,10.471999883651733,10472
954.1392,925.9341,804.65204,930.3663,1758146971.169,1758146971169,10.471999883651733,10472
859.45056,691.02563,801.8315,872.3443,1758146971.169,1758146971169,10.471999883651733,10472
730.5128,662.4176,796.5934,763.1502,1758146971.169,1758146971169,10.471999883651733,10472
791.3553,788.93774,794.9817,790.54944,1758146971.17,1758146971170,10.473000049591064,10473
931.1722,919.89014,800.6227,901.3553,1758146971.17,1758146971170,10.473000049591064,10473
895.7143,794.9817,805.8608,898.1319,1758146971.17,1758146971170,10.473000049591064,10473
743.8095,639.85345,795.78754,777.25275,1758146971.203,1758146971203,10.50600004196167,10506
752.674,788.93774,792.96704,759.5238,1758146971.203,1758146971203,10.50600004196167,10506
894.10254,959.7802,800.6227,869.92676,1758146971.204,1758146971204,10.506999969482422,10507
917.0696,836.8865,804.2491,909.011,1758146971.204,1758146971204,10.506999969482422,10507
772.8205,704.3223,801.02563,804.2491,1758146971.204,1758146971204,10.506999969482422,10507
712.381,728.9011,796.1905,740.18317,1758146971.205,1758146971205,10.507999897003174,10508
837.28937,886.8498,797.3993,828.022,1758146971.205,1758146971205,10.507999897003174,10508
934.7985,864.2857,804.2491,915.4579,1758146971.205,1758146971205,10.507999897003174,10508
815.12823,658.3883,802.6374,829.6337,1758146971.206,1758146971206,10.509000062942505,10509
705.5311,657.5824,796.99634,729.304,1758146971.206,1758146971206,10.509000062942505,10509
808.68134,887.25275,802.23444,791.3553,1758146971.206,1758146971206,10.509000062942505,10509
936.0073,997.25275,808.68134,900.54944,1758146971.206,1758146971206,10.509000062942505,10509
847.3626,742.6007,807.0696,855.0183,1758146971.256,1758146971256,10.559000015258789,10559
707.5458,610.4396,801.4286,737.76556,1758146971.257,1758146971257,10.559999942779541,10560
767.5824,826.0073,802.6374,758.315,1758146971.257,1758146971257,10.559999942779541,10560
909.011,962.1978,806.26373,870.32965,1758146971.258,1758146971258,10.560999870300293,10561
887.6557,853.4066,808.2784,879.19415,1758146971.258,1758146971258,10.560999870300293,10561
740.58606,728.49817,803.8461,768.3883,1758146971.258,1758146971258,10.560999870300293,10561
728.0952,758.71796,800.2198,741.39197,1758146971.258,1758146971258,10.560999870300293,10561
866.7033,884.0293,802.6374,847.76556,1758146971.259,1758146971259,10.562000036239624,10562
911.8315,863.8828,805.4579,901.3553,1758146971.259,1758146971259,10.562000036239624,10562
768.7912,620.9158,801.02563,795.78754,1758146971.259,1758146971259,10.562000036239624,10562
694.2491,653.1502,797.8022,717.619,1758146971.26,1758146971260,10.562999963760376,10563
823.5897,891.685,805.05493,807.0696,1758146971.26,1758146971260,10.562999963760376,10563
922.3077,931.5751,808.2784,904.57874,1758146971.295,1758146971295,10.598000049591064,10598
804.2491,740.58606,808.68134,832.0513,1758146971.296,1758146971296,10.598999977111816,10599
682.96704,674.90845,803.0403,727.28937,1758146971.296,1758146971296,10.598999977111816,10599
772.4176,825.6044,800.6227,771.2088,1758146971.296,1758146971296,10.598999977111816,10599
906.1905,973.47986,806.6667,878.7912,1758146971.297,1758146971297,10.599999904632568,10600
840.5128,850.989,806.26373,851.39197,1758146971.297,1758146971297,10.599999904632568,10600
701.9048,655.9707,801.02563,738.5714,1758146971.297,1758146971297,10.599999904632568,10600
732.1245,737.3626,799.011,742.1978,1758146971.298,1758146971298,10.6010000705719,10601
875.16486,914.65204,802.23444,851.79486,1758146971.298,1758146971298,10.6010000705719,10601
876.77655,837.28937,805.8608,878.7912,1758146971.298,1758146971298,10.6010000705719,10601
734.5421,661.6117,804.65204,774.83514,1758146971.299,1758146971299,10.601999998092651,10602
709.9634,732.1245,803.8461,732.9304,1758146971.299,1758146971299,10.601999998092651,10602
845.7509,877.1795,807.8755,830.0366,1758146971.348,1758146971348,10.651000022888184,10651
911.4286,882.4176,813.91943,901.3553,1758146971.349,1758146971349,10.651999950408936,10652
776.4469,686.5934,811.0989,805.8608,1758146971.35,1758146971350,10.652999877929688,10653
686.5934,639.85345,803.44324,719.6337,1758146971.351,1758146971351,10.654000043869019,10654
806.6667,902.5641,803.8461,799.011,1758146971.351,1758146971351,10.654000043869019,10654
930.3663,1033.1135,814.3223,904.9817,1758146971.352,1758146971352,10.65499997138977,10655
830.0366,724.4689,814.3223,843.3333,1758146971.352,1758146971352,10.65499997138977,10655
697.47253,630.989,803.44324,730.5128,1758146971.352,1758146971352,10.65499997138977,10655
777.25275,890.4762,805.4579,769.59705,1758146971.352,1758146971352,10.65499997138977,10655
918.68134,903.7729,811.0989,877.1795,1758146971.353,1758146971353,10.655999898910522,10656
857.8388,729.304,808.2784,862.27106,1758146971.353,1758146971353,10.655999898910522,10656
707.1429,615.2747,799.41394,745.42126,1758146971.353,1758146971353,10.655999898910522,10656
732.1245,804.65204,797.8022,731.31866,1758146971.387,1758146971387,10.690000057220459,10690
880.0,984.7619,803.8461,845.7509,1758146971.387,1758146971387,10.690000057220459,10690
899.7436,880.0,811.50183,885.2381,1758146971.388,1758146971388,10.690999984741211,10691
749.85345,631.79486,807.0696,770.80585,1758146971.388,1758146971388,10.690999984741211,10691
698.68134,681.3553,796.99634,709.9634,1758146971.388,1758146971388,10.690999984741211,10691
840.9158,986.3736,803.44324,808.68134,1758146971.389,1758146971389,10.691999912261963,10692
931.1722,952.1245,809.0842,888.0586,1758146971.389,1758146971389,10.691999912261963,10692
798.60803,600.3663,798.20514,786.1172,1758146971.389,1758146971389,10.691999912261963,10692
694.65204,642.674,791.3553,697.0696,1758146971.39,1758146971390,10.693000078201294,10693
803.0403,914.2491,797.3993,785.31134,1758146971.39,1758146971390,10.693000078201294,10693
920.696,968.24176,808.68134,901.75824,1758146971.39,1758146971390,10.693000078201294,10693
820.7692,711.978,811.50183,853.4066,1758146971.39,1758146971390,10.693000078201294,10693
686.99634,635.42126,805.05493,742.6007,1758146971.456,1758146971456,10.759000062942505,10759
754.68866,841.31866,804.2491,764.7619,1758146971.456,1758146971456,10.759000062942505,10759
897.326,935.2015,809.0842,872.74725,1758146971.457,1758146971457,10.759999990463257,10760
865.09155,794.9817,809.89014,871.9414,1758146971.457,1758146971457,10.759999990463257,10760
720.0366,651.53845,803.44324,753.8828,1758146971.459,1758146971459,10.76200008392334,10762
724.87177,829.2308,798.60803,728.9011,1758146971.459,1758146971459,10.76200008392334,10762
868.71796,969.85345,803.0403,840.9158,1758146971.459,1758146971459,10.76200008392334,10762
905.78754,815.9341,805.4579,888.0586,1758146971.46,1758146971460,10.763000011444092,10763
765.56775,693.8461,802.6374,779.2674,1758146971.46,1758146971460,10.763000011444092,10763
699.89014,689.41394,803.8461,714.7985,1758146971.46,1758146971460,10.763000011444092,10763
826.0073,862.674,807.8755,805.4579,1758146971.461,1758146971461,10.763999938964844,10764
917.47253,907.3993,813.91943,896.52014,1758146971.461,1758146971461,10.763999938964844,10764
797.8022,703.5165,812.71063,821.5751,1758146971.498,1758146971498,10.800999879837036,10801
689.011,684.57874,805.4579,717.619,1758146971.499,1758146971499,10.802000045776367,10802
788.93774,866.7033,799.41394,770.80585,1758146971.499,1758146971499,10.802000045776367,10802
920.696,947.6923,804.65204,883.22345,1758146971.5,1758146971500,10.80299997329712,10803
839.707,794.57874,812.3077,848.5714,1758146971.5,1758146971500,10.80299997329712,10803
697.8755,701.50183,808.68134,733.73627,1758146971.5,1758146971500,10.80299997329712,10803
741.39197,796.1905,801.4286,742.1978,1758146971.501,1758146971501,10.803999900817871,10804
885.64105,845.34796,804.2491,852.6007,1758146971.501,1758146971501,10.803999900817871,10804
874.35895,816.7399,813.1135,870.7326,1758146971.501,1758146971501,10.803999900817871,10804
726.8865,693.44324,805.4579,757.9121,1758146971.502,1758146971502,10.805000066757202,10805
712.381,704.7253,797.8022,719.2308,1758146971.502,1758146971502,10.805000066757202,10805
851.79486,918.2784,802.6374,823.1868,1758146971.502,1758146971502,10.805000066757202,10805
898.1319,900.9524,806.26373,884.0293,1758146971.539,1758146971539,10.842000007629395,10842
755.4945,684.17584,806.6667,784.90845,1758146971.539,1758146971539,10.842000007629395,10842
680.14655,703.1135,803.8461,705.9341,1758146971.54,1758146971540,10.842999935150146,10843
803.0403,863.8828,803.8461,788.5348,1758146971.54,1758146971540,10.842999935150146,10843
913.8461,950.5128,812.3077,887.6557,1758146971.54,1758146971540,10.842999935150146,10843
800.2198,794.17584,811.50183,819.9634,1758146971.541,1758146971541,10.843999862670898,10844
676.9231,640.2564,799.81683,716.0073,1758146971.542,1758146971542,10.84500002861023,10845
761.9414,786.1172,796.5934,759.12085,1758146971.543,1758146971543,10.845999956130981,10846
898.1319,965.82416,805.4579,873.1502,1758146971.543,1758146971543,10.845999956130981,10846
837.6923,750.2564,809.0842,853.4066,1758146971.543,1758146971543,10.845999956130981,10846
693.8461,618.0952,803.0403,735.34796,1758146971.544,1758146971544,10.846999883651733,10847
729.707,821.1722,801.02563,734.1392,1758146971.544,1758146971544,10.846999883651733,10847
878.7912,998.46155,805.4579,850.58606,1758146971.594,1758146971594,10.897000074386597,10897
880.80585,863.47986,804.2491,875.56775,1758146971.595,1758146971595,10.898000001907349,10898
724.87177,628.5714,796.5934,759.92676,1758146971.595,1758146971595,10.898000001907349,10898
689.81683,682.96704,792.96704,708.7546,1758146971.596,1758146971596,10.8989999294281,10899
834.87177,944.87177,799.81683,812.71063,1758146971.596,1758146971596,10.8989999294281,10899
911.02563,998.0586,807.47253,894.10254,1758146971.596,1758146971596,10.8989999294281,10899
776.04395,751.06226,800.2198,801.02563,1758146971.596,1758146971596,10.8989999294281,10899
676.1172,628.1685,797.8022,708.3516,1758146971.597,1758146971597,10.899999856948853,10900
788.93774,824.7985,802.6374,782.49084,1758146971.597,1758146971597,10.899999856948853,10900
906.5934,956.55676,807.47253,886.4469,1758146971.597,1758146971597,10.899999856948853,10900
805.4579,753.8828,807.0696,825.2015,1758146971.598,1758146971598,10.901000022888184,10901
670.87915,631.39197,802.6374,714.3956,1758146971.598,1758146971598,10.901000022888184,10901
743.00366,843.73627,801.8315,753.0769,1758146971.638,1758146971638,10.940999984741211,10941
889.2674,987.5824,808.2784,868.315,1758146971.639,1758146971639,10.941999912261963,10942
842.1245,774.43225,811.0989,855.82416,1758146971.639,1758146971639,10.941999912261963,10942
693.0403,620.10986,802.6374,737.3626,1758146971.64,1758146971640,10.943000078201294,10943
707.1429,831.6484,796.5934,720.0366,1758146971.64,1758146971640,10.943000078201294,10943
855.0183,971.8681,800.2198,826.0073,1758146971.64,1758146971640,10.943000078201294,10943
880.80585,847.3626,805.8608,870.7326,1758146971.641,1758146971641,10.944000005722046,10944
735.7509,698.68134,802.6374,768.7912,1758146971.641,1758146971641,10.944000005722046,10944
684.57874,699.0842,798.60803,708.3516,1758146971.643,1758146971643,10.94599986076355,10946
815.12823,813.91943,797.8022,801.4286,1758146971.643,1758146971643,10.94599986076355,10946
904.17584,925.12823,805.4579,892.0879,1758146971.643,1758146971643,10.94599986076355,10946
777.6557,715.6044,805.05493,814.3223,1758146971.644,1758146971644,10.94700002670288,10947
668.0586,668.46155,794.57874,709.9634,1758146971.682,1758146971682,10.984999895095825,10985
772.4176,904.9817,793.36993,770.0,1758146971.683,1758146971683,10.986000061035156,10986
901.3553,958.97437,802.23444,879.59705,1758146971.683,1758146971683,10.986000061035156,10986
813.91943,706.337,803.8461,832.8571,1758146971.684,1758146971684,10.986999988555908,10987
676.9231,647.9121,799.81683,724.4689,1758146971.684,1758146971684,10.986999988555908,10987
742.1978,890.07324,803.0403,754.68866,1758146971.684,1758146971684,10.986999988555908,10987
886.04395,973.0769,807.8755,863.8828,1758146971.685,1758146971685,10.98799991607666,10988
852.6007,751.8681,807.8755,857.8388,1758146971.685,1758146971685,10.98799991607666,10988
703.91943,606.8132,801.4286,743.00366,1758146971.685,1758146971685,10.98799991607666,10988
702.3077,781.685,799.011,714.3956,1758146971.686,1758146971686,10.989000082015991,10989
848.1685,928.7546,802.23444,820.3663,1758146971.686,1758146971686,10.989000082015991,10989
895.7143,847.76556,809.89014,882.01465,1758146971.686,1758146971686,10.989000082015991,10989
752.27106,692.23444,807.8755,779.67035,1758146971.718,1758146971718,11.020999908447266,11021
678.1319,726.4835,801.02563,700.696,1758146971.719,1758146971719,11.022000074386597,11022
805.8608,915.4579,807.47253,791.75824,1758146971.719,1758146971719,11.022000074386597,11022
913.0403,973.0769,818.3516,890.07324,1758146971.72,1758146971720,11.023000001907349,11023
797.8022,735.34796,814.3223,809.4872,1758146971.72,1758146971720,11.023000001907349,11023
680.9524,693.0403,805.05493,708.3516,1758146971.721,1758146971721,11.0239999294281,11024
775.2381,893.69965,801.4286,765.9707,1758146971.721,1758146971721,11.0239999294281,11024
906.99634,911.02563,804.65204,872.74725,1758146971.722,1758146971722,11.024999856948853,11025
837.28937,777.25275,806.6667,846.1539,1758146971.722,1758146971722,11.024999856948853,11025
705.9341,626.1539,801.8315,736.9597,1758146971.723,1758146971723,11.026000022888184,11026
748.24176,829.6337,798.60803,747.03296,1758146971.725,1758146971725,11.027999877929688,11028
886.8498,974.68866,803.44324,860.2564,1758146971.726,1758146971726,11.029000043869019,11029
877.98535,808.2784,808.2784,874.35895,1758146971.755,1758146971755,11.058000087738037,11058
729.304,657.5824,803.44324,763.95605,1758146971.756,1758146971756,11.059000015258789,11059
704.3223,752.27106,798.60803,722.4542,1758146971.756,1758146971756,11.059000015258789,11059
849.3773,938.022,804.65204,824.7985,1758146971.756,1758146971756,11.059000015258789,11059
913.0403,934.7985,809.0842,891.28204,1758146971.757,1758146971757,11.059999942779541,11060
775.64105,780.4762,803.8461,792.5641,1758146971.757,1758146971757,11.059999942779541,11060
688.60803,656.77655,797.3993,708.7546,1758146971.757,1758146971757,11.059999942779541,11060
802.6374,764.7619,799.81683,787.326,1758146971.757,1758146971757,11.059999942779541,11060
912.23444,936.8132,804.65204,884.83514,1758146971.758,1758146971758,11.060999870300293,11061
806.26373,752.27106,805.4579,822.7839,1758146971.758,1758146971758,11.060999870300293,11061
685.78754,641.06226,801.4286,717.2161,1758146971.758,1758146971758,11.060999870300293,11061
763.95605,851.79486,796.99634,755.4945,1758146971.759,1758146971759,11.062000036239624,11062
897.72894,974.2857,801.8315,867.1062,1758146971.808,1758146971808,11.111000061035156,11111
846.55676,789.34064,807.47253,848.5714,1758146971.809,1758146971809,11.111999988555908,11112
703.5165,654.35895,801.8315,732.1245,1758146971.809,1758146971809,11.111999988555908,11112
724.0659,748.6447,793.7729,724.87177,1758146971.81,1758146971810,11.11299991607666,11113
873.5531,966.2271,801.8315,842.1245,1758146971.81,1758146971810,11.11299991607666,11113
890.87915,963.00366,812.3077,877.5824,1758146971.81,1758146971810,11.11299991607666,11113
741.39197,669.2674,807.47253,764.35895,1758146971.811,1758146971811,11.114000082015991,11114
703.5165,660.0,805.8608,711.1722,1758146971.811,1758146971811,11.114000082015991,11114
848.5714,943.663,811.0989,810.696,1758146971.812,1758146971812,11.115000009536743,11115
928.3516,890.87915,814.3223,893.69965,1758146971.812,1758146971812,11.115000009536743,11115
795.78754,653.95605,809.4872,801.8315,1758146971.813,1758146971813,11.115999937057495,11116
691.4286,655.16486,801.02563,709.15753,1758146971.813,1758146971813,11.115999937057495,11116
804.2491,884.0293,803.44324,786.9231,1758146971.875,1758146971875,11.17799997329712,11178
927.1429,963.4066,808.68134,886.4469,1758146971.876,1758146971876,11.178999900817871,11179
823.9927,751.06226,802.23444,830.4396,1758146971.876,1758146971876,11.178999900817871,11179
684.57874,612.0513,799.81683,721.6484,1758146971.876,1758146971876,11.178999900817871,11179
753.0769,849.3773,805.4579,751.8681,1758146971.877,1758146971877,11.180000066757202,11180
899.34064,1041.5751,809.0842,871.9414,1758146971.877,1758146971877,11.180000066757202,11180
857.8388,813.91943,808.68134,867.50916,1758146971.877,1758146971877,11.180000066757202,11180
699.4872,627.3626,801.4286,747.4359,1758146971.878,1758146971878,11.180999994277954,11181
701.50183,722.8571,794.17584,726.08057,1758146971.878,1758146971878,11.180999994277954,11181
855.0183,910.6227,799.81683,839.707,1758146971.878,1758146971878,11.180999994277954,11181
889.2674,861.8681,804.2491,887.25275,1758146971.879,1758146971879,11.181999921798706,11182
743.00366,654.7619,800.6227,774.43225,1758146971.879,1758146971879,11.181999921798706,11182
679.7436,690.6227,796.99634,707.1429,1758146971.914,1758146971914,11.217000007629395,11217
808.2784,911.4286,801.02563,805.8608,1758146971.914,1758146971914,11.217000007629395,11217
901.75824,938.4249,804.65204,890.4762,1758146971.914,1758146971914,11.217000007629395,11217
779.2674,684.17584,801.8315,810.696,1758146971.915,1758146971915,11.217999935150146,11218
667.6557,701.9048,799.011,716.0073,1758146971.915,1758146971915,11.217999935150146,11218
771.2088,947.6923,800.6227,774.83514,1758146971.915,1758146971915,11.217999935150146,11218
910.6227,948.0952,808.2784,887.25275,1758146971.916,1758146971916,11.218999862670898,11219
820.7692,681.75824,802.23444,838.9011,1758146971.916,1758146971916,11.218999862670898,11219
680.9524,676.9231,796.5934,727.6923,1758146971.916,1758146971916,11.218999862670898,11219
734.94507,806.26373,799.011,749.0476,1758146971.917,1758146971917,11.22000002861023,11220
874.7619,867.50916,797.8022,853.8095,1758146971.917,1758146971917,11.22000002861023,11220
864.68866,789.7436,805.05493,868.71796,1758146971.917,1758146971917,11.22000002861023,11220
718.022,655.16486,807.47253,759.12085,1758146971.942,1758146971942,11.244999885559082,11245
704.7253,774.83514,799.81683,725.2747,1758146971.943,1758146971943,11.246000051498413,11246
857.4359,936.4103,798.20514,834.0659,1758146971.946,1758146971946,11.249000072479248,11249
905.38464,851.39197,804.2491,892.49084,1758146971.946,1758146971946,11.249000072479248,11249
758.315,730.10986,802.23444,788.93774,1758146971.947,1758146971947,11.25,11250
686.1905,775.64105,797.8022,715.2015,1758146971.947,1758146971947,11.25,11250
810.696,913.8461,799.011,802.6374,1758146971.948,1758146971948,11.250999927520752,11251
910.2198,899.34064,802.6374,894.5055,1758146971.948,1758146971948,11.250999927520752,11251
792.5641,656.77655,807.0696,819.15753,1758146971.949,1758146971949,11.251999855041504,11252
673.2967,627.3626,802.23444,716.8132,1758146971.949,1758146971949,11.251999855041504,11252
764.35895,865.4945,797.3993,763.5531,1758146971.95,1758146971950,11.253000020980835,11253
900.9524,951.7216,804.2491,869.5238,1758146971.95,1758146971950,11.253000020980835,11253
836.08057,826.0073,807.8755,848.97437,1758146972.004,1758146972004,11.306999921798706,11307
693.44324,644.2857,800.2198,736.55676,1758146972.005,1758146972005,11.308000087738037,11308
733.3333,757.9121,797.3993,740.58606,1758146972.005,1758146972005,11.308000087738037,11308
884.83514,938.8278,800.6227,857.03296,1758146972.005,1758146972005,11.308000087738037,11308
879.59705,850.58606,804.65204,874.7619,1758146972.006,1758146972006,11.309000015258789,11309
731.7216,753.8828,802.6374,766.3736,1758146972.006,1758146972006,11.309000015258789,11309
707.1429,774.83514,801.8315,724.4689,1758146972.006,1758146972006,11.309000015258789,11309
844.1392,912.23444,806.26373,817.5458,1758146972.007,1758146972007,11.309999942779541,11310
908.20514,909.41394,810.696,888.86444,1758146972.007,1758146972007,11.309999942779541,11310
764.7619,629.3773,806.26373,794.17584,1758146972.007,1758146972007,11.309999942779541,11310
674.10254,666.8498,801.02563,709.15753,1758146972.008,1758146972008,11.310999870300293,11311
792.5641,881.2088,803.8461,789.34064,1758146972.008,1758146972008,11.310999870300293,11311
909.41394,942.4542,804.2491,887.6557,1758146972.071,1758146972071,11.374000072479248,11374
814.7253,765.56775,800.2198,821.1722,1758146972.072,1758146972072,11.375,11375
683.7729,640.2564,795.38464,709.15753,1758146972.072,1758146972072,11.375,11375
763.5531,877.5824,796.1905,752.27106,1758146972.073,1758146972073,11.375999927520752,11376
907.8022,1012.1612,805.8608,867.50916,1758146972.074,1758146972074,11.376999855041504,11377
855.82416,799.011,808.2784,849.7802,1758146972.074,1758146972074,11.376999855041504,11377
710.3663,671.28204,800.2198,731.7216,1758146972.074,1758146972074,11.376999855041504,11377
731.31866,729.707,799.41394,724.4689,1758146972.075,1758146972075,11.378000020980835,11378
880.80585,898.5348,809.0842,839.707,1758146972.075,1758146972075,11.378000020980835,11378
898.1319,875.9707,813.91943,876.77655,1758146972.076,1758146972076,11.378999948501587,11379
749.45056,668.0586,802.6374,769.19415,1758146972.076,1758146972076,11.378999948501587,11379
701.50183,687.3993,795.38464,714.3956,1758146972.076,1758146972076,11.378999948501587,11379
840.10986,921.0989,802.6374,810.293,1758146972.113,1758146972113,11.41599988937378,11416
925.12823,943.2601,809.0842,894.5055,1758146972.114,1758146972114,11.41700005531311,11417
793.36993,717.2161,804.65204,809.0842,1758146972.114,1758146972114,11.41700005531311,11417
690.6227,680.9524,796.99634,715.6044,1758146972.114,1758146972114,11.41700005531311,11417
799.41394,891.28204,800.6227,780.07324,1758146972.115,1758146972115,11.417999982833862,11418
920.293,996.8498,805.4579,887.25275,1758146972.115,1758146972115,11.417999982833862,11418
832.4542,746.2271,806.6667,835.2747,1758146972.115,1758146972115,11.417999982833862,11418
699.0842,610.0366,799.81683,719.2308,1758146972.116,1758146972116,11.418999910354614,11419
759.5238,815.12823,795.78754,745.42126,1758146972.116,1758146972116,11.418999910354614,11419
907.3993,912.23444,807.0696,859.85345,1758146972.116,1758146972116,11.418999910354614,11419
883.22345,757.1062,809.89014,856.2271,1758146972.117,1758146972117,11.420000076293945,11420
736.55676,614.0659,802.6374,743.00366,1758146972.117,1758146972117,11.420000076293945,11420
735.34796,763.95605,799.81683,723.2601,1758146972.144,1758146972144,11.44700002670288,11447
884.0293,978.71796,803.0403,829.6337,1758146972.145,1758146972145,11.447999954223633,11448
920.293,900.54944,805.4579,877.98535,1758146972.145,1758146972145,11.447999954223633,11448
774.0293,683.36993,798.20514,775.2381,1758146972.146,1758146972146,11.448999881744385,11449
712.381,748.6447,794.9817,712.7839,1758146972.146,1758146972146,11.448999881744385,11449
838.9011,980.32965,797.8022,803.8461,1758146972.147,1758146972147,11.450000047683716,11450
931.978,954.5421,803.44324,888.86444,1758146972.149,1758146972149,11.45199990272522,11452
807.8755,615.6777,806.26373,808.68134,1758146972.149,1758146972149,11.45199990272522,11452
691.8315,645.89746,797.8022,709.9634,1758146972.15,1758146972150,11.45300006866455,11453
787.326,891.685,795.78754,767.5824,1758146972.15,1758146972150,11.45300006866455,11453
916.6667,1003.69965,807.0696,879.59705,1758146972.151,1758146972151,11.453999996185303,11454
842.9304,816.7399,810.696,842.1245,1758146972.151,1758146972151,11.453999996185303,11454
700.293,579.41394,801.02563,721.6484,1758146972.193,1758146972193,11.496000051498413,11496
751.06226,810.293,799.41394,736.9597,1758146972.194,1758146972194,11.496999979019165,11497
896.52014,967.03296,810.696,858.24176,1758146972.194,1758146972194,11.496999979019165,11497
871.53845,772.4176,813.5165,866.30035,1758146972.195,1758146972195,11.497999906539917,11498
720.84247,660.40295,806.26373,746.63007,1758146972.195,1758146972195,11.497999906539917,11498
711.1722,866.7033,802.6374,712.7839,1758146972.195,1758146972195,11.497999906539917,11498
855.42126,917.0696,805.4579,822.381,1758146972.196,1758146972196,11.499000072479248,11499
902.5641,774.43225,805.4579,880.40295,1758146972.196,1758146972196,11.499000072479248,11499
760.7326,743.4066,801.8315,777.25275,1758146972.196,1758146972196,11.499000072479248,11499
681.75824,682.1612,799.81683,703.5165,1758146972.196,1758146972196,11.499000072479248,11499
807.0696,856.63007,800.2198,791.75824,1758146972.197,1758146972197,11.5,11500
915.05493,922.3077,804.65204,886.04395,1758146972.197,1758146972197,11.5,11500
801.4286,728.0952,804.65204,816.7399,1758146972.257,1758146972257,11.559999942779541,11560
682.96704,686.1905,800.2198,715.2015,1758146972.258,1758146972258,11.560999870300293,11561
770.40295,882.01465,803.0403,761.53845,1758146972.258,1758146972258,11.560999870300293,11561
900.9524,917.47253,809.4872,868.71796,1758146972.259,1758146972259,11.562000036239624,11562
836.08057,747.8388,807.47253,838.9011,1758146972.259,1758146972259,11.562000036239624,11562
699.4872,720.84247,801.8315,727.28937,1758146972.259,1758146972259,11.562000036239624,11562
731.31866,790.9524,798.20514,729.304,1758146972.26,1758146972260,11.562999963760376,11563
876.3736,857.03296,803.44324,844.94507,1758146972.26,1758146972260,11.562999963760376,11563
886.04395,810.293,807.0696,873.1502,1758146972.261,1758146972261,11.563999891281128,11564
743.4066,675.7143,798.20514,760.7326,1758146972.262,1758146972262,11.565000057220459,11565
715.2015,745.42126,792.5641,715.2015,1758146972.262,1758146972262,11.565000057220459,11565
852.1978,873.5531,801.8315,827.2161,1758146972.262,1758146972262,11.565000057220459,11565
917.0696,913.0403,813.91943,909.81683,1758146972.307,1758146972307,11.609999895095825,11610
769.59705,722.4542,811.9048,820.3663,1758146972.308,1758146972308,11.611000061035156,11611
662.01465,637.8388,802.6374,728.0952,1758146972.308,1758146972308,11.611000061035156,11611
783.2967,838.9011,806.26373,797.8022,1758146972.308,1758146972308,11.611000061035156,11611
915.4579,1029.0842,813.91943,900.14655,1758146972.309,1758146972309,11.611999988555908,11612
815.5311,827.619,806.26373,838.9011,1758146972.309,1758146972309,11.611999988555908,11612
678.1319,619.707,801.02563,725.6777,1758146972.309,1758146972309,11.611999988555908,11612
753.8828,848.5714,804.2491,757.1062,1758146972.31,1758146972310,11.61299991607666,11613
900.54944,925.5311,810.696,867.50916,1758146972.31,1758146972310,11.61299991607666,11613
850.58606,697.8755,814.7253,856.2271,1758146972.31,1758146972310,11.61299991607666,11613
699.89014,633.8095,808.68134,743.8095,1758146972.31,1758146972310,11.61299991607666,11613
721.2454,797.8022,802.6374,731.31866,1758146972.311,1758146972311,11.614000082015991,11614
867.1062,948.9011,805.4579,840.9158,1758146972.342,1758146972342,11.644999980926514,11645
884.0293,858.6447,807.8755,879.59705,1758146972.343,1758146972343,11.645999908447266,11646
737.3626,690.2198,798.60803,769.59705,1758146972.344,1758146972344,11.647000074386597,11647
685.38464,699.4872,794.17584,707.5458,1758146972.344,1758146972344,11.647000074386597,11647
819.15753,909.011,800.6227,806.26373,1758146972.345,1758146972345,11.648000001907349,11648
910.2198,1008.93774,809.89014,891.28204,1758146972.345,1758146972345,11.648000001907349,11648
792.96704,757.50916,807.8755,800.2198,1758146972.346,1758146972346,11.6489999294281,11649
685.78754,602.381,796.1905,699.4872,1758146972.346,1758146972346,11.6489999294281,11649
791.3553,853.4066,800.2198,763.95605,1758146972.347,1758146972347,11.649999856948853,11650
922.3077,973.0769,808.68134,871.53845,1758146972.347,1758146972347,11.649999856948853,11650
834.0659,698.68134,806.6667,828.8278,1758146972.35,1758146972350,11.652999877929688,11653
699.89014,624.1392,796.99634,720.0366,1758146972.35,1758146972350,11.652999877929688,11653
762.74725,848.5714,794.9817,740.18317,1758146972.389,1758146972389,11.691999912261963,11692
906.99634,998.86444,804.2491,857.8388,1758146972.39,1758146972390,11.693000078201294,11693
873.5531,828.8278,803.44324,861.8681,1758146972.39,1758146972390,11.693000078201294,11693
727.6923,666.8498,797.8022,747.4359,1758146972.39,1758146972390,11.693000078201294,11693
726.08057,752.674,801.02563,724.4689,1758146972.391,1758146972391,11.694000005722046,11694
870.32965,974.68866,808.2784,832.4542,1758146972.391,1758146972391,11.694000005722046,11694
911.8315,895.31134,815.12823,890.4762,1758146972.392,1758146972392,11.694999933242798,11695
771.6117,660.40295,809.0842,782.49084,1758146972.392,1758146972392,11.694999933242798,11695
703.1135,709.5604,798.60803,706.337,1758146972.392,1758146972392,11.694999933242798,11695
827.619,845.7509,801.4286,799.011,1758146972.392,1758146972392,11.694999933242798,11695
933.1868,901.75824,809.4872,894.90845,1758146972.393,1758146972393,11.69599986076355,11696
815.5311,707.9487,806.6667,819.5604,1758146972.393,1758146972393,11.69599986076355,11696
697.47253,722.0513,799.011,720.0366,1758146972.419,1758146972419,11.721999883651733,11722
787.326,877.1795,801.4286,776.04395,1758146972.419,1758146972419,11.721999883651733,11722
915.05493,909.011,811.50183,879.19415,1758146972.42,1758146972420,11.723000049591064,11723
842.52747,738.5714,808.68134,838.49817,1758146972.42,1758146972420,11.723000049591064,11723
698.2784,681.3553,795.38464,723.663,1758146972.42,1758146972420,11.723000049591064,11723
738.97437,894.90845,791.3553,730.5128,1758146972.42,1758146972420,11.723000049591064,11723
884.43225,992.8205,799.011,845.7509,1758146972.421,1758146972421,11.723999977111816,11724
875.16486,804.65204,807.47253,869.5238,1758146972.421,1758146972421,11.723999977111816,11724
719.2308,595.5311,801.8315,753.0769,1758146972.421,1758146972421,11.723999977111816,11724
693.8461,745.0183,797.3993,714.7985,1758146972.422,1758146972422,11.724999904632568,11725
840.10986,948.9011,802.23444,816.7399,1758146972.422,1758146972422,11.724999904632568,11725
899.7436,915.8608,808.2784,882.8205,1758146972.422,1758146972422,11.724999904632568,11725
765.9707,709.9634,805.05493,785.31134,1758146972.46,1758146972460,11.763000011444092,11763
680.14655,682.5641,805.4579,703.5165,1758146972.46,1758146972460,11.763000011444092,11763
789.34064,882.01465,809.4872,784.5055,1758146972.461,1758146972461,11.763999938964844,11764
901.75824,933.9927,813.1135,877.98535,1758146972.461,1758146972461,11.763999938964844,11764
800.2198,799.011,811.9048,815.9341,1758146972.461,1758146972461,11.763999938964844,11764
678.1319,705.12823,801.4286,711.1722,1758146972.462,1758146972462,11.764999866485596,11765
753.8828,842.9304,797.3993,754.68866,1758146972.462,1758146972462,11.764999866485596,11765
882.4176,931.5751,800.6227,863.8828,1758146972.462,1758146972462,11.764999866485596,11765
830.84247,799.011,801.8315,841.7216,1758146972.463,1758146972463,11.766000032424927,11766
689.81683,599.5604,801.8315,731.7216,1758146972.463,1758146972463,11.766000032424927,11766
710.7692,740.58606,799.011,722.4542,1758146972.463,1758146972463,11.766000032424927,11766
867.50916,980.32965,803.8461,843.3333,1758146972.464,1758146972464,11.766999959945679,11767
878.7912,824.7985,811.0989,877.98535,1758146972.514,1758146972514,11.816999912261963,11817
724.0659,645.4945,806.26373,758.71796,1758146972.515,1758146972515,11.818000078201294,11818
689.011,759.5238,799.81683,712.7839,1758146972.516,1758146972516,11.819000005722046,11819
827.2161,925.5311,806.6667,819.5604,1758146972.516,1758146972516,11.819000005722046,11819
898.93774,948.9011,815.12823,891.685,1758146972.516,1758146972516,11.819000005722046,11819
774.0293,794.17584,809.0842,799.81683,1758146972.517,1758146972517,11.819999933242798,11820
674.10254,662.8205,795.78754,708.7546,1758146972.517,1758146972517,11.819999933242798,11820
774.83514,740.18317,795.78754,774.0293,1758146972.517,1758146972517,11.819999933242798,11820
898.5348,895.7143,807.8755,883.22345,1758146972.518,1758146972518,11.82099986076355,11821
811.50183,778.46155,807.47253,830.4396,1758146972.518,1758146972518,11.82099986076355,11821
682.5641,653.95605,799.011,718.022,1758146972.518,1758146972518,11.82099986076355,11821
753.8828,826.0073,799.41394,755.89746,1758146972.519,1758146972519,11.82200002670288,11822
898.1319,998.46155,805.8608,873.95605,1758146972.58,1758146972580,11.882999897003174,11883
853.8095,818.3516,805.05493,861.4652,1758146972.581,1758146972581,11.884000062942505,11884
703.1135,643.47986,798.60803,739.3773,1758146972.582,1758146972582,11.884999990463257,11885
711.5751,755.4945,797.3993,720.84247,1758146972.582,1758146972582,11.884999990463257,11885
857.03296,968.24176,799.41394,830.84247,1758146972.583,1758146972583,11.885999917984009,11886
887.25275,948.49817,803.8461,881.6117,1758146972.583,1758146972583,11.885999917984009,11886
745.82416,691.02563,801.8315,782.0879,1758146972.583,1758146972583,11.885999917984009,11886
687.8022,697.0696,799.011,721.2454,1758146972.583,1758146972583,11.885999917984009,11886
821.978,909.81683,807.0696,815.5311,1758146972.584,1758146972584,11.88700008392334,11887
913.8461,880.40295,812.3077,898.93774,1758146972.584,1758146972584,11.88700008392334,11887
786.52014,710.3663,804.65204,815.9341,1758146972.585,1758146972585,11.888000011444092,11888
679.7436,676.9231,796.99634,726.08057,1758146972.585,1758146972585,11.888000011444092,11888
783.69965,826.8132,800.2198,787.326,1758146972.62,1758146972620,11.922999858856201,11923
913.8461,941.6484,809.89014,890.87915,1758146972.621,1758146972621,11.924000024795532,11924
828.4249,740.58606,806.26373,844.94507,1758146972.621,1758146972621,11.924000024795532,11924
696.6667,633.00366,800.2198,734.94507,1758146972.622,1758146972622,11.924999952316284,11925
753.47986,845.7509,803.8461,749.45056,1758146972.622,1758146972622,11.924999952316284,11925
896.1172,1046.0073,808.2784,864.2857,1758146972.622,1758146972622,11.924999952316284,11925
877.5824,832.4542,808.2784,876.3736,1758146972.622,1758146972622,11.924999952316284,11925
724.87177,568.5348,800.6227,752.27106,1758146972.623,1758146972623,11.925999879837036,11926
711.5751,731.31866,797.8022,716.8132,1758146972.623,1758146972623,11.925999879837036,11926
856.63007,936.0073,801.4286,829.2308,1758146972.623,1758146972623,11.925999879837036,11926
905.38464,872.74725,806.26373,892.8938,1758146972.624,1758146972624,11.927000045776367,11927
759.5238,681.75824,803.0403,790.14655,1758146972.624,1758146972624,11.927000045776367,11927
678.93774,718.8278,794.57874,710.7692,1758146972.662,1758146972662,11.964999914169312,11965
806.26373,905.78754,800.2198,789.7436,1758146972.663,1758146972663,11.966000080108643,11966
912.23444,960.18317,811.0989,888.0586,1758146972.663,1758146972663,11.966000080108643,11966
792.5641,733.3333,805.05493,819.5604,1758146972.663,1758146972663,11.966000080108643,11966
676.1172,624.1392,796.1905,714.3956,1758146972.665,1758146972665,11.967999935150146,11968
771.2088,907.3993,806.26373,774.43225,1758146972.665,1758146972665,11.967999935150146,11968
905.78754,983.1502,815.9341,883.6264,1758146972.665,1758146972665,11.967999935150146,11968
835.6777,682.96704,807.47253,837.28937,1758146972.666,1758146972666,11.968999862670898,11969
702.3077,662.8205,799.41394,723.2601,1758146972.666,1758146972666,11.968999862670898,11969
734.94507,774.43225,796.5934,730.5128,1758146972.666,1758146972666,11.968999862670898,11969
873.5531,905.78754,806.26373,848.97437,1758146972.667,1758146972667,11.97000002861023,11970
875.56775,812.71063,811.9048,879.59705,1758146972.667,1758146972667,11.97000002861023,11970
726.08057,647.1062,801.02563,761.53845,1758146972.74,1758146972740,12.042999982833862,12043
697.8755,745.82416,798.60803,716.0073,1758146972.74,1758146972740,12.042999982833862,12043
834.0659,908.20514,797.8022,816.7399,1758146972.741,1758146972741,12.043999910354614,12044
896.1172,882.8205,796.99634,883.6264,1758146972.741,1758146972741,12.043999910354614,12044
763.95605,736.1539,801.02563,792.96704,1758146972.741,1758146972741,12.043999910354614,12044
683.36993,737.3626,798.20514,705.12823,1758146972.742,1758146972742,12.045000076293945,12045
796.99634,904.9817,796.99634,773.22345,1758146972.742,1758146972742,12.045000076293945,12045
898.1319,911.02563,801.02563,877.5824,1758146972.742,1758146972742,12.045000076293945,12045
795.78754,660.80585,797.3993,817.9487,1758146972.743,1758146972743,12.046000003814697,12046
681.3553,639.0476,790.14655,713.9927,1758146972.743,1758146972743,12.046000003814697,12046
760.32965,812.71063,792.1612,758.315,1758146972.743,1758146972743,12.046000003814697,12046
898.5348,935.6044,803.8461,870.32965,1758146972.744,1758146972744,12.04699993133545,12047
848.5714,823.9927,806.26373,857.8388,1758146972.779,1758146972779,12.082000017166138,12082
702.3077,686.5934,798.20514,744.61536,1758146972.78,1758146972780,12.08299994468689,12083
725.6777,792.96704,798.60803,740.58606,1758146972.78,1758146972780,12.08299994468689,12083
867.50916,901.3553,802.6374,849.7802,1758146972.78,1758146972780,12.08299994468689,12083
882.01465,906.99634,808.2784,880.80585,1758146972.781,1758146972781,12.083999872207642,12084
735.7509,767.98535,807.0696,771.6117,1758146972.781,1758146972781,12.083999872207642,12084
682.1612,695.05493,799.41394,710.7692,1758146972.782,1758146972782,12.085000038146973,12085
815.12823,883.22345,799.81683,803.8461,1758146972.783,1758146972783,12.085999965667725,12086
901.3553,990.80585,805.05493,887.6557,1758146972.783,1758146972783,12.085999965667725,12086
772.8205,658.7912,801.4286,798.60803,1758146972.783,1758146972783,12.085999965667725,12086
669.67035,533.0769,793.7729,696.6667,1758146972.784,1758146972784,12.086999893188477,12087
780.07324,905.38464,796.1905,763.5531,1758146972.784,1758146972784,12.086999893188477,12087
904.17584,973.47986,800.2198,874.35895,1758146972.817,1758146972817,12.119999885559082,12120
811.50183,711.1722,800.2198,826.0073,1758146972.818,1758146972818,12.121000051498413,12121
678.1319,631.39197,796.5934,710.7692,1758146972.818,1758146972818,12.121000051498413,12121
744.21246,810.293,799.011,743.8095,1758146972.819,1758146972819,12.121999979019165,12122
892.49084,1044.7986,807.0696,860.65936,1758146972.819,1758146972819,12.121999979019165,12122
864.2857,918.2784,810.696,860.2564,1758146972.819,1758146972819,12.121999979019165,12122
716.4103,641.06226,806.26373,743.4066,1758146972.819,1758146972819,12.121999979019165,12122
708.7546,684.9817,799.41394,713.5897,1758146972.82,1758146972820,12.122999906539917,12123
855.0183,911.8315,801.02563,823.1868,1758146972.82,1758146972820,12.122999906539917,12123
897.72894,904.9817,802.6374,876.3736,1758146972.82,1758146972820,12.122999906539917,12123
755.09155,675.7143,796.1905,776.4469,1758146972.821,1758146972821,12.124000072479248,12124
691.4286,651.9414,795.38464,711.5751,1758146972.821,1758146972821,12.124000072479248,12124
820.3663,973.0769,800.6227,800.6227,1758146972.856,1758146972856,12.158999919891357,12159
914.65204,995.2381,806.6667,888.46155,1758146972.857,1758146972857,12.160000085830688,12160
794.57874,672.49084,804.2491,814.3223,1758146972.857,1758146972857,12.160000085830688,12160
681.75824,612.0513,795.78754,720.84247,1758146972.857,1758146972857,12.160000085830688,12160
783.2967,919.89014,799.41394,778.86444,1758146972.858,1758146972858,12.16100001335144,12161
923.91943,1102.8206,810.696,883.6264,1758146972.858,1758146972858,12.16100001335144,12161
849.3773,738.97437,814.3223,843.73627,1758146972.858,1758146972858,12.16100001335144,12161
705.5311,555.2381,807.8755,730.9158,1758146972.859,1758146972859,12.161999940872192,12162
746.63007,813.5165,802.23444,742.6007,1758146972.86,1758146972860,12.162999868392944,12163
892.0879,946.08057,807.8755,858.24176,1758146972.86,1758146972860,12.162999868392944,12163
882.01465,799.011,812.71063,874.35895,1758146972.861,1758146972861,12.164000034332275,12164
730.5128,616.4835,803.0403,749.85345,1758146972.861,1758146972861,12.164000034332275,12164
713.9927,782.49084,798.60803,715.2015,1758146972.889,1758146972889,12.191999912261963,12192
863.0769,1005.31134,803.44324,823.5897,1758146972.89,1758146972890,12.193000078201294,12193
919.4872,896.52014,807.8755,880.80585,1758146972.89,1758146972890,12.193000078201294,12193
773.6264,640.65936,803.8461,782.8938,1758146972.89,1758146972890,12.193000078201294,12193
694.65204,738.5714,796.5934,703.5165,1758146972.891,1758146972891,12.194000005722046,12194
821.1722,969.85345,796.99634,785.7143,1758146972.891,1758146972891,12.194000005722046,12194
928.3516,952.9304,803.8461,883.6264,1758146972.891,1758146972891,12.194000005722046,12194
813.5165,633.00366,803.0403,817.1429,1758146972.892,1758146972892,12.194999933242798,12195
686.5934,582.23444,791.75824,708.7546,1758146972.892,1758146972892,12.194999933242798,12195
777.6557,885.64105,793.36993,761.13556,1758146972.892,1758146972892,12.194999933242798,12195
917.47253,987.98535,802.6374,877.5824,1758146972.893,1758146972893,12.19599986076355,12196
846.1539,724.87177,805.05493,848.1685,1758146972.893,1758146972893,12.19599986076355,12196
704.7253,629.7802,800.2198,739.7802,1758146972.947,1758146972947,12.25,12250
739.3773,846.1539,796.5934,737.76556,1758146972.948,1758146972948,12.250999927520752,12251
881.2088,1009.7436,804.65204,846.1539,1758146972.948,1758146972948,12.250999927520752,12251
884.43225,817.5458,808.68134,872.74725,1758146972.948,1758146972948,12.250999927520752,12251
735.7509,618.0952,801.02563,758.315,1758146972.948,1758146972948,12.250999927520752,12251
707.9487,821.978,798.20514,713.1868,1758146972.948,1758146972948,12.250999927520752,12251
844.1392,995.64105,802.6374,815.12823,1758146972.948,1758146972948,12.250999927520752,12251
906.5934,865.4945,809.4872,894.10254,1758146972.948,1758146972948,12.250999927520752,12251
779.2674,670.87915,807.0696,798.20514,1758146972.948,1758146972948,12.250999927520752,12251
688.20514,651.53845,797.8022,709.5604,1758146972.948,1758146972948,12.250999927520752,12251
797.8022,856.63007,801.02563,788.1319,1758146972.949,1758146972949,12.251999855041504,12252
916.6667,958.1685,809.0842,889.2674,1758146972.949,1758146972949,12.251999855041504,12252
820.3663,770.40295,811.50183,831.6484,1758146972.974,1758146972974,12.276999950408936,12277
690.2198,651.53845,804.2491,728.0952,1758146972.974,1758146972974,12.276999950408936,12277
761.13556,845.7509,798.60803,761.9414,1758146972.975,1758146972975,12.277999877929688,12278
901.3553,1016.5934,808.2784,868.71796,1758146972.975,1758146972975,12.277999877929688,12278
850.989,755.89746,814.3223,851.39197,1758146972.976,1758146972976,12.279000043869019,12279
704.3223,624.94507,806.26373,737.76556,1758146972.976,1758146972976,12.279000043869019,12279
721.6484,846.55676,803.0403,729.707,1758146972.976,1758146972976,12.279000043869019,12279
866.30035,890.07324,808.2784,838.49817,1758146972.976,1758146972976,12.279000043869019,12279
884.83514,813.1135,808.68134,879.59705,1758146972.977,1758146972977,12.27999997138977,12280
740.58606,651.13556,804.2491,772.4176,1758146972.977,1758146972977,12.27999997138977,12280
690.6227,706.337,796.1905,705.9341,1758146972.977,1758146972977,12.27999997138977,12280
821.978,898.93774,794.57874,796.1905,1758146972.978,1758146972978,12.280999898910522,12281
911.4286,909.81683,807.8755,882.8205,1758146973.042,1758146973042,12.34500002861023,12345
787.72894,716.0073,808.68134,802.6374,1758146973.042,1758146973042,12.34500002861023,12345
685.78754,653.95605,799.41394,708.7546,1758146973.043,1758146973043,12.345999956130981,12346
795.38464,879.19415,804.65204,780.87915,1758146973.043,1758146973043,12.345999956130981,12346
926.337,1005.7143,817.1429,893.2967,1758146973.043,1758146973043,12.345999956130981,12346
842.1245,819.9634,817.5458,846.9597,1758146973.044,1758146973044,12.346999883651733,12347
694.65204,582.6374,800.6227,730.5128,1758146973.044,1758146973044,12.346999883651733,12347
749.0476,747.4359,796.5934,749.85345,1758146973.044,1758146973044,12.346999883651733,12347
896.9231,1030.2931,811.0989,866.30035,1758146973.045,1758146973045,12.348000049591064,12348
863.8828,758.71796,815.12823,869.92676,1758146973.045,1758146973045,12.348000049591064,12348
716.8132,578.20514,804.65204,755.4945,1758146973.045,1758146973045,12.348000049591064,12348
712.7839,769.19415,801.8315,724.0659,1758146973.046,1758146973046,12.348999977111816,12349
857.4359,951.31866,808.2784,835.2747,1758146973.073,1758146973073,12.375999927520752,12376
907.8022,865.89746,812.71063,896.52014,1758146973.074,1758146973074,12.376999855041504,12377
763.95605,691.8315,804.65204,787.72894,1758146973.074,1758146973074,12.376999855041504,12377
686.1905,636.2271,798.20514,708.7546,1758146973.074,1758146973074,12.376999855041504,12377
815.5311,909.81683,802.6374,803.0403,1758146973.075,1758146973075,12.378000020980835,12378
922.3077,1044.3956,812.71063,903.36993,1758146973.075,1758146973075,12.378000020980835,12378
802.6374,693.0403,810.696,825.6044,1758146973.075,1758146973075,12.378000020980835,12378
681.75824,535.89746,799.41394,716.4103,1758146973.075,1758146973075,12.378000020980835,12378
778.46155,810.696,798.60803,771.2088,1758146973.076,1758146973076,12.378999948501587,12379
920.696,1022.6374,809.89014,886.4469,1758146973.076,1758146973076,12.378999948501587,12379
844.5421,806.26373,808.2784,847.3626,1758146973.076,1758146973076,12.378999948501587,12379
691.02563,599.5604,793.7729,723.2601,1758146973.077,1758146973077,12.379999876022339,12380
733.3333,797.8022,791.3553,725.6777,1758146973.131,1758146973131,12.434000015258789,12434
879.59705,976.30035,803.44324,845.7509,1758146973.131,1758146973131,12.434000015258789,12434
871.9414,796.5934,810.293,868.71796,1758146973.132,1758146973132,12.434999942779541,12435
728.0952,623.3333,801.4286,752.674,1758146973.133,1758146973133,12.435999870300293,12436
708.3516,788.1319,802.6374,715.2015,1758146973.133,1758146973133,12.435999870300293,12436
852.1978,1021.02563,808.2784,818.3516,1758146973.133,1758146973133,12.435999870300293,12436
913.8461,906.5934,813.91943,886.04395,1758146973.134,1758146973134,12.437000036239624,12437
770.80585,653.5531,808.2784,786.1172,1758146973.134,1758146973134,12.437000036239624,12437
682.96704,682.1612,799.011,697.8755,1758146973.135,1758146973135,12.437999963760376,12438
805.8608,851.39197,804.2491,783.2967,1758146973.135,1758146973135,12.437999963760376,12438
931.1722,933.5897,820.7692,895.31134,1758146973.136,1758146973136,12.438999891281128,12439
821.5751,777.6557,821.1722,820.3663,1758146973.136,1758146973136,12.438999891281128,12439
665.2381,709.5604,804.65204,686.1905,1758146973.167,1758146973167,12.47000002861023,12470
741.79486,913.0403,803.8461,720.84247,1758146973.168,1758146973168,12.470999956130981,12471
879.19415,1040.7693,817.5458,822.381,1758146973.169,1758146973169,12.471999883651733,12472
784.10254,746.2271,808.68134,758.71796,1758146973.169,1758146973169,12.471999883651733,12472
602.381,607.619,805.05493,612.4542,1758146973.17,1758146973170,12.473000049591064,12473
584.2491,877.5824,810.293,584.2491,1758146973.17,1758146973170,12.473000049591064,12473
683.7729,1052.0513,804.65204,666.8498,1758146973.17,1758146973170,12.473000049591064,12473
658.7912,858.6447,812.3077,678.1319,1758146973.171,1758146973171,12.473999977111816,12474
477.87546,687.8022,808.2784,545.16486,1758146973.171,1758146973171,12.473999977111816,12474
429.92673,808.68134,805.05493,486.337,1758146973.171,1758146973171,12.473999977111816,12474
567.326,911.8315,810.293,583.44324,1758146973.171,1758146973171,12.473999977111816,12474
645.4945,900.54944,818.3516,658.3883,1758146973.172,1758146973172,12.474999904632568,12475
521.79486,742.1978,820.3663,568.5348,1758146973.231,1758146973231,12.533999919891357,12534
421.86813,715.6044,810.696,477.0696,1758146973.232,1758146973232,12.535000085830688,12535
541.13556,915.8608,808.68134,557.6557,1758146973.232,1758146973232,12.535000085830688,12535
684.17584,934.7985,820.7692,680.54944,1758146973.233,1758146973233,12.53600001335144,12536
607.2161,752.674,818.7546,642.674,1758146973.233,1758146973233,12.53600001335144,12536
478.27838,812.71063,807.8755,551.2088,1758146973.233,1758146973233,12.53600001335144,12536
554.0293,956.1539,815.5311,596.337,1758146973.234,1758146973234,12.536999940872192,12537
711.1722,1115.3114,827.2161,723.2601,1758146973.234,1758146973234,12.536999940872192,12537
678.93774,854.61536,829.6337,736.1539,1758146973.234,1758146973234,12.536999940872192,12537
543.5531,490.76923,823.1868,646.7033,1758146973.235,1758146973235,12.537999868392944,12538
571.3553,809.0842,807.0696,649.12085,1758146973.235,1758146973235,12.537999868392944,12538
734.5421,1085.4945,804.65204,776.8498,1758146973.235,1758146973235,12.537999868392944,12538
780.87915,1080.6593,810.293,845.7509,1758146973.264,1758146973264,12.566999912261963,12567
638.6447,686.99634,804.65204,750.65936,1758146973.265,1758146973265,12.568000078201294,12568
587.0696,664.43225,797.3993,693.0403,1758146973.265,1758146973265,12.568000078201294,12568
739.7802,1007.72894,801.4286,801.02563,1758146973.266,1758146973266,12.569000005722046,12569
851.39197,956.9597,807.8755,903.36993,1758146973.268,1758146973268,12.57099986076355,12571
743.4066,743.8095,800.6227,834.0659,1758146973.268,1758146973268,12.57099986076355,12571
643.0769,713.9927,791.3553,746.2271,1758146973.269,1758146973269,12.57200002670288,12572
756.7033,836.08057,791.75824,815.12823,1758146973.269,1758146973269,12.57200002670288,12572
902.1612,971.4652,796.5934,933.5897,1758146973.27,1758146973270,12.572999954223633,12573
833.663,724.4689,794.9817,902.1612,1758146973.27,1758146973270,12.572999954223633,12573
706.337,541.9414,784.90845,791.3553,1758146973.271,1758146973271,12.573999881744385,12574
770.40295,816.7399,784.5055,812.71063,1758146973.271,1758146973271,12.573999881744385,12574
933.1868,1089.1208,793.7729,939.2308,1758146973.299,1758146973299,12.601999998092651,12602
931.978,855.42126,796.5934,960.58606,1758146973.299,1758146973299,12.601999998092651,12602
794.17584,537.50916,788.93774,847.76556,1758146973.3,1758146973300,12.602999925613403,12603
792.1612,768.7912,783.69965,815.12823,1758146973.3,1758146973300,12.602999925613403,12603
943.2601,1164.4689,793.36993,920.293,1758146973.3,1758146973300,12.602999925613403,12603
994.0293,1006.1172,799.81683,971.06226,1758146973.301,1758146973301,12.604000091552734,12604
852.6007,535.09155,794.57874,875.56775,1758146973.301,1758146973301,12.604000091552734,12604
776.4469,502.85715,784.10254,803.8461,1758146973.301,1758146973301,12.604000091552734,12604
909.41394,968.6447,787.72894,895.31134,1758146973.301,1758146973301,12.604000091552734,12604
1021.02563,969.45056,800.2198,994.0293,1758146973.302,1758146973302,12.605000019073486,12605
905.38464,599.5604,800.6227,919.89014,1758146973.302,1758146973302,12.605000019073486,12605
788.1319,502.85715,792.96704,818.3516,1758146973.302,1758146973302,12.605000019073486,12605
880.80585,856.63007,793.7729,870.32965,1758146973.361,1758146973361,12.664000034332275,12664
1014.57874,1016.99634,800.2198,977.1062,1758146973.361,1758146973361,12.664000034332275,12664
946.4835,733.73627,798.60803,942.8571,1758146973.362,1758146973362,12.664999961853027,12665
801.8315,543.95605,795.78754,830.4396,1758146973.362,1758146973362,12.664999961853027,12665
839.304,854.61536,796.5934,832.4542,1758146973.362,1758146973362,12.664999961853027,12665
990.0,1136.2638,802.6374,946.4835,1758146973.363,1758146973363,12.66599988937378,12666
986.77655,793.36993,806.26373,965.42126,1758146973.365,1758146973365,12.667999982833862,12668
833.663,545.56775,803.44324,849.7802,1758146973.365,1758146973365,12.667999982833862,12668
799.81683,678.1319,798.20514,804.2491,1758146973.365,1758146973365,12.667999982833862,12668
939.6337,871.53845,799.81683,901.75824,1758146973.366,1758146973366,12.668999910354614,12669
1007.326,881.2088,808.2784,972.674,1758146973.366,1758146973366,12.668999910354614,12669
870.7326,638.6447,807.8755,876.3736,1758146973.366,1758146973366,12.668999910354614,12669
775.2381,634.61536,801.4286,784.5055,1758146973.447,1758146973447,12.75,12750
891.685,886.8498,799.81683,859.45056,1758146973.448,1758146973448,12.750999927520752,12751
1008.1319,950.5128,802.6374,962.6007,1758146973.448,1758146973448,12.750999927520752,12751
902.1612,672.49084,798.60803,896.1172,1758146973.449,1758146973449,12.751999855041504,12752
764.7619,628.97437,792.1612,782.0879,1758146973.449,1758146973449,12.751999855041504,12752
840.5128,911.8315,796.1905,820.7692,1758146973.449,1758146973449,12.751999855041504,12752
979.5238,970.65936,799.81683,927.5458,1758146973.45,1758146973450,12.753000020980835,12753
923.5165,690.6227,800.6227,910.6227,1758146973.45,1758146973450,12.753000020980835,12753
772.8205,613.663,796.99634,796.99634,1758146973.45,1758146973450,12.753000020980835,12753
786.1172,726.8865,792.96704,783.2967,1758146973.451,1758146973451,12.753999948501587,12754
930.7692,965.42126,797.3993,893.69965,1758146973.451,1758146973451,12.753999948501587,12754
951.31866,889.2674,801.4286,932.381,1758146973.451,1758146973451,12.753999948501587,12754
802.6374,578.60803,797.8022,824.3956,1758146973.481,1758146973481,12.783999919891357,12784
749.85345,707.5458,791.3553,764.7619,1758146973.482,1758146973482,12.785000085830688,12785
882.01465,907.8022,796.1905,859.0476,1758146973.482,1758146973482,12.785000085830688,12785
957.3626,846.1539,801.02563,937.2161,1758146973.483,1758146973483,12.78600001335144,12786
823.1868,705.9341,796.99634,847.3626,1758146973.483,1758146973483,12.78600001335144,12786
719.6337,736.1539,790.9524,753.0769,1758146973.483,1758146973483,12.78600001335144,12786
828.4249,887.6557,796.1905,819.5604,1758146973.483,1758146973483,12.78600001335144,12786
951.7216,921.9048,802.6374,919.0842,1758146973.484,1758146973484,12.786999940872192,12787
855.0183,668.0586,799.011,859.0476,1758146973.485,1758146973485,12.787999868392944,12788
719.2308,595.5311,796.99634,750.65936,1758146973.485,1758146973485,12.787999868392944,12788
782.0879,845.34796,800.6227,780.87915,1758146973.486,1758146973486,12.789000034332275,12789
930.3663,973.8828,811.0989,894.10254,1758146973.486,1758146973486,12.789000034332275,12789
900.54944,813.91943,815.12823,893.2967,1758146973.514,1758146973514,12.816999912261963,12817
746.2271,629.3773,802.23444,774.43225,1758146973.515,1758146973515,12.818000078201294,12818
744.61536,763.1502,795.78754,751.06226,1758146973.515,1758146973515,12.818000078201294,12818
888.0586,894.10254,798.60803,858.6447,1758146973.515,1758146973515,12.818000078201294,12818
930.3663,883.22345,802.23444,906.1905,1758146973.516,1758146973516,12.819000005722046,12819
789.7436,759.12085,798.20514,796.99634,1758146973.516,1758146973516,12.819000005722046,12819
723.663,694.65204,790.9524,728.0952,1758146973.516,1758146973516,12.819000005722046,12819
851.79486,922.3077,794.9817,819.9634,1758146973.516,1758146973516,12.819000005722046,12819
938.4249,941.6484,809.0842,902.96704,1758146973.517,1758146973517,12.819999933242798,12820
818.3516,604.3956,806.26373,828.022,1758146973.517,1758146973517,12.819999933242798,12820
708.7546,614.4689,795.38464,732.52747,1758146973.517,1758146973517,12.819999933242798,12820
806.26373,889.2674,797.8022,787.326,1758146973.518,1758146973518,12.82099986076355,12821
939.2308,1027.0696,803.0403,896.1172,1758146973.548,1758146973548,12.8510000705719,12851
862.27106,742.1978,800.6227,857.8388,1758146973.548,1758146973548,12.8510000705719,12851
713.1868,614.0659,792.5641,742.6007,1758146973.548,1758146973548,12.8510000705719,12851
759.5238,835.2747,794.9817,755.89746,1758146973.549,1758146973549,12.851999998092651,12852
896.9231,992.01465,804.65204,866.30035,1758146973.549,1758146973549,12.851999998092651,12852
875.9707,867.1062,806.26373,882.01465,1758146973.549,1758146973549,12.851999998092651,12852
738.97437,655.56775,799.41394,774.83514,1758146973.55,1758146973550,12.852999925613403,12853
721.2454,637.8388,798.20514,737.76556,1758146973.55,1758146973550,12.852999925613403,12853
854.61536,801.02563,801.02563,832.0513,1758146973.55,1758146973550,12.852999925613403,12853
913.8461,937.2161,806.6667,896.52014,1758146973.55,1758146973550,12.852999925613403,12853
782.49084,724.87177,803.0403,807.47253,1758146973.552,1758146973552,12.855000019073486,12855
699.0842,641.8681,796.5934,724.4689,1758146973.552,1758146973552,12.855000019073486,12855
815.5311,907.3993,799.011,803.44324,1758146973.601,1758146973601,12.904000043869019,12904
922.71063,956.9597,804.2491,898.1319,1758146973.601,1758146973601,12.904000043869019,12904
813.1135,689.011,800.6227,821.978,1758146973.602,1758146973602,12.90499997138977,12905
689.41394,648.315,791.3553,718.4249,1758146973.602,1758146973602,12.90499997138977,12905
773.22345,902.1612,794.9817,770.40295,1758146973.602,1758146973602,12.90499997138977,12905
915.05493,1031.5018,805.8608,889.67035,1758146973.602,1758146973602,12.90499997138977,12905
853.8095,778.46155,808.2784,863.47986,1758146973.603,1758146973603,12.905999898910522,12906
701.50183,580.2198,802.6374,739.7802,1758146973.603,1758146973603,12.905999898910522,12906
738.1685,830.4396,801.02563,748.6447,1758146973.603,1758146973603,12.905999898910522,12906
890.87915,950.9158,806.6667,863.47986,1758146973.604,1758146973604,12.907000064849854,12907
888.86444,765.9707,811.9048,883.22345,1758146973.604,1758146973604,12.907000064849854,12907
738.1685,622.52747,806.26373,772.4176,1758146973.605,1758146973605,12.907999992370605,12908
707.9487,737.76556,799.41394,724.4689,1758146973.63,1758146973630,12.933000087738037,12933
846.9597,935.2015,803.44324,823.1868,1758146973.631,1758146973631,12.934000015258789,12934
918.68134,893.2967,809.0842,898.1319,1758146973.631,1758146973631,12.934000015258789,12934
791.3553,708.7546,804.65204,805.4579,1758146973.632,1758146973632,12.934999942779541,12935
695.8608,693.0403,797.8022,713.5897,1758146973.632,1758146973632,12.934999942779541,12935
807.0696,948.9011,801.8315,791.3553,1758146973.632,1758146973632,12.934999942779541,12935
929.15753,963.4066,812.71063,898.1319,1758146973.632,1758146973632,12.934999942779541,12935
824.3956,603.5897,811.9048,833.663,1758146973.633,1758146973633,12.935999870300293,12936
693.8461,607.2161,803.0403,721.6484,1758146973.633,1758146973633,12.935999870300293,12936
772.4176,880.40295,802.23444,758.71796,1758146973.633,1758146973633,12.935999870300293,12936
912.6374,986.77655,807.47253,873.5531,1758146973.634,1758146973634,12.937000036239624,12937
865.09155,795.78754,809.0842,861.4652,1758146973.634,1758146973634,12.937000036239624,12937
720.0366,674.5055,805.05493,739.7802,1758146973.699,1758146973699,13.001999855041504,13002
729.304,801.02563,805.05493,724.87177,1758146973.7,1758146973700,13.003000020980835,13003
866.7033,909.011,812.3077,837.6923,1758146973.7,1758146973700,13.003000020980835,13003
887.25275,820.3663,814.3223,878.7912,1758146973.7,1758146973700,13.003000020980835,13003
744.21246,671.28204,807.0696,773.22345,1758146973.701,1758146973701,13.003999948501587,13004
695.05493,796.1905,808.68134,721.2454,1758146973.701,1758146973701,13.003999948501587,13004
824.3956,946.08057,810.696,813.91943,1758146973.701,1758146973701,13.003999948501587,13004
909.011,890.07324,805.05493,887.6557,1758146973.702,1758146973702,13.004999876022339,13005
786.1172,739.7802,803.0403,806.26373,1758146973.702,1758146973702,13.004999876022339,13005
676.9231,657.1795,803.8461,710.7692,1758146973.702,1758146973702,13.004999876022339,13005
780.07324,864.68866,802.23444,772.01465,1758146973.703,1758146973703,13.00600004196167,13006
913.44324,966.2271,806.6667,881.2088,1758146973.703,1758146973703,13.00600004196167,13006
834.87177,697.47253,806.6667,832.4542,1758146973.752,1758146973752,13.055000066757202,13055
697.47253,609.6337,795.78754,721.6484,1758146973.752,1758146973752,13.055000066757202,13055
755.89746,861.06226,798.60803,748.24176,1758146973.753,1758146973753,13.055999994277954,13056
896.1172,958.5714,806.26373,857.4359,1758146973.753,1758146973753,13.055999994277954,13056
870.32965,923.1135,809.89014,865.4945,1758146973.753,1758146973753,13.055999994277954,13056
725.2747,757.9121,803.44324,756.30035,1758146973.754,1758146973754,13.056999921798706,13057
715.2015,711.1722,793.7729,718.4249,1758146973.754,1758146973754,13.056999921798706,13057
855.82416,846.1539,796.5934,820.3663,1758146973.754,1758146973754,13.056999921798706,13057
901.3553,871.13556,807.0696,880.0,1758146973.755,1758146973755,13.058000087738037,13058
761.9414,716.8132,801.02563,781.685,1758146973.755,1758146973755,13.058000087738037,13058
693.0403,667.6557,790.14655,709.15753,1758146973.755,1758146973755,13.058000087738037,13058
815.12823,879.59705,791.75824,798.60803,1758146973.756,1758146973756,13.059000015258789,13059
916.26373,991.2088,803.0403,894.90845,1758146973.792,1758146973792,13.09500002861023,13095
805.8608,686.1905,801.8315,823.1868,1758146973.793,1758146973793,13.095999956130981,13096
689.011,610.0366,796.5934,719.6337,1758146973.795,1758146973795,13.098000049591064,13098
780.4762,856.2271,804.65204,772.4176,1758146973.795,1758146973795,13.098000049591064,13098
914.65204,1038.7546,811.0989,886.04395,1758146973.796,1758146973796,13.098999977111816,13099
847.3626,833.2601,812.3077,852.6007,1758146973.796,1758146973796,13.098999977111816,13099
709.9634,565.7143,806.6667,741.39197,1758146973.796,1758146973796,13.098999977111816,13099
747.4359,807.0696,800.2198,747.4359,1758146973.796,1758146973796,13.098999977111816,13099
886.04395,1022.6374,803.8461,854.21246,1758146973.797,1758146973797,13.099999904632568,13100
878.3883,755.09155,809.0842,874.35895,1758146973.797,1758146973797,13.099999904632568,13100
727.6923,509.70697,800.2198,760.32965,1758146973.798,1758146973798,13.1010000705719,13101
699.4872,692.23444,796.1905,714.3956,1758146973.798,1758146973798,13.1010000705719,13101
845.7509,1033.9194,805.4579,825.6044,1758146973.834,1758146973834,13.13700008392334,13137
911.8315,941.2454,809.89014,895.7143,1758146973.834,1758146973834,13.13700008392334,13137
773.22345,629.3773,808.68134,790.54944,1758146973.835,1758146973835,13.138000011444092,13138
689.011,635.82416,804.65204,707.9487,1758146973.835,1758146973835,13.138000011444092,13138
814.7253,956.55676,804.2491,791.3553,1758146973.835,1758146973835,13.138000011444092,13138
927.5458,1064.9451,811.0989,894.10254,1758146973.836,1758146973836,13.138999938964844,13139
815.9341,718.8278,811.50183,824.7985,1758146973.836,1758146973836,13.138999938964844,13139
686.5934,566.52014,805.8608,717.2161,1758146973.836,1758146973836,13.138999938964844,13139
766.3736,826.0073,801.02563,761.9414,1758146973.837,1758146973837,13.139999866485596,13140
903.36993,986.3736,801.8315,872.74725,1758146973.837,1758146973837,13.139999866485596,13140
848.1685,821.978,805.8608,854.61536,1758146973.837,1758146973837,13.139999866485596,13140
707.5458,629.7802,801.02563,743.00366,1758146973.837,1758146973837,13.139999866485596,13140
732.52747,749.45056,794.57874,736.55676,1758146973.874,1758146973874,13.177000045776367,13177
875.56775,971.8681,799.011,844.5421,1758146973.874,1758146973874,13.177000045776367,13177
886.8498,871.53845,801.8315,879.19415,1758146973.875,1758146973875,13.17799997329712,13178
740.58606,649.92676,795.78754,768.3883,1758146973.875,1758146973875,13.17799997329712,13178
699.89014,733.3333,795.38464,710.3663,1758146973.876,1758146973876,13.178999900817871,13179
838.0952,986.77655,803.8461,812.3077,1758146973.877,1758146973877,13.180000066757202,13180
911.4286,890.07324,811.0989,894.5055,1758146973.877,1758146973877,13.180000066757202,13180
777.6557,631.39197,804.2491,801.8315,1758146973.877,1758146973877,13.180000066757202,13180
681.3553,710.3663,793.36993,706.337,1758146973.878,1758146973878,13.180999994277954,13181
789.7436,868.71796,792.5641,773.6264,1758146973.878,1758146973878,13.180999994277954,13181
910.2198,926.7399,801.02563,876.3736,1758146973.878,1758146973878,13.180999994277954,13181
818.7546,718.4249,803.44324,821.5751,1758146973.878,1758146973878,13.180999994277954,13181
689.41394,604.7985,796.99634,708.7546,1758146973.941,1758146973941,13.24399995803833,13244
755.89746,841.7216,796.99634,737.76556,1758146973.941,1758146973941,13.24399995803833,13244
898.5348,1043.1868,809.4872,855.82416,1758146973.942,1758146973942,13.244999885559082,13245
857.03296,790.14655,813.91943,855.82416,1758146973.942,1758146973942,13.244999885559082,13245
704.7253,624.94507,803.8461,740.58606,1758146973.943,1758146973943,13.246000051498413,13246
713.5897,857.03296,801.02563,725.6777,1758146973.943,1758146973943,13.246000051498413,13246
862.674,968.24176,806.6667,837.6923,1758146973.943,1758146973943,13.246000051498413,13246
896.1172,792.1612,809.4872,879.59705,1758146973.944,1758146973944,13.246999979019165,13247
754.2857,654.7619,802.6374,779.67035,1758146973.944,1758146973944,13.246999979019165,13247
699.0842,734.5421,796.1905,716.4103,1758146973.944,1758146973944,13.246999979019165,13247
830.4396,910.6227,803.0403,807.0696,1758146973.945,1758146973945,13.247999906539917,13248
922.3077,887.25275,810.696,892.8938,1758146973.945,1758146973945,13.247999906539917,13248
801.02563,682.96704,813.1135,810.293,1758146973.97,1758146973970,13.273000001907349,13273
690.6227,648.315,805.4579,715.2015,1758146973.971,1758146973971,13.2739999294281,13274
789.7436,901.3553,798.20514,772.4176,1758146973.971,1758146973971,13.2739999294281,13274
920.696,987.98535,808.68134,883.6264,1758146973.971,1758146973971,13.2739999294281,13274
836.8865,771.2088,810.696,839.707,1758146973.972,1758146973972,13.274999856948853,13275
697.8755,725.6777,797.8022,725.2747,1758146973.972,1758146973972,13.274999856948853,13275
754.2857,833.663,797.3993,749.85345,1758146973.973,1758146973973,13.276000022888184,13276
896.1172,956.55676,808.68134,864.2857,1758146973.974,1758146973974,13.276999950408936,13277
871.53845,762.74725,809.89014,871.53845,1758146973.974,1758146973974,13.276999950408936,13277
719.2308,535.09155,805.4579,753.8828,1758146973.974,1758146973974,13.276999950408936,13277
710.3663,713.5897,806.6667,721.2454,1758146973.975,1758146973975,13.277999877929688,13278
855.82416,968.6447,809.0842,830.4396,1758146973.975,1758146973975,13.277999877929688,13278
899.7436,913.44324,811.9048,889.2674,1758146974.007,1758146974007,13.309999942779541,13310
758.315,673.2967,811.50183,788.1319,1758146974.008,1758146974008,13.310999870300293,13311
693.0403,687.8022,807.47253,715.6044,1758146974.008,1758146974008,13.310999870300293,13311
817.1429,850.989,804.65204,798.20514,1758146974.008,1758146974008,13.310999870300293,13311
917.0696,961.39197,812.3077,887.6557,1758146974.009,1758146974009,13.312000036239624,13312
808.68134,823.9927,814.3223,817.1429,1758146974.009,1758146974009,13.312000036239624,13312
688.60803,613.663,801.8315,714.7985,1758146974.009,1758146974009,13.312000036239624,13312
776.4469,730.10986,799.011,766.3736,1758146974.009,1758146974009,13.312000036239624,13312
921.0989,993.22345,805.8608,880.80585,1758146974.01,1758146974010,13.312999963760376,13313
855.42126,828.4249,805.4579,846.1539,1758146974.01,1758146974010,13.312999963760376,13313
707.1429,583.44324,799.011,730.9158,1758146974.011,1758146974011,13.313999891281128,13314
739.3773,781.28204,796.5934,737.3626,1758146974.011,1758146974011,13.313999891281128,13314
881.6117,988.3883,802.23444,850.989,1758146974.072,1758146974072,13.375,13375
881.2088,816.7399,804.65204,873.1502,1758146974.072,1758146974072,13.375,13375
735.7509,629.3773,801.02563,759.5238,1758146974.073,1758146974073,13.375999927520752,13376
706.7399,717.619,800.2198,714.7985,1758146974.073,1758146974073,13.375999927520752,13376
842.9304,974.68866,805.05493,813.1135,1758146974.073,1758146974073,13.375999927520752,13376
914.2491,1039.5604,813.1135,880.80585,1758146974.074,1758146974074,13.376999855041504,13377
782.8938,674.90845,807.8755,790.54944,1758146974.074,1758146974074,13.376999855041504,13377
692.23444,523.00366,799.41394,703.5165,1758146974.074,1758146974074,13.376999855041504,13377
810.293,952.1245,803.0403,786.1172,1758146974.076,1758146974076,13.378999948501587,13379
918.2784,939.2308,811.50183,898.1319,1758146974.076,1758146974076,13.378999948501587,13379
803.44324,659.59705,814.3223,841.31866,1758146974.077,1758146974077,13.379999876022339,13380
670.07324,634.61536,808.68134,733.73627,1758146974.077,1758146974077,13.379999876022339,13380
749.45056,916.26373,811.50183,774.0293,1758146974.107,1758146974107,13.410000085830688,13410
889.67035,1033.1135,812.3077,882.8205,1758146974.107,1758146974107,13.410000085830688,13410
831.6484,737.3626,801.02563,855.82416,1758146974.108,1758146974108,13.41100001335144,13411
691.4286,605.2015,800.6227,743.00366,1758146974.108,1758146974108,13.41100001335144,13411
724.0659,815.5311,800.2198,734.94507,1758146974.108,1758146974108,13.41100001335144,13411
876.77655,1052.4542,799.81683,846.9597,1758146974.109,1758146974109,13.411999940872192,13412
891.685,876.77655,805.05493,882.4176,1758146974.109,1758146974109,13.411999940872192,13412
743.00366,572.1612,804.2491,768.3883,1758146974.109,1758146974109,13.411999940872192,13412
697.8755,669.2674,797.3993,705.9341,1758146974.109,1758146974109,13.411999940872192,13412
832.4542,925.12823,796.1905,793.36993,1758146974.11,1758146974110,13.412999868392944,13413
913.0403,915.8608,801.4286,871.9414,1758146974.11,1758146974110,13.412999868392944,13413
786.52014,673.69965,797.8022,782.49084,1758146974.11,1758146974110,13.412999868392944,13413
687.8022,660.0,789.7436,694.65204,1758146974.175,1758146974175,13.477999925613403,13478
792.96704,911.02563,794.57874,767.1795,1758146974.176,1758146974176,13.479000091552734,13479
917.8755,994.43225,805.05493,869.92676,1758146974.176,1758146974176,13.479000091552734,13479
832.4542,709.15753,806.6667,822.381,1758146974.176,1758146974176,13.479000091552734,13479
695.8608,713.9927,797.8022,712.381,1758146974.177,1758146974177,13.480000019073486,13480
754.2857,931.5751,796.99634,744.21246,1758146974.177,1758146974177,13.480000019073486,13480
896.52014,913.8461,802.6374,862.27106,1758146974.177,1758146974177,13.480000019073486,13480
861.4652,741.39197,803.44324,863.8828,1758146974.178,1758146974178,13.480999946594238,13481
719.6337,679.7436,803.0403,754.2857,1758146974.178,1758146974178,13.480999946594238,13481
714.3956,749.45056,798.20514,722.8571,1758146974.178,1758146974178,13.480999946594238,13481
855.42126,892.49084,805.05493,834.0659,1758146974.18,1758146974180,13.483000040054321,13483
908.20514,849.3773,811.0989,896.9231,1758146974.181,1758146974181,13.483999967575073,13484
768.7912,701.9048,801.4286,790.54944,1758146974.215,1758146974215,13.51799988746643,13518
700.293,726.4835,799.81683,719.2308,1758146974.216,1758146974216,13.519000053405762,13519
828.4249,877.5824,805.8608,813.1135,1758146974.216,1758146974216,13.519000053405762,13519
929.15753,906.1905,809.89014,906.1905,1758146974.216,1758146974216,13.519000053405762,13519
807.0696,754.2857,803.8461,819.15753,1758146974.217,1758146974217,13.519999980926514,13520
689.41394,740.58606,799.41394,713.9927,1758146974.217,1758146974217,13.519999980926514,13520
788.93774,898.1319,803.0403,773.6264,1758146974.217,1758146974217,13.519999980926514,13520
919.4872,886.8498,807.8755,877.1795,1758146974.218,1758146974218,13.520999908447266,13521
840.10986,668.0586,807.8755,836.4835,1758146974.218,1758146974218,13.520999908447266,13521
701.0989,619.304,796.5934,720.84247,1758146974.218,1758146974218,13.520999908447266,13521
745.82416,819.15753,787.72894,728.0952,1758146974.219,1758146974219,13.522000074386597,13522
882.8205,942.4542,793.36993,838.0952,1758146974.219,1758146974219,13.522000074386597,13522
869.5238,854.21246,803.0403,857.03296,1758146974.258,1758146974258,13.560999870300293,13561
722.4542,681.3553,794.9817,740.58606,1758146974.259,1758146974259,13.562000036239624,13562
700.696,719.6337,790.14655,699.4872,1758146974.259,1758146974259,13.562000036239624,13562
843.3333,922.3077,802.23444,812.71063,1758146974.26,1758146974260,13.562999963760376,13563
894.90845,938.4249,805.4579,876.3736,1758146974.26,1758146974260,13.562999963760376,13563
754.2857,764.35895,798.20514,783.2967,1758146974.26,1758146974260,13.562999963760376,13563
680.54944,684.9817,797.3993,719.6337,1758146974.261,1758146974261,13.563999891281128,13564
800.2198,863.8828,799.41394,799.81683,1758146974.261,1758146974261,13.563999891281128,13564
908.20514,998.86444,806.26373,897.72894,1758146974.261,1758146974261,13.563999891281128,13564
810.696,672.0879,802.6374,835.2747,1758146974.262,1758146974262,13.565000057220459,13565
686.5934,645.4945,795.78754,725.6777,1758146974.262,1758146974262,13.565000057220459,13565
763.5531,887.25275,803.8461,775.64105,1758146974.262,1758146974262,13.565000057220459,13565
904.57874,924.3223,812.3077,888.86444,1758146974.285,1758146974285,13.588000059127808,13588
848.5714,770.80585,811.50183,867.50916,1758146974.286,1758146974286,13.58899998664856,13589
703.1135,646.30035,803.0403,754.2857,1758146974.286,1758146974286,13.58899998664856,13589
729.707,753.0769,796.5934,749.85345,1758146974.287,1758146974287,13.589999914169312,13590
873.1502,990.0,802.6374,859.85345,1758146974.287,1758146974287,13.589999914169312,13590
882.01465,955.7509,809.0842,890.4762,1758146974.288,1758146974288,13.591000080108643,13591
733.3333,664.83514,800.6227,780.07324,1758146974.288,1758146974288,13.591000080108643,13591
697.8755,639.45056,796.99634,728.0952,1758146974.288,1758146974288,13.591000080108643,13591
842.52747,897.72894,807.0696,828.022,1758146974.289,1758146974289,13.592000007629395,13592
916.26373,960.58606,815.5311,906.1905,1758146974.289,1758146974289,13.592000007629395,13592
780.87915,691.4286,808.68134,807.8755,1758146974.289,1758146974289,13.592000007629395,13592
690.2198,674.90845,798.20514,714.7985,1758146974.29,1758146974290,13.592999935150146,13593
808.68134,900.14655,799.011,786.52014,1758146974.356,1758146974356,13.658999919891357,13659
926.7399,948.0952,805.8608,887.25275,1758146974.357,1758146974357,13.660000085830688,13660
828.8278,751.8681,805.4579,834.0659,1758146974.357,1758146974357,13.660000085830688,13660
699.89014,579.81683,797.3993,719.6337,1758146974.358,1758146974358,13.66100001335144,13661
769.19415,858.24176,798.60803,755.09155,1758146974.358,1758146974358,13.66100001335144,13661
907.8022,1078.6447,805.05493,871.9414,1758146974.358,1758146974358,13.66100001335144,13661
866.30035,768.3883,803.44324,859.85345,1758146974.358,1758146974358,13.66100001335144,13661
721.6484,582.23444,797.3993,743.00366,1758146974.359,1758146974359,13.661999940872192,13662
734.94507,744.61536,801.02563,730.9158,1758146974.359,1758146974359,13.661999940872192,13662
876.3736,885.64105,806.26373,843.73627,1758146974.359,1758146974359,13.661999940872192,13662
895.31134,892.49084,806.26373,884.43225,1758146974.36,1758146974360,13.662999868392944,13663
754.2857,645.4945,806.6667,771.2088,1758146974.36,1758146974360,13.662999868392944,13663
705.12823,730.5128,802.23444,708.7546,1758146974.397,1758146974397,13.700000047683716,13700
833.663,995.2381,802.6374,809.89014,1758146974.397,1758146974397,13.700000047683716,13700
921.50183,952.9304,810.293,894.5055,1758146974.398,1758146974398,13.700999975204468,13701
800.6227,668.86444,810.293,805.05493,1758146974.399,1758146974399,13.70199990272522,13702
689.011,639.85345,797.8022,703.5165,1758146974.399,1758146974399,13.70199990272522,13702
793.36993,971.4652,796.99634,766.77655,1758146974.399,1758146974399,13.70199990272522,13702
920.696,1029.0842,807.47253,874.35895,1758146974.4,1758146974400,13.70300006866455,13703
832.4542,683.36993,809.4872,834.0659,1758146974.4,1758146974400,13.70300006866455,13703
698.2784,538.315,800.2198,725.6777,1758146974.4,1758146974400,13.70300006866455,13703
759.5238,826.0073,798.20514,749.45056,1758146974.401,1758146974401,13.703999996185303,13704
905.78754,1010.9524,807.47253,862.27106,1758146974.401,1758146974401,13.703999996185303,13704
876.3736,769.19415,806.26373,863.47986,1758146974.401,1758146974401,13.703999996185303,13704
725.6777,626.9597,796.1905,751.4652,1758146974.439,1758146974439,13.741999864578247,13742
725.2747,791.75824,799.011,726.08057,1758146974.439,1758146974439,13.741999864578247,13742
865.4945,963.8095,807.8755,830.84247,1758146974.44,1758146974440,13.743000030517578,13743
902.96704,857.4359,807.47253,887.25275,1758146974.44,1758146974440,13.743000030517578,13743
763.1502,675.7143,800.2198,788.1319,1758146974.44,1758146974440,13.743000030517578,13743
694.2491,817.1429,804.2491,717.2161,1758146974.441,1758146974441,13.74399995803833,13744
813.5165,919.4872,808.2784,803.0403,1758146974.441,1758146974441,13.74399995803833,13744
908.20514,856.63007,807.0696,891.685,1758146974.441,1758146974441,13.74399995803833,13744
789.7436,733.73627,805.05493,815.5311,1758146974.441,1758146974441,13.74399995803833,13744
676.1172,602.7839,801.4286,714.3956,1758146974.442,1758146974442,13.744999885559082,13745
775.2381,796.99634,801.8315,772.4176,1758146974.442,1758146974442,13.744999885559082,13745
910.2198,955.7509,809.4872,882.8205,1758146974.442,1758146974442,13.744999885559082,13745
835.2747,786.1172,811.50183,847.76556,1758146974.514,1758146974514,13.816999912261963,13817
692.6374,655.9707,805.05493,734.94507,1758146974.515,1758146974515,13.818000078201294,13818
736.55676,808.68134,804.65204,745.0183,1758146974.515,1758146974515,13.818000078201294,13818
886.4469,936.8132,813.91943,861.06226,1758146974.515,1758146974515,13.818000078201294,13818
879.59705,813.5165,814.7253,878.7912,1758146974.517,1758146974517,13.819999933242798,13820
731.31866,734.94507,801.4286,768.3883,1758146974.517,1758146974517,13.819999933242798,13820
707.5458,751.4652,794.57874,724.0659,1758146974.517,1758146974517,13.819999933242798,13820
847.3626,798.20514,803.8461,823.1868,1758146974.518,1758146974518,13.82099986076355,13821
911.4286,893.2967,814.3223,895.7143,1758146974.518,1758146974518,13.82099986076355,13821
773.6264,732.9304,806.6667,801.4286,1758146974.518,1758146974518,13.82099986076355,13821
681.75824,659.19415,800.2198,712.381,1758146974.519,1758146974519,13.82200002670288,13822
802.23444,857.03296,805.8608,788.1319,1758146974.519,1758146974519,13.82200002670288,13822
924.3223,980.32965,811.0989,894.10254,1758146974.562,1758146974562,13.865000009536743,13865
819.15753,753.8828,804.65204,834.0659,1758146974.563,1758146974563,13.865999937057495,13866
691.02563,630.989,801.8315,724.87177,1758146974.563,1758146974563,13.865999937057495,13866
770.40295,862.27106,805.05493,766.3736,1758146974.564,1758146974564,13.866999864578247,13867
908.20514,952.52747,806.6667,873.95605,1758146974.564,1758146974564,13.866999864578247,13867
858.6447,808.68134,810.696,855.0183,1758146974.564,1758146974564,13.866999864578247,13867
709.9634,665.2381,802.23444,738.97437,1758146974.565,1758146974565,13.868000030517578,13868
730.9158,770.80585,797.8022,726.8865,1758146974.565,1758146974565,13.868000030517578,13868
882.01465,942.8571,809.4872,842.9304,1758146974.565,1758146974565,13.868000030517578,13868
895.7143,776.4469,811.9048,883.6264,1758146974.566,1758146974566,13.86899995803833,13869
746.63007,621.7216,803.8461,772.8205,1758146974.566,1758146974566,13.86899995803833,13869
705.12823,723.2601,796.5934,713.9927,1758146974.566,1758146974566,13.86899995803833,13869
841.7216,948.9011,795.78754,808.2784,1758146974.601,1758146974601,13.904000043869019,13904
918.68134,956.9597,807.0696,887.6557,1758146974.601,1758146974601,13.904000043869019,13904
788.1319,707.5458,807.8755,805.4579,1758146974.602,1758146974602,13.90499997138977,13905
688.20514,656.77655,797.8022,708.3516,1758146974.602,1758146974602,13.90499997138977,13905
801.4286,935.2015,800.6227,776.04395,1758146974.602,1758146974602,13.90499997138977,13905
921.0989,957.3626,801.8315,875.9707,1758146974.603,1758146974603,13.905999898910522,13906
822.7839,699.0842,798.20514,818.3516,1758146974.604,1758146974604,13.907000064849854,13907
683.7729,606.4103,793.7729,710.3663,1758146974.604,1758146974604,13.907000064849854,13907
752.27106,814.3223,792.1612,736.55676,1758146974.605,1758146974605,13.907999992370605,13908
900.9524,977.9121,798.20514,851.79486,1758146974.605,1758146974605,13.907999992370605,13908
858.24176,796.5934,802.23444,850.989,1758146974.605,1758146974605,13.907999992370605,13908
705.5311,644.68866,796.1905,736.9597,1758146974.605,1758146974605,13.907999992370605,13908
712.7839,796.5934,789.7436,717.619,1758146974.639,1758146974639,13.941999912261963,13942
859.45056,931.978,791.75824,827.2161,1758146974.64,1758146974640,13.943000078201294,13943
890.4762,844.1392,799.41394,876.3736,1758146974.641,1758146974641,13.944000005722046,13944
744.61536,657.98535,801.02563,770.80585,1758146974.641,1758146974641,13.944000005722046,13944
689.81683,756.7033,796.99634,705.12823,1758146974.641,1758146974641,13.944000005722046,13944
823.9927,1019.81683,796.99634,803.44324,1758146974.642,1758146974642,13.944999933242798,13945
912.6374,932.7839,803.8461,892.49084,1758146974.642,1758146974642,13.944999933242798,13945
800.6227,663.22345,805.8608,810.293,1758146974.642,1758146974642,13.944999933242798,13945
689.41394,651.53845,799.41394,714.3956,1758146974.643,1758146974643,13.94599986076355,13946
780.4762,781.685,796.5934,771.2088,1758146974.643,1758146974643,13.94599986076355,13946
917.0696,906.99634,802.6374,882.4176,1758146974.643,1758146974643,13.94599986076355,13946
840.9158,796.1905,807.0696,848.97437,1758146974.643,1758146974643,13.94599986076355,13946
698.2784,656.77655,805.05493,732.52747,1758146974.671,1758146974671,13.973999977111816,13974
745.0183,839.707,801.02563,738.97437,1758146974.671,1758146974671,13.973999977111816,13974
891.685,1001.28204,806.6667,857.03296,1758146974.672,1758146974672,13.974999904632568,13975
874.35895,790.14655,806.6667,875.9707,1758146974.672,1758146974672,13.974999904632568,13975
727.6923,662.8205,797.3993,760.32965,1758146974.672,1758146974672,13.974999904632568,13975
717.619,805.05493,799.011,727.28937,1758146974.673,1758146974673,13.9760000705719,13976
860.2564,962.1978,807.0696,833.2601,1758146974.673,1758146974673,13.9760000705719,13976
907.8022,805.8608,808.68134,889.67035,1758146974.673,1758146974673,13.9760000705719,13976
759.12085,569.7436,800.2198,786.52014,1758146974.675,1758146974675,13.977999925613403,13978
677.326,687.3993,792.5641,705.5311,1758146974.675,1758146974675,13.977999925613403,13978
812.3077,998.86444,800.6227,796.99634,1758146974.675,1758146974675,13.977999925613403,13978
924.7253,974.2857,809.0842,895.7143,1758146974.675,1758146974675,13.977999925613403,13978
804.65204,660.0,804.65204,812.71063,1758146974.704,1758146974704,14.006999969482422,14007
682.5641,672.49084,794.9817,708.7546,1758146974.705,1758146974705,14.007999897003174,14008
769.19415,882.01465,796.5934,757.1062,1758146974.705,1758146974705,14.007999897003174,14008
903.7729,908.60803,800.6227,865.4945,1758146974.705,1758146974705,14.007999897003174,14008
834.0659,753.0769,796.99634,838.0952,1758146974.705,1758146974705,14.007999897003174,14008
690.6227,707.5458,796.1905,724.87177,1758146974.706,1758146974706,14.009000062942505,14009
725.2747,807.47253,795.38464,732.52747,1758146974.706,1758146974706,14.009000062942505,14009
875.9707,962.1978,799.81683,856.2271,1758146974.706,1758146974706,14.009000062942505,14009
882.01465,845.7509,803.44324,882.01465,1758146974.707,1758146974707,14.009999990463257,14010
726.8865,597.5458,802.23444,764.7619,1758146974.707,1758146974707,14.009999990463257,14010
695.4579,681.3553,805.05493,719.6337,1758146974.707,1758146974707,14.009999990463257,14010
843.3333,896.1172,813.1135,825.2015,1758146974.708,1758146974708,14.010999917984009,14011
914.65204,929.5604,812.3077,896.9231,1758146974.774,1758146974774,14.07699990272522,14077
779.67035,720.0366,803.8461,798.60803,1758146974.774,1758146974774,14.07699990272522,14077
691.8315,733.73627,800.6227,716.4103,1758146974.775,1758146974775,14.07800006866455,14078
801.4286,847.76556,802.23444,794.9817,1758146974.775,1758146974775,14.07800006866455,14078
910.6227,905.78754,809.0842,885.2381,1758146974.776,1758146974776,14.078999996185303,14079
812.71063,838.9011,811.9048,822.381,1758146974.776,1758146974776,14.078999996185303,14079
689.011,673.69965,794.57874,718.022,1758146974.776,1758146974776,14.078999996185303,14079
764.7619,764.35895,790.54944,748.6447,1758146974.777,1758146974777,14.079999923706055,14080
906.5934,949.707,805.4579,858.24176,1758146974.777,1758146974777,14.079999923706055,14080
861.4652,769.59705,805.05493,854.21246,1758146974.777,1758146974777,14.079999923706055,14080
713.9927,639.0476,791.3553,738.1685,1758146974.779,1758146974779,14.082000017166138,14082
730.10986,761.9414,788.93774,724.4689,1758146974.779,1758146974779,14.082000017166138,14082
880.80585,946.8865,803.0403,840.10986,1758146974.817,1758146974817,14.119999885559082,14120
907.8022,894.10254,805.4579,882.8205,1758146974.818,1758146974818,14.121000051498413,14121
761.53845,664.83514,795.38464,775.2381,1758146974.818,1758146974818,14.121000051498413,14121
705.5311,693.0403,799.011,715.2015,1758146974.819,1758146974819,14.121999979019165,14122
835.2747,885.64105,805.8608,811.9048,1758146974.819,1758146974819,14.121999979019165,14122
922.71063,985.16486,815.12823,898.93774,1758146974.82,1758146974820,14.122999906539917,14123
799.41394,748.24176,813.5165,812.3077,1758146974.82,1758146974820,14.122999906539917,14123
688.20514,606.8132,795.38464,711.978,1758146974.82,1758146974820,14.122999906539917,14123
793.36993,901.3553,791.75824,781.685,1758146974.821,1758146974821,14.124000072479248,14124
916.6667,909.81683,809.0842,888.46155,1758146974.821,1758146974821,14.124000072479248,14124
825.2015,668.86444,819.15753,838.49817,1758146974.821,1758146974821,14.124000072479248,14124
689.41394,648.71796,809.89014,726.4835,1758146974.822,1758146974822,14.125,14125
747.4359,882.4176,800.6227,749.45056,1758146974.889,1758146974889,14.191999912261963,14192
889.67035,993.22345,804.65204,866.30035,1758146974.89,1758146974890,14.193000078201294,14193
855.0183,779.2674,814.3223,865.89746,1758146974.89,1758146974890,14.193000078201294,14193
707.5458,607.619,815.5311,748.6447,1758146974.891,1758146974891,14.194000005722046,14194
710.3663,749.45056,808.2784,723.663,1758146974.891,1758146974891,14.194000005722046,14194
853.4066,1035.1282,806.6667,830.4396,1758146974.891,1758146974891,14.194000005722046,14194
893.2967,892.8938,807.0696,881.2088,1758146974.892,1758146974892,14.194999933242798,14195
746.63007,528.24176,800.2198,773.6264,1758146974.892,1758146974892,14.194999933242798,14195
679.34064,684.9817,798.20514,705.5311,1758146974.892,1758146974892,14.194999933242798,14195
812.71063,972.27106,799.41394,799.81683,1758146974.893,1758146974893,14.19599986076355,14196
911.8315,903.36993,804.65204,892.8938,1758146974.893,1758146974893,14.19599986076355,14196
798.60803,649.92676,807.47253,821.5751,1758146974.893,1758146974893,14.19599986076355,14196
688.20514,628.1685,802.23444,718.4249,1758146974.931,1758146974931,14.233999967575073,14234
786.52014,893.2967,799.81683,774.83514,1758146974.931,1758146974931,14.233999967575073,14234
921.9048,980.7326,807.8755,894.5055,1758146974.932,1758146974932,14.234999895095825,14235
845.34796,725.2747,807.47253,863.0769,1758146974.932,1758146974932,14.234999895095825,14235
704.7253,667.6557,797.8022,748.6447,1758146974.932,1758146974932,14.234999895095825,14235
753.8828,917.0696,801.8315,757.1062,1758146974.933,1758146974933,14.236000061035156,14236
899.7436,950.10986,815.9341,869.92676,1758146974.933,1758146974933,14.236000061035156,14236
888.46155,760.32965,819.5604,885.64105,1758146974.933,1758146974933,14.236000061035156,14236
741.39197,684.17584,811.9048,767.5824,1758146974.934,1758146974934,14.236999988555908,14237
717.619,696.6667,807.0696,725.2747,1758146974.934,1758146974934,14.236999988555908,14237
863.8828,912.23444,811.9048,834.87177,1758146974.934,1758146974934,14.236999988555908,14237
922.3077,909.41394,814.3223,900.14655,1758146974.934,1758146974934,14.236999988555908,14237
784.10254,718.022,807.47253,797.3993,1758146974.962,1758146974962,14.264999866485596,14265
702.3077,700.293,797.8022,714.3956,1758146974.963,1758146974963,14.266000032424927,14266
823.1868,859.0476,792.96704,789.34064,1758146974.963,1758146974963,14.266000032424927,14266
940.0366,912.6374,802.6374,887.25275,1758146974.963,1758146974963,14.266000032424927,14266
833.663,782.8938,807.0696,830.0366,1758146974.964,1758146974964,14.266999959945679,14267
700.293,754.68866,800.2198,733.3333,1758146974.964,1758146974964,14.266999959945679,14267
773.6264,878.7912,801.4286,780.4762,1758146974.964,1758146974964,14.266999959945679,14267
900.54944,873.1502,811.0989,892.49084,1758146974.965,1758146974965,14.26799988746643,14268
836.4835,719.2308,818.7546,870.32965,1758146974.965,1758146974965,14.26799988746643,14268
697.47253,666.04395,814.7253,753.47986,1758146974.965,1758146974965,14.26799988746643,14268
724.0659,788.93774,807.47253,749.0476,1758146974.966,1758146974966,14.269000053405762,14269
873.1502,941.6484,807.47253,855.82416,1758146974.966,1758146974966,14.269000053405762,14269
883.22345,859.85345,807.47253,881.2088,1758146974.995,1758146974995,14.297999858856201,14298
731.7216,689.011,800.2198,762.74725,1758146974.996,1758146974996,14.299000024795532,14299
693.44324,705.12823,803.0403,705.9341,1758146974.997,1758146974997,14.299999952316284,14300
836.08057,875.56775,809.89014,809.0842,1758146974.998,1758146974998,14.300999879837036,14301
907.3993,947.6923,807.0696,883.22345,1758146974.998,1758146974998,14.300999879837036,14301
776.8498,749.85345,802.23444,791.75824,1758146974.998,1758146974998,14.300999879837036,14301
683.7729,665.2381,800.6227,708.7546,1758146974.999,1758146974999,14.302000045776367,14302
798.20514,877.5824,802.23444,782.0879,1758146974.999,1758146974999,14.302000045776367,14302
917.47253,899.7436,806.26373,886.4469,1758146974.999,1758146974999,14.302000045776367,14302
813.1135,638.24176,801.02563,826.8132,1758146975.0,1758146975000,14.30299997329712,14303
694.65204,664.0293,792.5641,713.9927,1758146975.0,1758146975000,14.30299997329712,14303
762.3443,847.3626,797.3993,749.0476,1758146975.0,1758146975000,14.30299997329712,14303
894.10254,978.315,806.26373,865.4945,1758146975.064,1758146975064,14.366999864578247,14367
857.03296,830.4396,811.0989,858.24176,1758146975.065,1758146975065,14.368000030517578,14368
707.5458,644.2857,803.8461,738.1685,1758146975.065,1758146975065,14.368000030517578,14368
716.4103,745.0183,794.17584,722.0513,1758146975.065,1758146975065,14.368000030517578,14368
865.89746,956.9597,800.2198,831.6484,1758146975.066,1758146975066,14.36899995803833,14369
893.2967,953.3333,808.2784,878.3883,1758146975.066,1758146975066,14.36899995803833,14369
745.0183,724.4689,802.6374,776.4469,1758146975.066,1758146975066,14.36899995803833,14369
688.20514,650.7326,792.1612,708.3516,1758146975.067,1758146975067,14.369999885559082,14370
818.3516,845.7509,793.7729,800.2198,1758146975.067,1758146975067,14.369999885559082,14370
913.8461,926.337,807.47253,890.87915,1758146975.067,1758146975067,14.369999885559082,14370
793.36993,709.15753,808.2784,807.8755,1758146975.068,1758146975068,14.371000051498413,14371
683.7729,633.00366,796.99634,710.7692,1758146975.068,1758146975068,14.371000051498413,14371
788.93774,850.18317,799.011,774.83514,1758146975.107,1758146975107,14.410000085830688,14410
917.47253,954.1392,811.50183,885.2381,1758146975.108,1758146975108,14.41100001335144,14411
840.9158,772.4176,815.12823,845.34796,1758146975.108,1758146975108,14.41100001335144,14411
703.91943,637.4359,806.26373,729.707,1758146975.109,1758146975109,14.411999940872192,14412
758.315,834.87177,799.41394,749.85345,1758146975.11,1758146975110,14.412999868392944,14413
904.9817,1050.8425,806.26373,863.0769,1758146975.111,1758146975111,14.414000034332275,14414
873.5531,844.5421,809.4872,860.2564,1758146975.111,1758146975111,14.414000034332275,14414
716.8132,648.71796,799.41394,744.61536,1758146975.111,1758146975111,14.414000034332275,14414
709.5604,779.67035,796.5934,721.2454,1758146975.112,1758146975112,14.414999961853027,14415
855.82416,913.0403,807.0696,832.0513,1758146975.112,1758146975112,14.414999961853027,14415
903.7729,923.1135,812.3077,886.4469,1758146975.112,1758146975112,14.414999961853027,14415
763.1502,695.4579,810.696,786.9231,1758146975.113,1758146975113,14.41599988937378,14416
688.20514,646.30035,807.8755,714.3956,1758146975.154,1758146975154,14.457000017166138,14457
816.337,912.23444,807.47253,804.2491,1758146975.155,1758146975155,14.45799994468689,14458
915.05493,931.5751,810.293,892.0879,1758146975.155,1758146975155,14.45799994468689,14458
793.36993,716.4103,803.0403,814.3223,1758146975.156,1758146975156,14.458999872207642,14459
680.54944,700.293,794.9817,719.2308,1758146975.156,1758146975156,14.458999872207642,14459
775.2381,920.696,799.81683,773.22345,1758146975.156,1758146975156,14.458999872207642,14459
906.1905,994.83514,808.2784,878.3883,1758146975.157,1758146975157,14.460000038146973,14460
830.0366,701.50183,808.2784,840.5128,1758146975.157,1758146975157,14.460000038146973,14460
689.41394,594.3223,803.0403,728.49817,1758146975.157,1758146975157,14.460000038146973,14460
727.6923,822.381,799.011,736.1539,1758146975.157,1758146975157,14.460000038146973,14460
863.8828,946.8865,799.81683,840.5128,1758146975.158,1758146975158,14.460999965667725,14461
855.0183,791.3553,801.8315,858.6447,1758146975.158,1758146975158,14.460999965667725,14461
707.5458,645.89746,797.8022,752.674,1758146975.2,1758146975200,14.503000020980835,14503
683.36993,773.22345,793.36993,707.5458,1758146975.201,1758146975201,14.503999948501587,14504
827.619,936.8132,799.81683,804.2491,1758146975.201,1758146975201,14.503999948501587,14504
901.3553,847.76556,808.2784,882.4176,1758146975.201,1758146975201,14.503999948501587,14504
758.315,700.696,806.6667,789.34064,1758146975.202,1758146975202,14.504999876022339,14505
670.07324,785.31134,807.8755,707.5458,1758146975.202,1758146975202,14.504999876022339,14505
799.41394,866.7033,810.293,785.7143,1758146975.204,1758146975204,14.506999969482422,14507
910.6227,863.0769,810.293,878.7912,1758146975.204,1758146975204,14.506999969482422,14507
810.696,792.1612,805.05493,820.3663,1758146975.204,1758146975204,14.506999969482422,14507
687.8022,628.97437,796.5934,713.1868,1758146975.204,1758146975204,14.506999969482422,14507
758.315,762.74725,796.99634,752.27106,1758146975.205,1758146975205,14.507999897003174,14508
899.7436,924.3223,805.8608,865.89746,1758146975.205,1758146975205,14.507999897003174,14508
851.79486,760.32965,809.0842,846.55676,1758146975.24,1758146975240,14.542999982833862,14543
699.0842,643.47986,798.60803,726.4835,1758146975.24,1758146975240,14.542999982833862,14543
724.0659,814.3223,796.1905,722.8571,1758146975.241,1758146975241,14.543999910354614,14544
874.35895,939.6337,802.23444,839.304,1758146975.241,1758146975241,14.543999910354614,14544
887.25275,882.8205,807.0696,878.3883,1758146975.241,1758146975241,14.543999910354614,14544
749.0476,754.2857,804.2491,775.2381,1758146975.242,1758146975242,14.545000076293945,14545
706.7399,743.4066,799.41394,718.022,1758146975.242,1758146975242,14.545000076293945,14545
837.6923,869.92676,803.0403,814.3223,1758146975.242,1758146975242,14.545000076293945,14545
915.8608,854.61536,809.89014,897.326,1758146975.243,1758146975243,14.546000003814697,14546
789.7436,686.5934,807.47253,805.05493,1758146975.243,1758146975243,14.546000003814697,14546
689.41394,661.6117,798.60803,709.15753,1758146975.243,1758146975243,14.546000003814697,14546
797.8022,871.13556,797.3993,780.07324,1758146975.244,1758146975244,14.54699993133545,14547
925.12823,942.0513,804.2491,887.25275,1758146975.314,1758146975314,14.616999864578247,14617
833.663,723.663,808.68134,834.87177,1758146975.314,1758146975314,14.616999864578247,14617
702.3077,669.67035,803.0403,723.2601,1758146975.315,1758146975315,14.618000030517578,14618
765.56775,839.304,799.41394,749.85345,1758146975.315,1758146975315,14.618000030517578,14618
907.8022,967.4359,804.65204,860.2564,1758146975.315,1758146975315,14.618000030517578,14618
878.7912,849.7802,801.8315,862.27106,1758146975.316,1758146975316,14.61899995803833,14619
727.28937,638.6447,798.20514,749.85345,1758146975.316,1758146975316,14.61899995803833,14619
724.4689,716.0073,800.6227,722.4542,1758146975.316,1758146975316,14.61899995803833,14619
871.9414,978.71796,804.65204,830.0366,1758146975.318,1758146975318,14.621000051498413,14621
908.20514,861.4652,815.9341,884.0293,1758146975.318,1758146975318,14.621000051498413,14621
766.3736,579.011,816.7399,780.4762,1758146975.319,1758146975319,14.621999979019165,14622
697.8755,673.69965,806.26373,706.7399,1758146975.319,1758146975319,14.621999979019165,14622
811.9048,958.1685,807.47253,784.5055,1758146975.356,1758146975356,14.658999919891357,14659
896.52014,981.9414,813.1135,862.674,1758146975.357,1758146975357,14.660000085830688,14660
770.0,724.0659,813.5165,780.87915,1758146975.357,1758146975357,14.660000085830688,14660
640.65936,666.4469,800.2198,664.83514,1758146975.357,1758146975357,14.660000085830688,14660
717.2161,953.73627,806.26373,705.12823,1758146975.357,1758146975357,14.660000085830688,14660
828.4249,1048.8279,824.7985,801.8315,1758146975.358,1758146975358,14.66100001335144,14661
737.3626,744.61536,812.71063,736.9597,1758146975.358,1758146975358,14.66100001335144,14661
568.1319,545.56775,803.8461,592.3077,1758146975.358,1758146975358,14.66100001335144,14661
579.011,711.1722,810.293,583.44324,1758146975.359,1758146975359,14.661999940872192,14662
690.6227,955.7509,805.05493,659.19415,1758146975.359,1758146975359,14.661999940872192,14662
655.16486,906.1905,796.5934,645.09155,1758146975.359,1758146975359,14.661999940872192,14662
505.27472,692.23444,807.0696,533.8828,1758146975.36,1758146975360,14.662999868392944,14663
474.24908,872.3443,805.8608,491.17215,1758146975.401,1758146975401,14.703999996185303,14704
604.7985,1038.7546,810.696,594.7253,1758146975.401,1758146975401,14.703999996185303,14704
649.5238,873.5531,828.4249,654.35895,1758146975.402,1758146975402,14.704999923706055,14705
500.8425,615.2747,819.9634,552.4176,1758146975.402,1758146975402,14.704999923706055,14705
423.47986,650.32965,805.8608,481.50183,1758146975.402,1758146975402,14.704999923706055,14705
540.7326,1079.4506,801.8315,566.9231,1758146975.402,1758146975402,14.704999923706055,14705
643.47986,1054.8718,817.1429,661.2088,1758146975.403,1758146975403,14.706000089645386,14706
545.16486,748.24176,836.8865,608.022,1758146975.403,1758146975403,14.706000089645386,14706
440.0,681.3553,828.8278,524.21246,1758146975.404,1758146975404,14.707000017166138,14707
537.50916,826.4103,820.7692,587.8755,1758146975.404,1758146975404,14.707000017166138,14707
682.1612,1019.81683,823.9927,720.84247,1758146975.406,1758146975406,14.708999872207642,14709
636.63007,763.1502,823.1868,701.9048,1758146975.406,1758146975406,14.708999872207642,14709
500.8425,673.2967,814.7253,601.1722,1758146975.44,1758146975440,14.743000030517578,14743
539.92676,892.8938,813.91943,625.34796,1758146975.441,1758146975441,14.74399995803833,14744
710.3663,990.40295,819.5604,756.30035,1758146975.441,1758146975441,14.74399995803833,14744
737.3626,918.2784,813.1135,800.2198,1758146975.442,1758146975442,14.744999885559082,14745
605.2015,768.7912,810.696,709.9634,1758146975.442,1758146975442,14.744999885559082,14745
585.05493,740.58606,813.1135,683.36993,1758146975.442,1758146975442,14.744999885559082,14745
747.4359,957.3626,815.12823,807.47253,1758146975.443,1758146975443,14.746000051498413,14746
836.08057,856.63007,813.91943,894.5055,1758146975.443,1758146975443,14.746000051498413,14746
720.4396,652.3443,808.2784,810.293,1758146975.443,1758146975443,14.746000051498413,14746
647.50916,723.663,797.8022,735.7509,1758146975.444,1758146975444,14.746999979019165,14747
779.67035,945.2747,798.20514,823.5897,1758146975.444,1758146975444,14.746999979019165,14747
916.26373,933.5897,807.0696,935.6044,1758146975.444,1758146975444,14.746999979019165,14747
830.4396,711.978,806.26373,886.8498,1758146975.481,1758146975481,14.783999919891357,14784
712.381,699.89014,797.8022,784.90845,1758146975.482,1758146975482,14.785000085830688,14785
800.2198,877.98535,796.5934,830.4396,1758146975.482,1758146975482,14.785000085830688,14785
954.5421,969.85345,800.6227,952.9304,1758146975.483,1758146975483,14.78600001335144,14786
923.91943,813.91943,799.41394,947.6923,1758146975.483,1758146975483,14.78600001335144,14786
790.14655,688.20514,795.78754,839.707,1758146975.483,1758146975483,14.78600001335144,14786
806.26373,763.95605,787.326,830.0366,1758146975.484,1758146975484,14.786999940872192,14787
956.9597,936.4103,790.54944,946.4835,1758146975.484,1758146975484,14.786999940872192,14787
987.5824,851.79486,796.5934,988.3883,1758146975.484,1758146975484,14.786999940872192,14787
837.6923,555.64105,788.1319,876.3736,1758146975.485,1758146975485,14.787999868392944,14788
794.17584,637.4359,786.52014,815.9341,1758146975.485,1758146975485,14.787999868392944,14788
928.3516,885.2381,784.5055,912.6374,1758146975.485,1758146975485,14.787999868392944,14788
1006.9231,925.5311,789.34064,995.64105,1758146975.522,1758146975522,14.825000047683716,14825
890.07324,671.685,798.60803,911.02563,1758146975.523,1758146975523,14.825999975204468,14826
788.5348,615.6777,791.75824,809.4872,1758146975.523,1758146975523,14.825999975204468,14826
890.07324,831.2454,789.7436,865.4945,1758146975.524,1758146975524,14.82699990272522,14827
1019.81683,1005.7143,793.7729,973.0769,1758146975.524,1758146975524,14.82699990272522,14827
936.0073,833.663,796.99634,933.9927,1758146975.524,1758146975524,14.82699990272522,14827
797.3993,622.1245,792.5641,823.5897,1758146975.525,1758146975525,14.82800006866455,14828
856.63007,706.337,782.8938,842.9304,1758146975.525,1758146975525,14.82800006866455,14828
1002.0879,938.8278,786.1172,953.3333,1758146975.525,1758146975525,14.82800006866455,14828
974.68866,828.022,792.5641,959.3773,1758146975.526,1758146975526,14.828999996185303,14829
819.15753,638.24176,786.9231,841.7216,1758146975.526,1758146975526,14.828999996185303,14829
811.0989,755.09155,784.10254,808.2784,1758146975.526,1758146975526,14.828999996185303,14829
957.3626,890.07324,795.38464,916.26373,1758146975.563,1758146975563,14.865999937057495,14866
1004.90845,883.22345,802.6374,973.0769,1758146975.563,1758146975563,14.865999937057495,14866
865.09155,661.6117,796.1905,870.7326,1758146975.564,1758146975564,14.866999864578247,14867
792.1612,604.7985,788.5348,790.14655,1758146975.564,1758146975564,14.866999864578247,14867
918.2784,906.1905,791.75824,876.3736,1758146975.564,1758146975564,14.866999864578247,14867
1023.44324,1039.1575,798.60803,971.06226,1758146975.565,1758146975565,14.868000030517578,14868
904.9817,689.41394,795.38464,890.07324,1758146975.565,1758146975565,14.868000030517578,14868
776.8498,544.7619,790.9524,786.52014,1758146975.565,1758146975565,14.868000030517578,14868
868.71796,882.01465,793.7729,843.73627,1758146975.566,1758146975566,14.86899995803833,14869
995.64105,933.1868,800.2198,947.6923,1758146975.566,1758146975566,14.86899995803833,14869
915.8608,675.31134,796.5934,907.8022,1758146975.566,1758146975566,14.86899995803833,14869
775.2381,620.5128,788.5348,794.57874,1758146975.567,1758146975567,14.869999885559082,14870
813.5165,805.4579,786.1172,800.2198,1758146975.616,1758146975616,14.918999910354614,14919
958.97437,989.19415,795.38464,914.65204,1758146975.617,1758146975617,14.920000076293945,14920
948.9011,852.1978,802.6374,933.1868,1758146975.618,1758146975618,14.921000003814697,14921
792.1612,578.20514,793.36993,809.4872,1758146975.619,1758146975619,14.92199993133545,14922
774.43225,714.3956,792.1612,770.80585,1758146975.619,1758146975619,14.92199993133545,14922
921.0989,1017.3993,801.02563,884.83514,1758146975.619,1758146975619,14.92199993133545,14922
966.63007,857.03296,799.011,940.84247,1758146975.62,1758146975620,14.922999858856201,14923
822.7839,567.72894,792.96704,835.6777,1758146975.62,1758146975620,14.922999858856201,14923
741.79486,658.3883,793.36993,749.0476,1758146975.62,1758146975620,14.922999858856201,14923
857.8388,893.69965,795.38464,823.5897,1758146975.621,1758146975621,14.924000024795532,14924
964.61536,942.8571,798.60803,926.7399,1758146975.621,1758146975621,14.924000024795532,14924
851.39197,661.2088,795.38464,856.63007,1758146975.621,1758146975621,14.924000024795532,14924
725.6777,647.50916,795.78754,749.85345,1758146975.657,1758146975657,14.960000038146973,14960
806.26373,862.27106,803.0403,800.6227,1758146975.658,1758146975658,14.960999965667725,14961
939.6337,940.0366,806.6667,910.6227,1758146975.658,1758146975658,14.960999965667725,14961
882.01465,774.83514,811.50183,883.22345,1758146975.658,1758146975658,14.960999965667725,14961
739.7802,666.4469,808.68134,771.6117,1758146975.659,1758146975659,14.961999893188477,14962
766.3736,842.9304,803.44324,766.3736,1758146975.659,1758146975659,14.961999893188477,14962
907.3993,952.9304,803.8461,873.5531,1758146975.659,1758146975659,14.961999893188477,14962
915.05493,804.65204,805.8608,904.17584,1758146975.66,1758146975660,14.963000059127808,14963
772.01465,614.4689,799.81683,793.7729,1758146975.66,1758146975660,14.963000059127808,14963
733.3333,675.31134,795.78754,745.82416,1758146975.66,1758146975660,14.963000059127808,14963
868.71796,864.2857,802.23444,839.304,1758146975.661,1758146975661,14.96399998664856,14964
943.663,873.5531,808.68134,908.60803,1758146975.661,1758146975661,14.96399998664856,14964
810.696,720.0366,806.26373,821.5751,1758146975.736,1758146975736,15.039000034332275,15039
715.6044,708.3516,805.4579,732.1245,1758146975.736,1758146975736,15.039000034332275,15039
822.7839,899.7436,806.6667,804.65204,1758146975.737,1758146975737,15.039999961853027,15040
939.2308,924.7253,809.4872,911.8315,1758146975.737,1758146975737,15.039999961853027,15040
837.28937,768.3883,809.0842,849.3773,1758146975.738,1758146975738,15.04099988937378,15041
704.7253,730.9158,803.44324,738.5714,1758146975.739,1758146975739,15.04200005531311,15042
778.86444,861.4652,805.05493,778.46155,1758146975.739,1758146975739,15.04200005531311,15042
921.50183,882.8205,809.0842,886.4469,1758146975.739,1758146975739,15.04200005531311,15042
881.6117,757.1062,812.71063,876.3736,1758146975.74,1758146975740,15.042999982833862,15043
735.7509,663.22345,806.26373,762.3443,1758146975.74,1758146975740,15.042999982833862,15043
743.4066,736.9597,797.8022,740.989,1758146975.74,1758146975740,15.042999982833862,15043
890.87915,936.0073,801.4286,854.21246,1758146975.741,1758146975741,15.043999910354614,15044
920.696,890.4762,800.6227,896.9231,1758146975.768,1758146975768,15.07099986076355,15071
772.8205,706.7399,794.17584,789.34064,1758146975.769,1758146975769,15.07200002670288,15072
713.1868,722.4542,791.3553,725.2747,1758146975.769,1758146975769,15.07200002670288,15072
844.5421,937.2161,802.6374,819.15753,1758146975.77,1758146975770,15.072999954223633,15073
927.1429,947.28937,809.89014,904.57874,1758146975.77,1758146975770,15.072999954223633,15073
801.8315,794.9817,807.47253,819.5604,1758146975.77,1758146975770,15.072999954223633,15073
691.4286,637.8388,796.99634,716.4103,1758146975.77,1758146975770,15.072999954223633,15073
793.36993,833.663,800.2198,779.2674,1758146975.771,1758146975771,15.073999881744385,15074
921.50183,1010.14655,801.8315,885.64105,1758146975.771,1758146975771,15.073999881744385,15074
832.8571,663.6264,796.1905,834.0659,1758146975.771,1758146975771,15.073999881744385,15074
699.0842,599.15753,799.41394,730.10986,1758146975.772,1758146975772,15.075000047683716,15075
749.45056,820.3663,794.17584,742.1978,1758146975.772,1758146975772,15.075000047683716,15075
895.7143,1058.9011,799.81683,856.2271,1758146975.802,1758146975802,15.105000019073486,15105
880.0,850.58606,805.4579,877.5824,1758146975.802,1758146975802,15.105000019073486,15105
726.08057,566.1172,799.81683,755.89746,1758146975.803,1758146975803,15.105999946594238,15106
718.022,763.1502,801.02563,722.4542,1758146975.803,1758146975803,15.105999946594238,15106
860.2564,1018.60803,805.8608,836.4835,1758146975.803,1758146975803,15.105999946594238,15106
913.0403,952.9304,812.3077,897.72894,1758146975.804,1758146975804,15.10699987411499,15107
770.80585,688.60803,807.47253,787.72894,1758146975.805,1758146975805,15.108000040054321,15108
687.8022,642.27106,801.02563,703.1135,1758146975.805,1758146975805,15.108000040054321,15108
814.7253,910.2198,803.44324,787.72894,1758146975.806,1758146975806,15.108999967575073,15109
917.8755,995.2381,805.8608,881.2088,1758146975.806,1758146975806,15.108999967575073,15109
805.8608,700.293,803.8461,806.26373,1758146975.806,1758146975806,15.108999967575073,15109
688.60803,630.18317,794.17584,703.1135,1758146975.807,1758146975807,15.109999895095825,15110
770.80585,909.81683,790.9524,749.0476,1758146975.835,1758146975835,15.138000011444092,15138
917.47253,1035.5311,796.99634,863.8828,1758146975.835,1758146975835,15.138000011444092,15138
863.47986,764.7619,803.0403,843.3333,1758146975.836,1758146975836,15.138999938964844,15139
715.2015,598.3516,801.8315,727.6923,1758146975.836,1758146975836,15.138999938964844,15139
750.65936,907.3993,798.20514,746.63007,1758146975.836,1758146975836,15.138999938964844,15139
880.80585,1088.7179,799.81683,863.8828,1758146975.837,1758146975837,15.139999866485596,15140
863.47986,845.34796,804.65204,881.2088,1758146975.837,1758146975837,15.139999866485596,15140
716.4103,609.6337,800.6227,767.98535,1758146975.837,1758146975837,15.139999866485596,15140
690.2198,743.00366,791.3553,721.2454,1758146975.838,1758146975838,15.141000032424927,15141
836.4835,919.4872,790.54944,819.5604,1758146975.838,1758146975838,15.141000032424927,15141
906.5934,942.8571,796.1905,888.0586,1758146975.838,1758146975838,15.141000032424927,15141
778.46155,705.9341,800.6227,801.4286,1758146975.839,1758146975839,15.141999959945679,15142
685.78754,666.04395,796.5934,715.2015,1758146975.908,1758146975908,15.210999965667725,15211
799.81683,933.1868,794.17584,782.0879,1758146975.909,1758146975909,15.211999893188477,15212
923.1135,977.1062,800.6227,882.01465,1758146975.909,1758146975909,15.211999893188477,15212
828.022,688.60803,802.23444,830.0366,1758146975.909,1758146975909,15.211999893188477,15212
703.5165,668.46155,795.38464,727.6923,1758146975.91,1758146975910,15.213000059127808,15213
772.01465,954.1392,795.78754,764.7619,1758146975.91,1758146975910,15.213000059127808,15213
911.4286,992.8205,794.17584,874.7619,1758146975.91,1758146975910,15.213000059127808,15213
866.30035,699.89014,789.34064,855.82416,1758146975.911,1758146975911,15.21399998664856,15214
718.8278,591.50183,787.326,742.6007,1758146975.913,1758146975913,15.216000080108643,15216
735.7509,813.1135,786.9231,739.7802,1758146975.913,1758146975913,15.216000080108643,15216
890.07324,976.7033,792.96704,859.45056,1758146975.913,1758146975913,15.216000080108643,15216
913.0403,827.619,791.3553,893.69965,1758146975.913,1758146975913,15.216000080108643,15216
769.59705,695.8608,787.72894,781.28204,1758146975.948,1758146975948,15.250999927520752,15251
728.9011,794.57874,784.90845,725.6777,1758146975.948,1758146975948,15.250999927520752,15251
863.0769,966.2271,790.14655,822.381,1758146975.949,1758146975949,15.251999855041504,15252
943.663,919.0842,801.02563,905.38464,1758146975.949,1758146975949,15.251999855041504,15252
814.7253,686.1905,795.78754,818.3516,1758146975.949,1758146975949,15.251999855041504,15252
715.6044,742.1978,790.54944,730.10986,1758146975.949,1758146975949,15.251999855041504,15252
821.5751,953.3333,795.38464,800.2198,1758146975.95,1758146975950,15.253000020980835,15253
944.0659,961.79486,800.2198,900.9524,1758146975.95,1758146975950,15.253000020980835,15253
857.03296,725.2747,800.6227,852.6007,1758146975.951,1758146975951,15.253999948501587,15254
720.84247,547.5824,793.7729,736.9597,1758146975.951,1758146975951,15.253999948501587,15254
780.07324,867.1062,790.9524,759.5238,1758146975.951,1758146975951,15.253999948501587,15254
923.91943,1025.0549,795.38464,877.1795,1758146975.952,1758146975952,15.254999876022339,15255
891.685,747.8388,796.1905,872.3443,1758146975.978,1758146975978,15.280999898910522,15281
740.58606,665.64105,796.99634,758.71796,1758146975.978,1758146975978,15.280999898910522,15281
743.8095,801.8315,798.60803,739.3773,1758146975.979,1758146975979,15.282000064849854,15282
889.67035,901.3553,803.0403,850.58606,1758146975.98,1758146975980,15.282999992370605,15283
925.9341,882.01465,810.293,904.9817,1758146975.98,1758146975980,15.282999992370605,15283
788.93774,796.1905,806.6667,806.6667,1758146975.981,1758146975981,15.283999919891357,15284
725.2747,703.91943,797.3993,742.1978,1758146975.981,1758146975981,15.283999919891357,15284
849.3773,821.5751,795.78754,822.7839,1758146975.982,1758146975982,15.285000085830688,15285
947.28937,954.94507,797.3993,905.38464,1758146975.982,1758146975982,15.285000085830688,15285
820.7692,724.87177,799.41394,827.619,1758146975.983,1758146975983,15.28600001335144,15286
701.0989,608.8278,802.6374,730.9158,1758146975.985,1758146975985,15.287999868392944,15288
793.7729,866.30035,807.0696,787.326,1758146975.985,1758146975985,15.287999868392944,15288
921.50183,1016.1905,811.0989,890.4762,1758146976.049,1758146976049,15.351999998092651,15352
844.1392,784.5055,806.26373,848.1685,1758146976.05,1758146976050,15.352999925613403,15353
707.1429,671.685,798.20514,731.31866,1758146976.05,1758146976050,15.352999925613403,15353
753.47986,806.26373,796.99634,745.82416,1758146976.051,1758146976051,15.354000091552734,15354
903.36993,893.69965,811.9048,872.74725,1758146976.051,1758146976051,15.354000091552734,15354
900.54944,864.68866,823.9927,894.5055,1758146976.051,1758146976051,15.354000091552734,15354
743.4066,678.93774,811.50183,772.4176,1758146976.052,1758146976052,15.355000019073486,15355
711.5751,718.022,801.8315,725.2747,1758146976.052,1758146976052,15.355000019073486,15355
853.8095,985.56775,808.2784,833.663,1758146976.052,1758146976052,15.355000019073486,15355
907.8022,838.9011,816.337,903.36993,1758146976.053,1758146976053,15.355999946594238,15356
765.56775,618.9011,807.47253,801.02563,1758146976.053,1758146976053,15.355999946594238,15356
682.5641,652.74725,791.3553,715.2015,1758146976.053,1758146976053,15.355999946594238,15356
803.0403,915.8608,792.5641,798.20514,1758146976.074,1758146976074,15.376999855041504,15377
913.8461,1006.52014,803.44324,899.34064,1758146976.075,1758146976075,15.378000020980835,15378
809.0842,742.6007,805.8608,831.2454,1758146976.075,1758146976075,15.378000020980835,15378
687.8022,647.50916,799.41394,723.2601,1758146976.075,1758146976075,15.378000020980835,15378
771.6117,926.7399,796.1905,770.80585,1758146976.076,1758146976076,15.378999948501587,15379
907.8022,1056.8865,805.4579,886.4469,1758146976.076,1758146976076,15.378999948501587,15379
841.31866,761.9414,811.0989,862.27106,1758146976.076,1758146976076,15.378999948501587,15379
693.44324,527.8388,803.8461,743.8095,1758146976.077,1758146976077,15.379999876022339,15380
725.6777,730.9158,798.60803,744.21246,1758146976.077,1758146976077,15.379999876022339,15380
869.92676,995.2381,799.81683,857.8388,1758146976.077,1758146976077,15.379999876022339,15380
876.77655,869.5238,807.47253,886.04395,1758146976.078,1758146976078,15.38100004196167,15381
728.49817,648.315,808.2784,776.8498,1758146976.078,1758146976078,15.38100004196167,15381
680.9524,728.9011,801.4286,716.0073,1758146976.15,1758146976150,15.45300006866455,15453
815.9341,973.47986,803.0403,813.1135,1758146976.151,1758146976151,15.453999996185303,15454
889.2674,915.4579,807.47253,892.0879,1758146976.151,1758146976151,15.453999996185303,15454
761.9414,598.7546,806.6667,805.05493,1758146976.152,1758146976152,15.454999923706055,15455
668.0586,671.685,804.2491,716.4103,1758146976.152,1758146976152,15.454999923706055,15455
781.685,1000.87915,807.0696,785.7143,1758146976.152,1758146976152,15.454999923706055,15455
906.1905,973.0769,804.65204,889.67035,1758146976.153,1758146976153,15.456000089645386,15456
804.2491,649.5238,795.38464,828.4249,1758146976.153,1758146976153,15.456000089645386,15456
667.25275,660.80585,799.81683,716.4103,1758146976.153,1758146976153,15.456000089645386,15456
728.49817,877.5824,802.23444,749.0476,1758146976.154,1758146976154,15.457000017166138,15457
866.30035,935.2015,808.68134,861.06226,1758146976.154,1758146976154,15.457000017166138,15457
832.0513,738.97437,819.9634,862.27106,1758146976.154,1758146976154,15.457000017166138,15457
673.2967,603.5897,806.6667,742.1978,1758146976.192,1758146976192,15.494999885559082,15495
672.49084,821.5751,796.1905,715.2015,1758146976.193,1758146976193,15.496000051498413,15496
826.0073,987.5824,807.8755,835.6777,1758146976.193,1758146976193,15.496000051498413,15496
853.00366,805.4579,814.7253,882.4176,1758146976.193,1758146976193,15.496000051498413,15496
695.8608,663.6264,805.05493,767.1795,1758146976.194,1758146976194,15.496999979019165,15497
638.24176,807.8755,795.78754,703.1135,1758146976.194,1758146976194,15.496999979019165,15497
772.4176,965.0183,799.011,795.78754,1758146976.194,1758146976194,15.496999979019165,15497
852.6007,904.17584,806.6667,880.40295,1758146976.195,1758146976195,15.497999906539917,15498
720.0366,653.95605,799.011,798.60803,1758146976.195,1758146976195,15.497999906539917,15498
615.6777,588.2784,795.78754,707.5458,1758146976.195,1758146976195,15.497999906539917,15498
720.0366,851.39197,807.47253,773.22345,1758146976.195,1758146976195,15.497999906539917,15498
853.00366,982.3443,814.7253,879.19415,1758146976.196,1758146976196,15.499000072479248,15499
765.9707,789.7436,810.293,832.0513,1758146976.233,1758146976233,15.53600001335144,15536
622.9304,567.72894,805.4579,722.8571,1758146976.233,1758146976233,15.53600001335144,15536
678.5348,764.7619,802.23444,747.8388,1758146976.235,1758146976235,15.537999868392944,15538
813.91943,1029.4872,798.60803,853.8095,1758146976.235,1758146976235,15.537999868392944,15538
783.2967,898.93774,802.6374,853.00366,1758146976.236,1758146976236,15.539000034332275,15539
638.6447,732.52747,802.6374,745.82416,1758146976.236,1758146976236,15.539000034332275,15539
630.989,729.304,801.02563,727.28937,1758146976.236,1758146976236,15.539000034332275,15539
776.04395,901.3553,803.0403,836.8865,1758146976.237,1758146976237,15.539999961853027,15540
824.7985,877.5824,810.293,889.67035,1758146976.237,1758146976237,15.539999961853027,15540
670.4762,608.022,807.47253,780.87915,1758146976.237,1758146976237,15.539999961853027,15540
598.7546,691.4286,800.2198,709.9634,1758146976.238,1758146976238,15.54099988937378,15541
740.58606,914.2491,805.05493,805.05493,1758146976.238,1758146976238,15.54099988937378,15541
848.97437,1002.8938,812.71063,897.72894,1758146976.273,1758146976273,15.575999975204468,15576
732.1245,729.707,813.1135,822.381,1758146976.273,1758146976273,15.575999975204468,15576
617.6923,579.81683,805.4579,720.0366,1758146976.274,1758146976274,15.57699990272522,15577
717.2161,868.315,801.02563,776.8498,1758146976.274,1758146976274,15.57699990272522,15577
862.674,1184.2124,809.89014,891.685,1758146976.274,1758146976274,15.57699990272522,15577
792.5641,865.4945,818.3516,853.8095,1758146976.275,1758146976275,15.57800006866455,15578
648.71796,581.02563,810.293,733.73627,1758146976.275,1758146976275,15.57800006866455,15578
692.23444,752.27106,801.8315,742.6007,1758146976.275,1758146976275,15.57800006866455,15578
848.5714,935.2015,809.0842,865.09155,1758146976.276,1758146976276,15.578999996185303,15579
844.1392,811.0989,814.7253,882.8205,1758146976.276,1758146976276,15.578999996185303,15579
683.36993,607.619,804.2491,756.7033,1758146976.276,1758146976276,15.578999996185303,15579
660.0,755.4945,796.99634,714.3956,1758146976.277,1758146976277,15.579999923706055,15580
809.4872,1029.8901,800.2198,823.9927,1758146976.309,1758146976309,15.611999988555908,15612
877.98535,930.3663,809.4872,898.1319,1758146976.31,1758146976310,15.61299991607666,15613
727.6923,652.3443,802.6374,790.54944,1758146976.311,1758146976311,15.614000082015991,15614
631.79486,667.25275,790.9524,700.293,1758146976.311,1758146976311,15.614000082015991,15614
765.56775,967.4359,794.9817,794.9817,1758146976.314,1758146976314,15.616999864578247,15617
888.86444,1116.9231,809.4872,906.5934,1758146976.314,1758146976314,15.616999864578247,15617
769.59705,681.3553,809.89014,831.2454,1758146976.315,1758146976315,15.618000030517578,15618
635.0183,458.5348,798.60803,717.2161,1758146976.315,1758146976315,15.618000030517578,15618
736.9597,891.28204,802.23444,776.04395,1758146976.316,1758146976316,15.61899995803833,15619
884.43225,1075.4213,808.2784,894.10254,1758146976.316,1758146976316,15.61899995803833,15619
815.12823,669.2674,805.4579,865.4945,1758146976.317,1758146976317,15.619999885559082,15620
665.2381,556.4469,799.41394,748.24176,1758146976.317,1758146976317,15.619999885559082,15620
698.2784,893.69965,796.1905,741.79486,1758146976.364,1758146976364,15.66700005531311,15667
860.65936,1058.0952,804.65204,861.06226,1758146976.364,1758146976364,15.66700005531311,15667
871.53845,861.4652,815.12823,898.93774,1758146976.364,1758146976364,15.66700005531311,15667
707.9487,612.0513,810.293,781.685,1758146976.365,1758146976365,15.667999982833862,15668
671.685,704.3223,801.4286,719.6337,1758146976.365,1758146976365,15.667999982833862,15668
826.0073,1085.4945,803.8461,826.8132,1758146976.365,1758146976365,15.667999982833862,15668
906.99634,1019.81683,813.91943,909.81683,1758146976.366,1758146976366,15.668999910354614,15669
759.12085,525.42126,809.89014,805.05493,1758146976.366,1758146976366,15.668999910354614,15669
659.59705,640.65936,803.44324,716.8132,1758146976.366,1758146976366,15.668999910354614,15669
797.8022,983.95605,811.9048,806.6667,1758146976.367,1758146976367,15.670000076293945,15670
932.381,1036.337,815.5311,911.02563,1758146976.367,1758146976367,15.670000076293945,15670
827.619,732.1245,807.47253,840.5128,1758146976.367,1758146976367,15.670000076293945,15670
688.20514,590.293,801.8315,721.6484,1758146976.401,1758146976401,15.703999996185303,15704
767.98535,890.87915,802.6374,759.5238,1758146976.401,1758146976401,15.703999996185303,15704
922.71063,1038.7546,809.89014,883.22345,1758146976.402,1758146976402,15.704999923706055,15705
872.74725,759.12085,811.0989,861.06226,1758146976.402,1758146976402,15.704999923706055,15705
711.1722,606.8132,802.23444,732.52747,1758146976.402,1758146976402,15.704999923706055,15705
734.1392,907.8022,801.02563,727.28937,1758146976.403,1758146976403,15.706000089645386,15706
907.3993,981.13556,810.293,848.1685,1758146976.404,1758146976404,15.707000017166138,15707
934.3956,733.73627,814.3223,890.4762,1758146976.405,1758146976405,15.70799994468689,15708
774.83514,677.72894,807.0696,772.01465,1758146976.405,1758146976405,15.70799994468689,15708
718.022,694.65204,802.6374,703.1135,1758146976.405,1758146976405,15.70799994468689,15708
866.7033,933.9927,805.8608,806.26373,1758146976.406,1758146976406,15.708999872207642,15709
961.39197,978.71796,808.68134,894.5055,1758146976.406,1758146976406,15.708999872207642,15709
819.9634,683.36993,804.65204,798.20514,1758146976.468,1758146976468,15.770999908447266,15771
705.9341,647.50916,800.2198,699.0842,1758146976.469,1758146976469,15.772000074386597,15772
832.8571,985.56775,803.44324,773.6264,1758146976.469,1758146976469,15.772000074386597,15772
978.315,985.16486,811.50183,885.64105,1758146976.469,1758146976469,15.772000074386597,15772
876.77655,711.978,809.4872,830.0366,1758146976.47,1758146976470,15.773000001907349,15773
727.28937,678.93774,799.011,712.7839,1758146976.47,1758146976470,15.773000001907349,15773
797.8022,861.8681,797.3993,741.79486,1758146976.47,1758146976470,15.773000001907349,15773
960.18317,931.5751,806.26373,867.50916,1758146976.471,1758146976471,15.7739999294281,15774
930.3663,761.53845,809.4872,867.50916,1758146976.471,1758146976471,15.7739999294281,15774
768.3883,633.4066,800.6227,738.97437,1758146976.472,1758146976472,15.774999856948853,15775
761.9414,814.7253,796.1905,711.1722,1758146976.472,1758146976472,15.774999856948853,15775
924.7253,959.3773,803.8461,836.4835,1758146976.472,1758146976472,15.774999856948853,15775
966.2271,850.58606,805.05493,890.4762,1758146976.498,1758146976498,15.800999879837036,15801
804.2491,647.9121,802.23444,778.46155,1758146976.499,1758146976499,15.802000045776367,15802
723.2601,699.0842,796.1905,698.68134,1758146976.499,1758146976499,15.802000045776367,15802
857.8388,980.7326,795.78754,791.3553,1758146976.5,1758146976500,15.80299997329712,15803
972.27106,1096.3737,805.8608,898.93774,1758146976.5,1758146976500,15.80299997329712,15803
844.94507,762.74725,807.0696,821.1722,1758146976.5,1758146976500,15.80299997329712,15803
714.7985,549.59705,797.8022,711.978,1758146976.501,1758146976501,15.803999900817871,15804
813.91943,988.7912,796.99634,765.16486,1758146976.501,1758146976501,15.803999900817871,15804
950.9158,1023.8461,799.41394,880.80585,1758146976.502,1758146976502,15.805000066757202,15805
861.8681,574.9817,798.60803,842.9304,1758146976.503,1758146976503,15.805999994277954,15806
711.5751,546.3736,796.99634,724.87177,1758146976.503,1758146976503,15.805999994277954,15806
760.32965,841.31866,799.41394,740.18317,1758146976.503,1758146976503,15.805999994277954,15806
915.4579,1056.4835,807.8755,862.27106,1758146976.569,1758146976569,15.871999979019165,15872
907.8022,821.1722,811.50183,879.59705,1758146976.57,1758146976570,15.872999906539917,15873
742.1978,540.32965,805.4579,750.65936,1758146976.57,1758146976570,15.872999906539917,15873
719.2308,651.53845,801.8315,706.7399,1758146976.57,1758146976570,15.872999906539917,15873
879.19415,1004.5055,809.4872,827.2161,1758146976.571,1758146976571,15.874000072479248,15874
942.0513,1010.54944,816.7399,900.9524,1758146976.571,1758146976571,15.874000072479248,15874
789.34064,657.1795,809.4872,794.9817,1758146976.571,1758146976571,15.874000072479248,15874
700.696,637.03296,801.4286,705.5311,1758146976.572,1758146976572,15.875,15875
833.2601,932.7839,805.8608,794.17584,1758146976.572,1758146976572,15.875,15875
954.1392,995.2381,809.89014,902.96704,1758146976.572,1758146976572,15.875,15875
835.2747,623.73627,809.89014,831.2454,1758146976.573,1758146976573,15.875999927520752,15876
697.47253,537.50916,803.0403,714.3956,1758146976.573,1758146976573,15.875999927520752,15876
788.1319,891.28204,798.20514,762.3443,1758146976.612,1758146976612,15.914999961853027,15915
944.87177,1067.7656,810.293,891.685,1758146976.613,1758146976613,15.91599988937378,15916
873.1502,738.97437,814.3223,861.4652,1758146976.613,1758146976613,15.91599988937378,15916
704.3223,542.3443,804.65204,728.0952,1758146976.613,1758146976613,15.91599988937378,15916
741.79486,829.2308,802.6374,732.1245,1758146976.613,1758146976613,15.91599988937378,15916
903.7729,1108.4615,809.0842,856.2271,1758146976.614,1758146976614,15.91700005531311,15917
910.6227,845.7509,810.696,884.83514,1758146976.614,1758146976614,15.91700005531311,15917
742.1978,583.8461,803.8461,758.315,1758146976.614,1758146976614,15.91700005531311,15917
693.0403,753.8828,799.011,704.3223,1758146976.615,1758146976615,15.917999982833862,15918
850.58606,875.16486,805.8608,815.5311,1758146976.615,1758146976615,15.917999982833862,15918
938.8278,885.64105,815.5311,898.1319,1758146976.616,1758146976616,15.918999910354614,15919
788.1319,578.60803,809.0842,796.1905,1758146976.617,1758146976617,15.920000076293945,15920
684.57874,659.59705,801.8315,699.0842,1758146976.643,1758146976643,15.94599986076355,15946
817.1429,1021.4286,804.2491,780.87915,1758146976.643,1758146976643,15.94599986076355,15946
945.6777,1029.4872,809.0842,893.2967,1758146976.644,1758146976644,15.94700002670288,15947
834.0659,690.6227,808.2784,834.0659,1758146976.644,1758146976644,15.94700002670288,15947
686.99634,582.23444,802.23444,713.1868,1758146976.645,1758146976645,15.947999954223633,15948
760.32965,949.304,799.41394,744.21246,1758146976.645,1758146976645,15.947999954223633,15948
918.68134,1073.0037,803.44324,871.13556,1758146976.645,1758146976645,15.947999954223633,15948
870.7326,664.0293,805.05493,861.4652,1758146976.646,1758146976646,15.948999881744385,15949
705.9341,523.4066,800.2198,724.0659,1758146976.646,1758146976646,15.948999881744385,15949
722.4542,868.71796,797.8022,708.3516,1758146976.646,1758146976646,15.948999881744385,15949
886.04395,1012.96704,801.4286,834.87177,1758146976.647,1758146976647,15.950000047683716,15950
921.50183,838.0952,805.4579,882.4176,1758146976.647,1758146976647,15.950000047683716,15950
763.5531,681.3553,797.8022,764.7619,1758146976.674,1758146976674,15.976999998092651,15977
705.5311,744.21246,789.7436,701.0989,1758146976.674,1758146976674,15.976999998092651,15977
854.61536,944.87177,799.011,807.47253,1758146976.675,1758146976675,15.977999925613403,15978
944.4689,998.0586,811.0989,907.8022,1758146976.675,1758146976675,15.977999925613403,15978
800.2198,731.7216,809.0842,824.7985,1758146976.675,1758146976675,15.977999925613403,15978
674.10254,646.7033,802.23444,725.6777,1758146976.676,1758146976676,15.979000091552734,15979
775.64105,875.56775,800.2198,795.38464,1758146976.676,1758146976676,15.979000091552734,15979
914.2491,949.707,803.44324,904.9817,1758146976.676,1758146976676,15.979000091552734,15979
831.2454,776.8498,807.8755,851.39197,1758146976.677,1758146976677,15.980000019073486,15980
678.93774,541.53845,801.02563,718.4249,1758146976.677,1758146976677,15.980000019073486,15980
740.58606,805.4579,792.5641,731.31866,1758146976.677,1758146976677,15.980000019073486,15980
904.57874,996.04395,801.4286,865.09155,1758146976.677,1758146976677,15.980000019073486,15980
878.3883,803.44324,808.2784,873.5531,1758146976.742,1758146976742,16.045000076293945,16045
713.9927,651.53845,800.6227,747.4359,1758146976.743,1758146976743,16.046000003814697,16046
709.9634,767.1795,796.5934,724.0659,1758146976.743,1758146976743,16.046000003814697,16046
874.7619,951.31866,805.8608,838.0952,1758146976.744,1758146976744,16.04699993133545,16047
923.5165,952.9304,811.0989,898.1319,1758146976.744,1758146976744,16.04699993133545,16047
766.3736,751.4652,806.26373,792.1612,1758146976.745,1758146976745,16.0479998588562,16048
684.9817,642.27106,797.8022,709.5604,1758146976.745,1758146976745,16.0479998588562,16048
824.7985,909.81683,798.60803,801.02563,1758146976.746,1758146976746,16.049000024795532,16049
938.4249,987.98535,806.6667,903.36993,1758146976.746,1758146976746,16.049000024795532,16049
809.4872,639.45056,801.02563,816.337,1758146976.747,1758146976747,16.049999952316284,16050
679.34064,591.9048,791.3553,703.91943,1758146976.747,1758146976747,16.049999952316284,16050
780.07324,900.54944,791.3553,758.315,1758146976.747,1758146976747,16.049999952316284,16050
934.7985,1028.6813,798.60803,881.2088,1758146976.78,1758146976780,16.08299994468689,16083
860.65936,702.71063,801.4286,850.58606,1758146976.781,1758146976781,16.08399987220764,16084
699.4872,574.9817,799.011,721.6484,1758146976.781,1758146976781,16.08399987220764,16084
738.97437,828.8278,799.41394,730.10986,1758146976.782,1758146976782,16.085000038146973,16085
903.36993,1041.1721,808.68134,861.06226,1758146976.782,1758146976782,16.085000038146973,16085
902.1612,932.381,815.5311,884.43225,1758146976.782,1758146976782,16.085000038146973,16085
730.9158,642.27106,807.0696,756.7033,1758146976.782,1758146976782,16.085000038146973,16085
699.89014,655.9707,801.4286,710.3663,1758146976.783,1758146976783,16.085999965667725,16086
857.4359,968.24176,807.0696,823.1868,1758146976.783,1758146976783,16.085999965667725,16086
927.9487,877.5824,815.5311,892.8938,1758146976.784,1758146976784,16.086999893188477,16087
779.67035,651.13556,811.9048,786.9231,1758146976.784,1758146976784,16.086999893188477,16087
682.96704,703.1135,804.2491,697.8755,1758146976.784,1758146976784,16.086999893188477,16087
814.3223,875.9707,809.0842,786.9231,1758146976.857,1758146976857,16.16000008583069,16160
942.8571,938.022,816.7399,897.72894,1758146976.857,1758146976857,16.16000008583069,16160
820.3663,676.52014,806.26373,822.7839,1758146976.859,1758146976859,16.161999940872192,16162
676.52014,623.73627,792.1612,704.7253,1758146976.859,1758146976859,16.161999940872192,16162
769.59705,1015.38464,799.41394,754.68866,1758146976.859,1758146976859,16.161999940872192,16162
922.3077,1173.7362,809.4872,883.6264,1758146976.86,1758146976860,16.162999868392944,16163
855.0183,767.5824,813.1135,862.27106,1758146976.86,1758146976860,16.162999868392944,16163
691.8315,450.4762,812.71063,736.9597,1758146976.86,1758146976860,16.162999868392944,16163
721.6484,692.23444,809.0842,732.9304,1758146976.861,1758146976861,16.164000034332275,16164
880.80585,1014.9817,802.23444,848.5714,1758146976.861,1758146976861,16.164000034332275,16164
897.326,870.32965,801.8315,886.04395,1758146976.861,1758146976861,16.164000034332275,16164
730.5128,631.39197,798.20514,766.77655,1758146976.862,1758146976862,16.164999961853027,16165
678.1319,765.56775,794.57874,705.12823,1758146976.895,1758146976895,16.197999954223633,16198
834.4689,1018.60803,803.0403,812.71063,1758146976.895,1758146976895,16.197999954223633,16198
927.9487,965.0183,812.3077,901.3553,1758146976.896,1758146976896,16.198999881744385,16199
786.1172,595.5311,808.68134,802.23444,1758146976.896,1758146976896,16.198999881744385,16199
680.14655,651.9414,803.8461,705.12823,1758146976.896,1758146976896,16.198999881744385,16199
811.9048,990.40295,811.9048,795.78754,1758146976.896,1758146976896,16.198999881744385,16199
939.6337,943.663,816.7399,901.3553,1758146976.897,1758146976897,16.200000047683716,16200
829.6337,658.3883,813.91943,836.8865,1758146976.897,1758146976897,16.200000047683716,16200
697.8755,603.9927,813.91943,726.8865,1758146976.897,1758146976897,16.200000047683716,16200
772.01465,806.26373,815.9341,759.12085,1758146976.898,1758146976898,16.200999975204468,16201
929.15753,1002.49084,818.3516,881.2088,1758146976.898,1758146976898,16.200999975204468,16201
890.07324,727.6923,816.7399,873.95605,1758146976.898,1758146976898,16.200999975204468,16201
722.8571,561.28204,808.68134,745.42126,1758146976.936,1758146976936,16.23900008201599,16239
725.6777,838.0952,803.0403,726.08057,1758146976.937,1758146976937,16.240000009536743,16240
882.4176,1046.4103,805.05493,842.9304,1758146976.937,1758146976937,16.240000009536743,16240
915.8608,847.3626,811.9048,890.87915,1758146976.937,1758146976937,16.240000009536743,16240
760.32965,628.97437,811.0989,781.685,1758146976.939,1758146976939,16.241999864578247,16242
696.26373,760.32965,811.0989,718.4249,1758146976.939,1758146976939,16.241999864578247,16242
833.663,923.91943,813.91943,818.3516,1758146976.939,1758146976939,16.241999864578247,16242
936.0073,794.57874,820.7692,913.44324,1758146976.94,1758146976940,16.243000030517578,16243
792.1612,538.315,815.5311,817.9487,1758146976.94,1758146976940,16.243000030517578,16243
657.5824,685.78754,796.1905,698.68134,1758146976.94,1758146976940,16.243000030517578,16243
767.1795,973.8828,795.78754,764.35895,1758146976.94,1758146976940,16.243000030517578,16243
906.5934,1007.326,807.0696,884.83514,1758146976.941,1758146976941,16.24399995803833,16244
817.9487,723.663,813.5165,845.34796,1758146976.978,1758146976978,16.280999898910522,16281
661.2088,603.9927,809.89014,725.6777,1758146976.978,1758146976978,16.280999898910522,16281
705.12823,869.12085,807.8755,742.1978,1758146976.978,1758146976978,16.280999898910522,16281
860.2564,1026.2638,814.7253,865.89746,1758146976.979,1758146976979,16.282000064849854,16282
845.34796,799.41394,814.3223,875.16486,1758146976.979,1758146976979,16.282000064849854,16282
680.14655,643.8828,808.2784,755.09155,1758146976.979,1758146976979,16.282000064849854,16282
654.7619,756.7033,802.23444,722.0513,1758146976.98,1758146976980,16.282999992370605,16283
812.3077,918.68134,802.6374,828.8278,1758146976.98,1758146976980,16.282999992370605,16283
879.59705,909.011,815.5311,892.8938,1758146976.98,1758146976980,16.282999992370605,16283
723.2601,568.1319,813.91943,781.685,1758146976.981,1758146976981,16.283999919891357,16284
634.21246,548.7912,806.26373,699.0842,1758146976.981,1758146976981,16.283999919891357,16284
767.5824,904.57874,804.65204,792.5641,1758146976.981,1758146976981,16.283999919891357,16284
882.8205,1048.8279,802.6374,896.1172,1758146977.008,1758146977008,16.310999870300293,16311
754.2857,674.90845,805.8608,821.978,1758146977.009,1758146977009,16.312000036239624,16312
610.84247,605.6044,803.0403,707.5458,1758146977.009,1758146977009,16.312000036239624,16312
714.3956,905.78754,802.23444,767.98535,1758146977.009,1758146977009,16.312000036239624,16312
869.92676,944.0659,817.5458,898.5348,1758146977.009,1758146977009,16.312000036239624,16312
790.14655,818.7546,812.71063,863.0769,1758146977.01,1758146977010,16.312999963760376,16313
636.63007,549.59705,803.8461,736.9597,1758146977.011,1758146977011,16.313999891281128,16314
662.4176,652.3443,802.6374,738.1685,1758146977.011,1758146977011,16.313999891281128,16314
808.2784,1043.9927,796.99634,847.76556,1758146977.012,1758146977012,16.31500005722046,16315
821.978,772.01465,814.7253,886.8498,1758146977.012,1758146977012,16.31500005722046,16315
654.35895,463.36996,815.12823,772.01465,1758146977.012,1758146977012,16.31500005722046,16315
616.08057,658.3883,808.68134,723.663,1758146977.013,1758146977013,16.31599998474121,16316
767.5824,1091.1355,815.12823,837.28937,1758146977.076,1758146977076,16.378999948501587,16379
821.1722,1026.2638,806.6667,894.10254,1758146977.077,1758146977077,16.37999987602234,16380
657.5824,536.7033,797.3993,780.07324,1758146977.077,1758146977077,16.37999987602234,16380
555.64105,614.0659,795.78754,697.47253,1758146977.077,1758146977077,16.37999987602234,16380
705.5311,1027.4725,810.696,804.2491,1758146977.078,1758146977078,16.38100004196167,16381
832.4542,1093.956,823.1868,923.1135,1758146977.078,1758146977078,16.38100004196167,16381
691.8315,569.34064,813.1135,840.9158,1758146977.078,1758146977078,16.38100004196167,16381
536.30035,460.1465,792.5641,707.5458,1758146977.079,1758146977079,16.381999969482422,16382
634.21246,1044.3956,794.57874,757.1062,1758146977.079,1758146977079,16.381999969482422,16382
804.65204,1121.7583,809.89014,890.87915,1758146977.079,1758146977079,16.381999969482422,16382
743.4066,526.63007,813.91943,870.7326,1758146977.08,1758146977080,16.382999897003174,16383
570.14655,336.84982,806.26373,742.6007,1758146977.08,1758146977080,16.382999897003174,16383
597.1429,845.7509,806.6667,741.79486,1758146977.106,1758146977106,16.408999919891357,16409
768.3883,1216.4469,813.91943,875.16486,1758146977.107,1758146977107,16.41000008583069,16410
782.49084,948.49817,811.9048,910.6227,1758146977.107,1758146977107,16.41000008583069,16410
610.4396,407.36264,806.26373,781.685,1758146977.107,1758146977107,16.41000008583069,16410
562.49084,856.2271,807.8755,725.2747,1758146977.108,1758146977108,16.41100001335144,16411
723.663,1282.9304,813.1135,835.2747,1758146977.108,1758146977108,16.41100001335144,16411
822.7839,1001.685,815.12823,918.68134,1758146977.108,1758146977108,16.41100001335144,16411
689.41394,352.96704,815.9341,820.7692,1758146977.109,1758146977109,16.411999940872192,16412
576.99634,463.36996,805.8608,709.5604,1758146977.11,1758146977110,16.412999868392944,16413
713.5897,1212.8206,803.0403,790.14655,1758146977.11,1758146977110,16.412999868392944,16413
871.53845,1277.2894,815.5311,915.8608,1758146977.11,1758146977110,16.412999868392944,16413
770.80585,643.8828,816.337,849.7802,1758146977.111,1758146977111,16.414000034332275,16414
632.6007,504.06595,807.0696,720.4396,1758146977.173,1758146977173,16.4760000705719,16476
718.4249,1040.7693,804.2491,756.7033,1758146977.174,1758146977174,16.47699999809265,16477
890.07324,1283.7362,811.9048,889.67035,1758146977.174,1758146977174,16.47699999809265,16477
851.79486,667.25275,813.91943,882.01465,1758146977.174,1758146977174,16.47699999809265,16477
687.3993,430.7326,805.4579,750.2564,1758146977.175,1758146977175,16.477999925613403,16478
711.5751,943.663,804.2491,731.7216,1758146977.175,1758146977175,16.477999925613403,16478
891.685,1079.0476,811.0989,855.42126,1758146977.175,1758146977175,16.477999925613403,16478
940.84247,753.0769,817.5458,906.99634,1758146977.176,1758146977176,16.479000091552734,16479
779.2674,505.67764,810.293,784.5055,1758146977.176,1758146977176,16.479000091552734,16479
709.5604,597.1429,799.011,707.9487,1758146977.176,1758146977176,16.479000091552734,16479
862.674,1030.6959,805.8608,811.9048,1758146977.177,1758146977177,16.480000019073486,16480
975.09155,1028.6813,812.3077,909.41394,1758146977.177,1758146977177,16.480000019073486,16480
841.7216,584.2491,809.89014,817.9487,1758146977.208,1758146977208,16.51099991798401,16511
714.3956,557.6557,801.8315,710.7692,1758146977.209,1758146977209,16.51200008392334,16512
827.2161,1084.6886,807.0696,778.0586,1758146977.209,1758146977209,16.51200008392334,16512
979.92676,1135.4579,815.5311,898.1319,1758146977.209,1758146977209,16.51200008392334,16512
882.01465,633.4066,806.6667,846.9597,1758146977.21,1758146977210,16.513000011444092,16513
726.08057,576.99634,803.44324,721.6484,1758146977.21,1758146977210,16.513000011444092,16513
787.326,873.1502,808.68134,744.61536,1758146977.21,1758146977210,16.513000011444092,16513
949.707,1041.978,814.7253,874.7619,1758146977.211,1758146977211,16.513999938964844,16514
931.978,722.4542,813.1135,882.4176,1758146977.211,1758146977211,16.513999938964844,16514
753.8828,436.77655,801.4286,743.4066,1758146977.211,1758146977211,16.513999938964844,16514
733.3333,923.5165,799.81683,709.9634,1758146977.213,1758146977213,16.516000032424927,16516
907.8022,1110.4762,815.5311,842.52747,1758146977.213,1758146977213,16.516000032424927,16516
967.4359,789.34064,819.5604,904.9817,1758146977.239,1758146977239,16.54200005531311,16542
791.3553,608.022,801.02563,780.87915,1758146977.24,1758146977240,16.542999982833862,16543
697.8755,684.9817,793.7729,695.8608,1758146977.24,1758146977240,16.542999982833862,16543
853.4066,1145.9341,805.8608,799.011,1758146977.24,1758146977240,16.542999982833862,16543
977.9121,1188.6447,817.1429,909.011,1758146977.241,1758146977241,16.543999910354614,16544
837.6923,693.44324,811.0989,821.1722,1758146977.241,1758146977241,16.543999910354614,16544
699.89014,425.4945,801.4286,704.7253,1758146977.241,1758146977241,16.543999910354614,16544
799.011,895.7143,801.02563,766.77655,1758146977.242,1758146977242,16.545000076293945,16545
953.73627,1222.0879,808.2784,890.07324,1758146977.242,1758146977242,16.545000076293945,16545
876.3736,557.25275,809.89014,853.4066,1758146977.242,1758146977242,16.545000076293945,16545
711.5751,404.94507,805.8608,728.9011,1758146977.242,1758146977242,16.545000076293945,16545
754.68866,842.52747,807.8755,738.97437,1758146977.243,1758146977243,16.546000003814697,16546
926.337,1151.1721,811.50183,867.50916,1758146977.308,1758146977308,16.611000061035156,16611
933.1868,867.50916,812.3077,896.9231,1758146977.308,1758146977308,16.611000061035156,16611
761.9414,533.0769,805.4579,770.0,1758146977.309,1758146977309,16.611999988555908,16612
723.2601,692.6374,799.81683,709.5604,1758146977.309,1758146977309,16.611999988555908,16612
882.01465,1076.227,805.8608,817.1429,1758146977.309,1758146977309,16.611999988555908,16612
962.6007,1106.8499,811.50183,897.326,1758146977.31,1758146977310,16.61299991607666,16613
806.26373,604.7985,806.26373,795.78754,1758146977.31,1758146977310,16.61299991607666,16613
701.0989,508.09525,799.41394,702.3077,1758146977.31,1758146977310,16.61299991607666,16613
828.8278,948.0952,802.6374,787.72894,1758146977.311,1758146977311,16.61400008201599,16614
969.45056,1075.0183,811.0989,909.41394,1758146977.311,1758146977311,16.61400008201599,16614
857.4359,639.85345,806.6667,836.4835,1758146977.311,1758146977311,16.61400008201599,16614
701.50183,433.15018,796.99634,705.5311,1758146977.311,1758146977311,16.61400008201599,16614
787.326,858.24176,802.23444,755.89746,1758146977.354,1758146977354,16.657000064849854,16657
948.9011,1141.5018,811.9048,891.28204,1758146977.355,1758146977355,16.657999992370605,16658
891.28204,685.78754,812.71063,869.92676,1758146977.355,1758146977355,16.657999992370605,16658
726.08057,416.2271,806.26373,734.1392,1758146977.356,1758146977356,16.658999919891357,16659
740.989,833.2601,799.41394,720.4396,1758146977.356,1758146977356,16.658999919891357,16659
916.6667,1230.5494,808.68134,856.63007,1758146977.356,1758146977356,16.658999919891357,16659
953.73627,931.5751,822.381,913.0403,1758146977.357,1758146977357,16.66000008583069,16660
776.04395,493.1868,807.8755,781.28204,1758146977.357,1758146977357,16.66000008583069,16660
709.5604,657.5824,794.57874,708.7546,1758146977.358,1758146977358,16.66100001335144,16661
863.0769,920.696,804.2491,823.1868,1758146977.358,1758146977358,16.66100001335144,16661
960.58606,865.89746,813.1135,911.4286,1758146977.358,1758146977358,16.66100001335144,16661
808.68134,603.9927,808.2784,803.44324,1758146977.359,1758146977359,16.661999940872192,16662
690.6227,609.6337,802.23444,699.0842,1758146977.39,1758146977390,16.693000078201294,16693
813.1135,983.95605,802.6374,777.6557,1758146977.391,1758146977391,16.694000005722046,16694
958.5714,1049.6337,809.0842,898.1319,1758146977.391,1758146977391,16.694000005722046,16694
856.2271,565.31134,808.68134,839.304,1758146977.392,1758146977392,16.694999933242798,16695
701.0989,569.34064,801.02563,712.7839,1758146977.392,1758146977392,16.694999933242798,16695
775.64105,1035.1282,804.65204,746.63007,1758146977.393,1758146977393,16.69599986076355,16696
941.2454,1083.4799,811.50183,873.95605,1758146977.393,1758146977393,16.69599986076355,16696
906.5934,610.84247,811.50183,875.9707,1758146977.393,1758146977393,16.69599986076355,16696
738.1685,476.26373,804.2491,749.0476,1758146977.394,1758146977394,16.69700002670288,16697
740.58606,852.1978,801.8315,729.707,1758146977.394,1758146977394,16.69700002670288,16697
904.17584,1018.20514,808.2784,853.00366,1758146977.395,1758146977395,16.697999954223633,16698
951.7216,842.1245,815.9341,915.05493,1758146977.395,1758146977395,16.697999954223633,16698
782.0879,530.2564,807.47253,792.5641,1758146977.427,1758146977427,16.730000019073486,16730
699.89014,714.3956,796.1905,705.12823,1758146977.427,1758146977427,16.730000019073486,16730
847.3626,1071.7949,802.6374,809.4872,1758146977.429,1758146977429,16.73199987411499,16732
961.79486,978.315,810.696,913.8461,1758146977.429,1758146977429,16.73199987411499,16732
827.2161,670.4762,808.2784,828.8278,1758146977.429,1758146977429,16.73199987411499,16732
702.3077,708.7546,805.05493,720.4396,1758146977.43,1758146977430,16.73300004005432,16733
816.337,925.12823,807.8755,778.46155,1758146977.43,1758146977430,16.73300004005432,16733
964.61536,894.90845,811.9048,889.2674,1758146977.43,1758146977430,16.73300004005432,16733
877.98535,716.0073,804.2491,842.9304,1758146977.431,1758146977431,16.733999967575073,16734
715.6044,511.3187,794.9817,710.7692,1758146977.431,1758146977431,16.733999967575073,16734
779.2674,824.3956,796.99634,731.31866,1758146977.431,1758146977431,16.733999967575073,16734
946.8865,1064.9451,806.26373,872.3443,1758146977.432,1758146977432,16.734999895095825,16735
928.3516,868.71796,814.3223,898.1319,1758146977.476,1758146977476,16.77900004386902,16779
744.61536,549.19415,808.68134,771.2088,1758146977.476,1758146977476,16.77900004386902,16779
705.12823,660.0,801.4286,719.6337,1758146977.476,1758146977476,16.77900004386902,16779
872.3443,1005.7143,805.8608,835.6777,1758146977.477,1758146977477,16.77999997138977,16780
945.2747,950.9158,811.9048,911.4286,1758146977.477,1758146977477,16.77999997138977,16780
784.10254,733.73627,807.47253,795.78754,1758146977.477,1758146977477,16.77999997138977,16780
686.99634,670.4762,800.2198,697.8755,1758146977.477,1758146977477,16.77999997138977,16780
832.0513,907.8022,805.8608,791.3553,1758146977.478,1758146977478,16.780999898910522,16781
963.4066,973.8828,813.91943,902.96704,1758146977.478,1758146977478,16.780999898910522,16781
842.9304,599.5604,814.7253,830.0366,1758146977.478,1758146977478,16.780999898910522,16781
705.9341,543.95605,806.6667,705.5311,1758146977.479,1758146977479,16.782000064849854,16782
805.8608,890.4762,808.2784,755.4945,1758146977.479,1758146977479,16.782000064849854,16782
963.4066,1116.1172,814.7253,888.46155,1758146977.55,1758146977550,16.852999925613403,16853
890.87915,787.326,808.68134,860.2564,1758146977.55,1758146977550,16.852999925613403,16853
725.2747,515.34796,803.8461,736.55676,1758146977.551,1758146977551,16.854000091552734,16854
755.4945,794.17584,803.0403,730.10986,1758146977.551,1758146977551,16.854000091552734,16854
927.1429,1218.8645,809.89014,852.6007,1758146977.553,1758146977553,16.85599994659424,16856
941.6484,970.2564,814.3223,893.69965,1758146977.553,1758146977553,16.85599994659424,16856
756.7033,440.40292,802.6374,763.1502,1758146977.553,1758146977553,16.85599994659424,16856
707.9487,701.50183,800.2198,705.12823,1758146977.554,1758146977554,16.85699987411499,16857
877.1795,1081.4652,813.5165,823.9927,1758146977.554,1758146977554,16.85699987411499,16857
959.3773,847.76556,815.5311,905.38464,1758146977.554,1758146977554,16.85699987411499,16857
802.6374,504.06595,805.4579,801.8315,1758146977.555,1758146977555,16.85800004005432,16858
692.6374,547.1795,805.4579,706.7399,1758146977.555,1758146977555,16.85800004005432,16858
819.9634,990.40295,815.5311,787.72894,1758146977.581,1758146977581,16.884000062942505,16884
956.55676,1123.37,819.5604,901.75824,1758146977.581,1758146977581,16.884000062942505,16884
840.9158,679.34064,814.3223,836.08057,1758146977.582,1758146977582,16.884999990463257,16885
686.99634,512.52747,805.05493,707.1429,1758146977.582,1758146977582,16.884999990463257,16885
766.3736,965.0183,803.8461,740.989,1758146977.582,1758146977582,16.884999990463257,16885
931.1722,1231.3553,810.696,871.53845,1758146977.583,1758146977583,16.88599991798401,16886
888.0586,792.96704,811.9048,868.71796,1758146977.583,1758146977583,16.88599991798401,16886
721.2454,404.94507,805.05493,738.97437,1758146977.583,1758146977583,16.88599991798401,16886
732.1245,660.40295,803.44324,718.022,1758146977.584,1758146977584,16.88700008392334,16887
896.9231,1017.8022,810.293,842.52747,1758146977.584,1758146977584,16.88700008392334,16887
931.5751,886.8498,814.3223,897.326,1758146977.584,1758146977584,16.88700008392334,16887
762.74725,557.25275,805.05493,772.01465,1758146977.585,1758146977585,16.888000011444092,16888
691.4286,689.81683,795.78754,693.0403,1758146977.638,1758146977638,16.94099998474121,16941
841.31866,1046.8132,801.8315,796.99634,1758146977.638,1758146977638,16.94099998474121,16941
943.663,994.83514,809.4872,892.0879,1758146977.639,1758146977639,16.941999912261963,16942
804.65204,618.49817,805.4579,800.6227,1758146977.639,1758146977639,16.941999912261963,16942
678.1319,616.4835,798.20514,691.02563,1758146977.64,1758146977640,16.943000078201294,16943
791.3553,1058.4982,803.44324,764.7619,1758146977.64,1758146977640,16.943000078201294,16943
942.0513,1068.9744,812.71063,891.685,1758146977.642,1758146977642,16.944999933242798,16945
846.55676,558.86444,807.0696,837.6923,1758146977.642,1758146977642,16.944999933242798,16945
684.57874,546.77655,795.38464,705.12823,1758146977.643,1758146977643,16.94599986076355,16946
745.42126,822.381,794.17584,728.0952,1758146977.643,1758146977643,16.94599986076355,16946
910.2198,1117.7289,802.23444,859.45056,1758146977.643,1758146977643,16.94599986076355,16946
886.8498,823.9927,804.2491,865.89746,1758146977.644,1758146977644,16.94700002670288,16947
720.0366,475.05493,795.78754,738.97437,1758146977.674,1758146977674,16.97699999809265,16977
707.9487,771.2088,795.78754,703.1135,1758146977.675,1758146977675,16.977999925613403,16978
875.16486,1023.0403,806.6667,824.3956,1758146977.675,1758146977675,16.977999925613403,16978
931.5751,875.56775,812.3077,890.4762,1758146977.676,1758146977676,16.979000091552734,16979
768.3883,642.674,807.8755,775.2381,1758146977.676,1758146977676,16.979000091552734,16979
679.7436,741.79486,802.6374,694.2491,1758146977.676,1758146977676,16.979000091552734,16979
814.3223,956.55676,803.8461,786.52014,1758146977.676,1758146977676,16.979000091552734,16979
933.1868,911.8315,814.3223,893.69965,1758146977.677,1758146977677,16.980000019073486,16980
805.05493,595.12823,809.0842,817.5458,1758146977.677,1758146977677,16.980000019073486,16980
672.0879,604.3956,800.2198,706.7399,1758146977.677,1758146977677,16.980000019073486,16980
774.83514,893.2967,805.4579,763.95605,1758146977.678,1758146977678,16.98099994659424,16981
918.2784,1011.3553,812.3077,883.22345,1758146977.678,1758146977678,16.98099994659424,16981
845.7509,726.4835,815.9341,855.42126,1758146977.706,1758146977706,17.009000062942505,17009
691.4286,560.4762,804.65204,733.3333,1758146977.707,1758146977707,17.009999990463257,17010
722.0513,863.0769,795.38464,732.1245,1758146977.707,1758146977707,17.009999990463257,17010
882.8205,961.39197,811.0989,857.03296,1758146977.707,1758146977707,17.009999990463257,17010
894.5055,814.3223,817.9487,886.04395,1758146977.707,1758146977707,17.009999990463257,17010
726.4835,663.22345,808.2784,762.3443,1758146977.708,1758146977708,17.01099991798401,17011
683.7729,713.5897,799.41394,708.3516,1758146977.708,1758146977708,17.01099991798401,17011
845.34796,897.326,801.8315,813.91943,1758146977.708,1758146977708,17.01099991798401,17011
931.1722,973.47986,809.0842,897.72894,1758146977.71,1758146977710,17.013000011444092,17013
778.86444,620.9158,805.8608,799.81683,1758146977.71,1758146977710,17.013000011444092,17013
675.7143,562.49084,797.8022,703.91943,1758146977.71,1758146977710,17.013000011444092,17013
814.3223,947.28937,799.011,788.93774,1758146977.711,1758146977711,17.013999938964844,17014
938.4249,957.3626,807.8755,894.90845,1758146977.768,1758146977768,17.07099986076355,17071
818.3516,678.5348,811.0989,830.84247,1758146977.769,1758146977769,17.07200002670288,17072
679.7436,584.65204,807.0696,717.2161,1758146977.769,1758146977769,17.07200002670288,17072
768.3883,845.34796,807.8755,759.12085,1758146977.77,1758146977770,17.072999954223633,17073
919.89014,1075.4213,817.1429,884.43225,1758146977.77,1758146977770,17.072999954223633,17073
869.5238,813.1135,819.5604,870.32965,1758146977.77,1758146977770,17.072999954223633,17073
713.1868,641.4652,810.696,749.0476,1758146977.771,1758146977771,17.073999881744385,17074
725.6777,786.9231,805.8608,739.3773,1758146977.771,1758146977771,17.073999881744385,17074
887.25275,915.05493,809.0842,855.82416,1758146977.771,1758146977771,17.073999881744385,17074
910.2198,857.03296,811.50183,894.90845,1758146977.772,1758146977772,17.075000047683716,17075
742.1978,604.7985,805.05493,776.04395,1758146977.772,1758146977772,17.075000047683716,17075
685.78754,689.41394,800.6227,709.15753,1758146977.772,1758146977772,17.075000047683716,17075
834.87177,989.59705,806.26373,811.0989,1758146977.811,1758146977811,17.11400008201599,17114
931.1722,983.1502,813.1135,904.57874,1758146977.811,1758146977811,17.11400008201599,17114
788.93774,676.9231,808.2784,814.7253,1758146977.812,1758146977812,17.115000009536743,17115
672.49084,575.78754,804.65204,711.1722,1758146977.812,1758146977812,17.115000009536743,17115
796.5934,952.52747,812.3077,785.31134,1758146977.813,1758146977813,17.115999937057495,17116
943.663,1176.9597,822.381,911.4286,1758146977.813,1758146977813,17.115999937057495,17116
836.08057,649.92676,822.381,856.2271,1758146977.813,1758146977813,17.115999937057495,17116
682.96704,488.35165,811.9048,730.9158,1758146977.814,1758146977814,17.116999864578247,17117
754.68866,914.65204,807.47253,756.30035,1758146977.814,1758146977814,17.116999864578247,17117
907.8022,1007.326,809.0842,875.56775,1758146977.814,1758146977814,17.116999864578247,17117
875.16486,678.93774,813.1135,878.3883,1758146977.816,1758146977816,17.11899995803833,17119
709.9634,494.3956,809.0842,752.674,1758146977.816,1758146977816,17.11899995803833,17119
703.91943,813.91943,803.0403,718.8278,1758146977.875,1758146977875,17.17799997329712,17178
861.4652,1074.6154,806.6667,836.08057,1758146977.876,1758146977876,17.17899990081787,17179
907.8022,914.2491,811.0989,895.31134,1758146977.876,1758146977876,17.17899990081787,17179
750.65936,556.4469,804.2491,776.8498,1758146977.877,1758146977877,17.180000066757202,17180
676.9231,693.0403,799.41394,699.4872,1758146977.877,1758146977877,17.180000066757202,17180
817.9487,1087.9121,804.65204,800.2198,1758146977.877,1758146977877,17.180000066757202,17180
925.12823,948.49817,815.12823,901.75824,1758146977.878,1758146977878,17.180999994277954,17181
791.75824,512.1245,813.5165,816.337,1758146977.878,1758146977878,17.180999994277954,17181
670.07324,639.85345,801.4286,705.9341,1758146977.878,1758146977878,17.180999994277954,17181
772.4176,1010.54944,801.8315,763.1502,1758146977.879,1758146977879,17.181999921798706,17182
917.8755,1041.978,811.50183,882.4176,1758146977.879,1758146977879,17.181999921798706,17182
844.94507,613.663,809.4872,845.34796,1758146977.879,1758146977879,17.181999921798706,17182
695.05493,632.1978,803.44324,724.0659,1758146977.921,1758146977921,17.223999977111816,17224
737.76556,946.4835,802.6374,733.3333,1758146977.922,1758146977922,17.22499990463257,17225
886.4469,989.59705,804.2491,846.9597,1758146977.922,1758146977922,17.22499990463257,17225
873.5531,772.8205,806.6667,870.7326,1758146977.922,1758146977922,17.22499990463257,17225
713.9927,588.68134,802.23444,759.5238,1758146977.923,1758146977923,17.2260000705719,17226
691.4286,819.9634,800.2198,712.381,1758146977.923,1758146977923,17.2260000705719,17226
842.1245,1019.81683,805.4579,816.337,1758146977.923,1758146977923,17.2260000705719,17226
902.5641,855.0183,810.293,892.0879,1758146977.924,1758146977924,17.22699999809265,17227
758.315,648.71796,807.0696,797.8022,1758146977.924,1758146977924,17.22699999809265,17227
669.67035,581.8315,802.23444,711.5751,1758146977.924,1758146977924,17.22699999809265,17227
795.38464,904.17584,798.20514,785.7143,1758146977.925,1758146977925,17.227999925613403,17228
916.6667,991.2088,801.8315,889.2674,1758146977.925,1758146977925,17.227999925613403,17228
805.05493,601.1722,804.2491,822.7839,1758146977.972,1758146977972,17.274999856948853,17275
675.31134,630.58606,801.02563,708.3516,1758146977.973,1758146977973,17.276000022888184,17276
759.5238,948.49817,804.2491,754.2857,1758146977.973,1758146977973,17.276000022888184,17276
908.20514,1079.8535,811.0989,873.5531,1758146977.974,1758146977974,17.276999950408936,17277
850.18317,820.7692,813.5165,857.8388,1758146977.974,1758146977974,17.276999950408936,17277
692.6374,574.9817,806.26373,740.18317,1758146977.974,1758146977974,17.276999950408936,17277
718.8278,791.75824,801.8315,730.9158,1758146977.975,1758146977975,17.277999877929688,17278
872.74725,910.6227,805.4579,839.304,1758146977.975,1758146977975,17.277999877929688,17278
889.67035,794.57874,811.9048,880.40295,1758146977.975,1758146977975,17.277999877929688,17278
736.9597,635.82416,805.4579,771.2088,1758146977.976,1758146977976,17.27900004386902,17279
692.23444,746.2271,799.41394,711.5751,1758146977.976,1758146977976,17.27900004386902,17279
834.87177,936.8132,803.0403,813.1135,1758146977.977,1758146977977,17.27999997138977,17280
915.4579,966.2271,804.2491,890.4762,1758146978.005,1758146978005,17.308000087738037,17308
778.86444,704.3223,803.0403,801.8315,1758146978.006,1758146978006,17.30900001525879,17309
672.49084,593.5165,801.4286,708.3516,1758146978.006,1758146978006,17.30900001525879,17309
784.5055,875.9707,802.23444,766.77655,1758146978.006,1758146978006,17.30900001525879,17309
915.4579,1119.7435,807.8755,872.3443,1758146978.007,1758146978007,17.30999994277954,17310
825.6044,816.337,811.0989,830.0366,1758146978.007,1758146978007,17.30999994277954,17310
686.1905,514.5421,807.0696,722.0513,1758146978.007,1758146978007,17.30999994277954,17310
752.674,815.5311,799.011,742.6007,1758146978.008,1758146978008,17.310999870300293,17311
907.8022,1091.1355,804.2491,858.24176,1758146978.008,1758146978008,17.310999870300293,17311
868.315,685.78754,808.68134,860.65936,1758146978.008,1758146978008,17.310999870300293,17311
710.3663,518.5714,802.23444,743.8095,1758146978.009,1758146978009,17.312000036239624,17312
719.6337,823.5897,801.8315,723.2601,1758146978.009,1758146978009,17.312000036239624,17312
875.56775,982.3443,803.8461,830.84247,1758146978.032,1758146978032,17.335000038146973,17335
915.4579,898.5348,808.68134,882.4176,1758146978.032,1758146978032,17.335000038146973,17335
765.56775,572.1612,803.8461,783.69965,1758146978.034,1758146978034,17.336999893188477,17337
693.44324,631.39197,792.5641,709.9634,1758146978.034,1758146978034,17.336999893188477,17337
830.0366,1060.9158,798.60803,795.78754,1758146978.034,1758146978034,17.336999893188477,17337
927.1429,1055.2748,802.23444,888.0586,1758146978.035,1758146978035,17.338000059127808,17338
790.54944,651.13556,794.9817,805.4579,1758146978.035,1758146978035,17.338000059127808,17338
672.8938,548.7912,791.3553,701.0989,1758146978.035,1758146978035,17.338000059127808,17338
776.04395,878.7912,791.75824,756.7033,1758146978.036,1758146978036,17.33899998664856,17339
912.6374,1089.9268,799.81683,870.7326,1758146978.036,1758146978036,17.33899998664856,17339
828.022,762.74725,805.05493,834.87177,1758146978.036,1758146978036,17.33899998664856,17339
685.38464,544.7619,802.6374,723.663,1758146978.037,1758146978037,17.33999991416931,17340
739.7802,800.2198,801.8315,742.1978,1758146978.082,1758146978082,17.384999990463257,17385
890.07324,1037.1428,808.68134,860.2564,1758146978.083,1758146978083,17.38599991798401,17386
867.9121,770.80585,813.91943,870.32965,1758146978.083,1758146978083,17.38599991798401,17386
707.1429,543.95605,801.02563,750.65936,1758146978.083,1758146978083,17.38599991798401,17386
697.0696,829.6337,792.1612,717.2161,1758146978.084,1758146978084,17.38700008392334,17387
855.42126,1116.5201,803.44324,832.8571,1758146978.084,1758146978084,17.38700008392334,17387
906.5934,885.64105,813.5165,892.8938,1758146978.084,1758146978084,17.38700008392334,17387
748.6447,590.293,804.65204,781.28204,1758146978.085,1758146978085,17.388000011444092,17388
666.8498,624.1392,793.36993,704.3223,1758146978.085,1758146978085,17.388000011444092,17388
807.47253,865.89746,794.9817,799.81683,1758146978.085,1758146978085,17.388000011444092,17388
923.1135,971.8681,803.44324,896.9231,1758146978.086,1758146978086,17.388999938964844,17389
798.20514,632.6007,805.4579,820.3663,1758146978.086,1758146978086,17.388999938964844,17389
