unix_sec,unix_ms,rel_sec,rel_ms,TP9,TP10,AF7,AF8
1758146960.702,1758146960702,0.004999876022338867,5,810.696,792.1612,892.0879,800.6227
1758146960.702,1758146960702,0.004999876022338867,5,913.8461,884.43225,959.3773,806.6667
1758146960.703,1758146960703,0.006000041961669922,6,813.91943,827.619,759.92676,805.4579
1758146960.704,1758146960704,0.006999969482421875,7,705.5311,732.52747,737.3626,801.8315
1758146960.704,1758146960704,0.006999969482421875,7,785.7143,774.0293,926.337,801.8315
1758146960.704,1758146960704,0.006999969482421875,7,908.60803,871.53845,965.42126,806.26373
1758146960.705,1758146960705,0.007999897003173828,8,847.3626,856.2271,762.74725,809.4872
1758146960.705,1758146960705,0.007999897003173828,8,710.3663,754.2857,599.15753,802.23444
1758146960.706,1758146960706,0.009000062942504883,9,739.3773,746.2271,813.1135,796.1905
1758146960.707,1758146960707,0.009999990463256836,10,879.59705,845.7509,883.6264,801.4286
1758146960.707,1758146960707,0.009999990463256836,10,881.2088,876.3736,801.8315,807.47253
1758146960.707,1758146960707,0.009999990463256836,10,743.4066,777.6557,701.9048,804.65204
1758146960.739,1758146960739,0.04200005531311035,42,711.1722,730.9158,744.61536,799.011
1758146960.739,1758146960739,0.04200005531311035,42,836.8865,825.2015,911.4286,804.2491
1758146960.74,1758146960740,0.042999982833862305,43,896.1172,888.0586,892.8938,811.0989
1758146960.74,1758146960740,0.042999982833862305,43,774.83514,803.44324,674.90845,808.68134
1758146960.74,1758146960740,0.042999982833862305,43,691.4286,722.4542,724.4689,803.0403
1758146960.741,1758146960741,0.04399991035461426,44,794.17584,786.9231,958.97437,802.23444
1758146960.741,1758146960741,0.04399991035461426,44,899.34064,877.98535,902.5641,808.2784
1758146960.741,1758146960741,0.04399991035461426,44,802.23444,825.6044,737.76556,804.65204
1758146960.741,1758146960741,0.04399991035461426,44,680.54944,734.1392,672.0879,793.7729
1758146960.742,1758146960742,0.04500007629394531,45,747.8388,760.7326,774.83514,792.96704
1758146960.742,1758146960742,0.04500007629394531,45,886.04395,857.03296,915.4579,799.011
1758146960.742,1758146960742,0.04500007629394531,45,851.39197,853.00366,813.5165,803.0403
1758146960.766,1758146960766,0.0690000057220459,69,712.381,750.65936,690.6227,801.4286
1758146960.767,1758146960767,0.06999993324279785,70,725.6777,736.55676,757.1062,798.20514
1758146960.767,1758146960767,0.06999993324279785,70,869.12085,837.6923,911.4286,803.44324
1758146960.767,1758146960767,0.06999993324279785,70,885.64105,879.19415,830.84247,809.4872
1758146960.768,1758146960768,0.0709998607635498,71,753.47986,786.1172,726.08057,806.26373
1758146960.768,1758146960768,0.0709998607635498,71,709.5604,728.0952,829.2308,799.011
1758146960.768,1758146960768,0.0709998607635498,71,827.619,805.8608,883.22345,796.5934
1758146960.769,1758146960769,0.07200002670288086,72,904.17584,881.6117,878.7912,801.8315
1758146960.769,1758146960769,0.07200002670288086,72,787.326,806.6667,771.6117,802.23444
1758146960.769,1758146960769,0.07200002670288086,72,687.3993,717.619,643.47986,793.7729
1758146960.771,1758146960771,0.07399988174438477,74,784.90845,781.28204,875.56775,798.20514
1758146960.771,1758146960771,0.07399988174438477,74,900.14655,874.7619,956.9597,804.2491
1758146960.792,1758146960792,0.09500002861022949,95,816.337,831.6484,724.4689,802.6374
1758146960.793,1758146960793,0.09599995613098145,96,694.2491,738.97437,687.8022,799.41394
1758146960.793,1758146960793,0.09599995613098145,96,751.06226,755.89746,827.619,799.81683
1758146960.794,1758146960794,0.0969998836517334,97,887.6557,853.8095,887.25275,808.2784
1758146960.794,1758146960794,0.0969998836517334,97,859.45056,862.674,805.8608,813.1135
1758146960.794,1758146960794,0.0969998836517334,97,721.6484,766.77655,759.12085,808.2784
1758146960.795,1758146960795,0.09800004959106445,98,718.8278,737.76556,780.07324,804.2491
1758146960.795,1758146960795,0.09800004959106445,98,850.18317,827.619,862.674,808.2784
1758146960.795,1758146960795,0.09800004959106445,98,884.0293,878.7912,850.58606,811.50183
1758146960.796,1758146960796,0.0989999771118164,99,750.2564,790.9524,725.6777,805.4579
1758146960.796,1758146960796,0.0989999771118164,99,695.4579,726.4835,708.7546,799.41394
1758146960.796,1758146960796,0.0989999771118164,99,821.1722,799.011,849.3773,802.23444
1758146960.862,1758146960862,0.16499996185302734,165,913.8461,884.43225,926.7399,809.4872
1758146960.863,1758146960863,0.1659998893737793,166,805.05493,822.381,745.42126,809.89014
1758146960.863,1758146960863,0.1659998893737793,166,706.7399,732.1245,712.381,806.26373
1758146960.863,1758146960863,0.1659998893737793,166,790.9524,774.83514,823.1868,801.8315
1758146960.864,1758146960864,0.16700005531311035,167,906.5934,866.7033,919.0842,804.2491
1758146960.864,1758146960864,0.16700005531311035,167,840.5128,838.0952,864.68866,805.8608
1758146960.864,1758146960864,0.16700005531311035,167,712.7839,739.3773,693.44324,800.6227
1758146960.865,1758146960865,0.1679999828338623,168,753.0769,740.58606,789.34064,795.78754
1758146960.865,1758146960865,0.1679999828338623,168,884.0293,839.707,934.7985,797.3993
1758146960.865,1758146960865,0.1679999828338623,168,873.1502,863.8828,779.67035,802.23444
1758146960.866,1758146960866,0.16899991035461426,169,736.55676,762.3443,653.95605,799.41394
1758146960.866,1758146960866,0.16899991035461426,169,722.0513,722.0513,724.87177,795.38464
1758146960.89,1758146960890,0.19300007820129395,193,852.1978,810.696,911.4286,797.8022
1758146960.89,1758146960890,0.19300007820129395,193,896.1172,873.5531,920.696,805.05493
1758146960.891,1758146960891,0.1940000057220459,194,766.3736,795.78754,729.304,807.0696
1758146960.891,1758146960891,0.1940000057220459,194,692.6374,727.28937,688.60803,804.65204
1758146960.891,1758146960891,0.1940000057220459,194,803.44324,794.57874,891.28204,804.2491
1758146960.892,1758146960892,0.19499993324279785,195,904.17584,877.98535,1003.2967,805.05493
1758146960.892,1758146960892,0.19499993324279785,195,805.05493,823.1868,790.9524,806.6667
1758146960.892,1758146960892,0.19499993324279785,195,688.20514,728.0952,591.50183,802.6374
1758146960.893,1758146960893,0.1959998607635498,196,765.56775,762.3443,771.2088,799.81683
1758146960.893,1758146960893,0.1959998607635498,196,892.8938,863.8828,937.619,808.68134
1758146960.893,1758146960893,0.1959998607635498,196,836.4835,845.34796,766.77655,811.0989
1758146960.894,1758146960894,0.19700002670288086,197,703.91943,743.00366,653.1502,803.0403
1758146960.949,1758146960949,0.2519998550415039,252,732.1245,742.1978,799.011,799.011
1758146960.95,1758146960950,0.25300002098083496,253,868.71796,840.10986,920.696,803.0403
1758146960.95,1758146960950,0.25300002098083496,253,880.0,868.71796,867.50916,804.65204
1758146960.951,1758146960951,0.2539999485015869,254,742.6007,770.80585,710.3663,797.8022
1758146960.951,1758146960951,0.2539999485015869,254,705.9341,720.4396,738.5714,793.36993
1758146960.951,1758146960951,0.2539999485015869,254,842.1245,809.0842,999.2674,799.81683
1758146960.952,1758146960952,0.25499987602233887,255,909.81683,876.77655,947.6923,803.8461
1758146960.952,1758146960952,0.25499987602233887,255,776.4469,791.3553,623.73627,795.38464
1758146960.952,1758146960952,0.25499987602233887,255,693.8461,716.4103,732.1245,793.7729
1758146960.953,1758146960953,0.2560000419616699,256,799.011,785.31134,861.8681,798.60803
1758146960.953,1758146960953,0.2560000419616699,256,904.17584,875.16486,862.27106,800.6227
1758146960.953,1758146960953,0.2560000419616699,256,813.91943,820.3663,742.6007,799.81683
1758146961.018,1758146961018,0.3209998607635498,321,695.8608,724.0659,695.05493,794.9817
1758146961.018,1758146961018,0.3209998607635498,321,768.7912,757.9121,849.7802,794.57874
1758146961.02,1758146961020,0.3229999542236328,323,900.9524,855.42126,944.87177,799.41394
1758146961.02,1758146961020,0.3229999542236328,323,860.65936,852.6007,813.1135,802.23444
1758146961.021,1758146961021,0.32399988174438477,324,726.4835,748.24176,676.1172,799.011
1758146961.021,1758146961021,0.32399988174438477,324,736.9597,729.707,832.8571,794.9817
1758146961.021,1758146961021,0.32399988174438477,324,872.3443,829.6337,931.1722,799.41394
1758146961.022,1758146961022,0.3250000476837158,325,893.69965,871.53845,775.2381,805.05493
1758146961.022,1758146961022,0.3250000476837158,325,752.674,775.64105,671.685,797.8022
1758146961.022,1758146961022,0.3250000476837158,325,695.05493,718.8278,724.87177,794.57874
1758146961.022,1758146961022,0.3250000476837158,325,815.9341,801.4286,870.7326,802.6374
1758146961.023,1758146961023,0.3259999752044678,326,897.72894,876.3736,896.1172,809.89014
1758146961.025,1758146961025,0.3280000686645508,328,782.8938,803.0403,786.9231,808.68134
1758146961.025,1758146961025,0.3280000686645508,328,684.17584,714.7985,733.3333,803.0403
1758146961.026,1758146961026,0.32899999618530273,329,777.6557,769.19415,814.3223,803.8461
1758146961.026,1758146961026,0.32899999618530273,329,894.10254,863.0769,880.40295,809.89014
1758146961.026,1758146961026,0.32899999618530273,329,811.50183,818.7546,796.5934,805.8608
1758146961.027,1758146961027,0.3299999237060547,330,685.78754,724.4689,756.7033,801.4286
1758146961.027,1758146961027,0.3299999237060547,330,739.7802,748.6447,844.1392,803.0403
1758146961.027,1758146961027,0.3299999237060547,330,870.7326,848.97437,931.978,809.0842
1758146961.028,1758146961028,0.33100008964538574,331,850.18317,855.82416,812.3077,811.0989
1758146961.028,1758146961028,0.33100008964538574,331,714.7985,754.68866,607.619,803.0403
1758146961.028,1758146961028,0.33100008964538574,331,707.5458,722.4542,715.2015,797.3993
1758146961.029,1758146961029,0.3320000171661377,332,843.73627,818.7546,911.4286,798.20514
1758146961.082,1758146961082,0.38499999046325684,385,889.67035,873.1502,863.8828,805.8608
1758146961.083,1758146961083,0.3859999179840088,386,766.3736,788.5348,717.619,805.8608
1758146961.083,1758146961083,0.3859999179840088,386,703.1135,730.5128,715.2015,796.99634
1758146961.084,1758146961084,0.38700008392333984,387,817.5458,804.65204,840.9158,800.2198
1758146961.085,1758146961085,0.3880000114440918,388,917.0696,883.6264,974.2857,809.89014
1758146961.085,1758146961085,0.3880000114440918,388,807.8755,816.7399,779.67035,804.65204
1758146961.086,1758146961086,0.38899993896484375,389,695.05493,724.4689,645.09155,799.011
1758146961.086,1758146961086,0.38899993896484375,389,782.49084,770.0,772.01465,801.4286
1758146961.086,1758146961086,0.38899993896484375,389,905.78754,865.4945,884.0293,805.8608
1758146961.087,1758146961087,0.3899998664855957,390,844.1392,835.6777,775.2381,804.2491
1758146961.087,1758146961087,0.3899998664855957,390,715.6044,732.9304,657.98535,797.8022
1758146961.087,1758146961087,0.3899998664855957,390,762.3443,746.2271,803.8461,801.8315
1758146961.116,1758146961116,0.41899991035461426,419,911.02563,857.03296,961.79486,807.8755
1758146961.116,1758146961116,0.41899991035461426,419,898.5348,878.3883,861.06226,808.68134
1758146961.117,1758146961117,0.4200000762939453,420,743.8095,780.87915,690.2198,802.6374
1758146961.117,1758146961117,0.4200000762939453,420,703.5165,739.3773,696.26373,799.41394
1758146961.117,1758146961117,0.4200000762939453,420,829.6337,833.2601,932.381,807.0696
1758146961.118,1758146961118,0.42100000381469727,421,891.28204,903.36993,992.4176,816.7399
1758146961.118,1758146961118,0.42100000381469727,421,760.32965,813.1135,698.68134,814.7253
1758146961.118,1758146961118,0.42100000381469727,421,683.7729,729.707,630.18317,805.05493
1758146961.119,1758146961119,0.4219999313354492,422,804.65204,796.99634,855.42126,801.8315
1758146961.119,1758146961119,0.4219999313354492,422,907.3993,877.1795,877.1795,801.02563
1758146961.12,1758146961120,0.42299985885620117,423,803.44324,814.3223,737.76556,799.41394
1758146961.12,1758146961120,0.42299985885620117,423,687.3993,714.7985,676.52014,790.9524
1758146961.176,1758146961176,0.4790000915527344,479,763.5531,753.0769,851.39197,785.31134
1758146961.177,1758146961177,0.48000001907348633,480,890.87915,855.0183,968.6447,792.5641
1758146961.177,1758146961177,0.48000001907348633,480,842.9304,840.5128,811.0989,795.38464
1758146961.177,1758146961177,0.48000001907348633,480,705.9341,738.5714,677.326,790.9524
1758146961.178,1758146961178,0.4809999465942383,481,730.9158,736.1539,838.9011,791.3553
1758146961.178,1758146961178,0.4809999465942383,481,875.9707,838.9011,996.8498,795.38464
1758146961.179,1758146961179,0.48199987411499023,482,879.19415,865.89746,880.0,801.8315
1758146961.18,1758146961180,0.4830000400543213,483,735.7509,766.3736,647.1062,798.20514
1758146961.18,1758146961180,0.4830000400543213,483,697.0696,714.3956,695.4579,792.5641
1758146961.18,1758146961180,0.4830000400543213,483,828.8278,808.2784,899.34064,798.60803
1758146961.181,1758146961181,0.48399996757507324,484,900.9524,877.5824,924.7253,801.02563
1758146961.181,1758146961181,0.48399996757507324,484,774.43225,794.17584,731.31866,798.20514
1758146961.217,1758146961217,0.5199999809265137,520,680.9524,712.381,639.0476,790.54944
1758146961.218,1758146961218,0.5209999084472656,521,785.7143,773.22345,895.7143,790.54944
1758146961.219,1758146961219,0.5220000743865967,522,901.75824,864.68866,984.35895,801.4286
1758146961.219,1758146961219,0.5220000743865967,522,810.293,818.3516,727.28937,800.2198
1758146961.22,1758146961220,0.5230000019073486,523,685.38464,723.2601,666.8498,793.36993
1758146961.22,1758146961220,0.5230000019073486,523,754.68866,754.68866,931.5751,793.36993
1758146961.221,1758146961221,0.5239999294281006,524,898.1319,857.03296,959.7802,801.8315
1758146961.221,1758146961221,0.5239999294281006,524,861.4652,850.989,745.0183,805.05493
1758146961.222,1758146961222,0.5249998569488525,525,720.84247,749.85345,707.5458,800.6227
1758146961.222,1758146961222,0.5249998569488525,525,728.9011,731.7216,731.7216,797.3993
1758146961.223,1758146961223,0.5260000228881836,526,863.8828,830.0366,872.74725,798.20514
1758146961.223,1758146961223,0.5260000228881836,526,893.69965,879.19415,872.3443,802.23444
1758146961.266,1758146961266,0.5690000057220459,569,758.315,784.10254,716.8132,799.81683
1758146961.266,1758146961266,0.5690000057220459,569,695.4579,717.2161,726.4835,790.9524
1758146961.267,1758146961267,0.5699999332427979,570,819.5604,799.81683,938.8278,792.5641
1758146961.267,1758146961267,0.5699999332427979,570,909.81683,884.43225,909.81683,800.6227
1758146961.268,1758146961268,0.5709998607635498,571,788.5348,813.91943,686.5934,800.2198
1758146961.268,1758146961268,0.5709998607635498,571,686.5934,726.8865,743.4066,796.1905
1758146961.268,1758146961268,0.5709998607635498,571,788.5348,786.1172,901.3553,802.23444
1758146961.268,1758146961268,0.5709998607635498,571,902.5641,880.80585,862.27106,809.4872
1758146961.27,1758146961270,0.5729999542236328,573,820.3663,838.0952,732.52747,807.0696
1758146961.27,1758146961270,0.5729999542236328,573,695.05493,737.76556,695.05493,799.41394
1758146961.271,1758146961271,0.5739998817443848,574,742.6007,752.674,812.3077,797.8022
1758146961.271,1758146961271,0.5739998817443848,574,869.92676,852.6007,867.50916,803.8461
1758146961.322,1758146961322,0.625,625,848.5714,859.0476,805.8608,804.2491
1758146961.323,1758146961323,0.625999927520752,626,715.2015,758.315,718.022,799.41394
1758146961.323,1758146961323,0.625999927520752,626,707.9487,731.31866,760.7326,796.5934
1758146961.323,1758146961323,0.625999927520752,626,839.304,823.9927,904.17584,796.99634
1758146961.324,1758146961324,0.6269998550415039,627,886.04395,880.0,905.78754,805.05493
1758146961.324,1758146961324,0.6269998550415039,627,759.5238,792.96704,783.2967,806.6667
1758146961.324,1758146961324,0.6269998550415039,627,687.3993,717.2161,734.94507,798.20514
1758146961.325,1758146961325,0.628000020980835,628,803.0403,789.34064,845.34796,798.60803
1758146961.325,1758146961325,0.628000020980835,628,900.9524,875.56775,881.6117,803.0403
1758146961.325,1758146961325,0.628000020980835,628,793.36993,812.71063,673.69965,803.44324
1758146961.326,1758146961326,0.6289999485015869,629,691.02563,724.87177,659.59705,799.81683
1758146961.326,1758146961326,0.6289999485015869,629,769.59705,768.3883,834.87177,796.99634
1758146961.393,1758146961393,0.6959998607635498,696,890.4762,867.50916,943.2601,799.41394
1758146961.394,1758146961394,0.6970000267028809,697,834.4689,843.73627,773.6264,804.65204
1758146961.395,1758146961395,0.6979999542236328,698,703.5165,741.79486,643.47986,803.44324
1758146961.395,1758146961395,0.6979999542236328,698,736.9597,743.00366,750.65936,799.81683
1758146961.396,1758146961396,0.6989998817443848,699,876.77655,846.9597,959.7802,805.4579
1758146961.396,1758146961396,0.6989998817443848,699,876.3736,874.35895,931.978,811.9048
1758146961.397,1758146961397,0.7000000476837158,700,738.5714,775.64105,701.9048,807.8755
1758146961.397,1758146961397,0.7000000476837158,700,715.2015,731.7216,667.6557,800.6227
1758146961.398,1758146961398,0.7009999752044678,701,845.34796,822.381,876.3736,799.81683
1758146961.398,1758146961398,0.7009999752044678,701,906.5934,888.86444,925.5311,806.26373
1758146961.401,1758146961401,0.7039999961853027,704,778.86444,802.23444,688.20514,806.6667
1758146961.401,1758146961401,0.7039999961853027,704,697.47253,722.8571,704.3223,801.8315
1758146961.442,1758146961442,0.744999885559082,745,811.9048,788.5348,877.1795,801.8315
1758146961.442,1758146961442,0.744999885559082,745,916.6667,880.80585,909.011,805.4579
1758146961.443,1758146961443,0.7460000514984131,746,817.1429,827.2161,731.7216,803.44324
1758146961.443,1758146961443,0.7460000514984131,746,702.71063,734.94507,645.89746,803.44324
1758146961.444,1758146961444,0.746999979019165,747,774.0293,773.22345,883.22345,805.8608
1758146961.444,1758146961444,0.746999979019165,747,902.96704,877.1795,1050.0366,810.293
1758146961.444,1758146961444,0.746999979019165,747,852.1978,865.89746,776.8498,812.3077
1758146961.444,1758146961444,0.746999979019165,747,710.7692,759.92676,592.3077,803.44324
1758146961.445,1758146961445,0.747999906539917,748,730.5128,750.65936,801.02563,799.81683
1758146961.445,1758146961445,0.747999906539917,748,870.7326,848.5714,888.0586,803.0403
1758146961.445,1758146961445,0.747999906539917,748,881.6117,879.19415,796.1905,806.6667
1758146961.446,1758146961446,0.749000072479248,749,738.5714,781.685,677.72894,805.4579
1758146961.489,1758146961489,0.7920000553131104,792,699.0842,729.707,792.1612,800.2198
1758146961.49,1758146961490,0.7929999828338623,793,831.6484,818.3516,935.6044,801.4286
1758146961.49,1758146961490,0.7929999828338623,793,901.3553,889.2674,863.0769,805.05493
1758146961.49,1758146961490,0.7929999828338623,793,776.04395,809.89014,688.20514,803.0403
1758146961.491,1758146961491,0.7939999103546143,794,689.011,725.6777,689.81683,799.41394
1758146961.491,1758146961491,0.7939999103546143,794,799.41394,792.1612,940.4396,805.05493
1758146961.492,1758146961492,0.7950000762939453,795,916.6667,886.8498,939.2308,813.91943
1758146961.492,1758146961492,0.7950000762939453,795,828.8278,839.304,703.5165,809.4872
1758146961.492,1758146961492,0.7950000762939453,795,701.9048,737.3626,619.707,800.2198
1758146961.493,1758146961493,0.7960000038146973,796,760.32965,763.1502,809.0842,799.81683
1758146961.493,1758146961493,0.7960000038146973,796,893.69965,871.9414,960.58606,806.26373
1758146961.493,1758146961493,0.7960000038146973,796,856.63007,870.32965,814.3223,806.6667
1758146961.546,1758146961546,0.8489999771118164,849,715.6044,766.3736,675.31134,802.6374
1758146961.547,1758146961547,0.8499999046325684,850,722.0513,746.2271,778.0586,802.6374
1758146961.547,1758146961547,0.8499999046325684,850,861.4652,839.707,910.6227,804.2491
1758146961.547,1758146961547,0.8499999046325684,850,893.69965,878.3883,860.65936,805.05493
1758146961.548,1758146961548,0.8510000705718994,851,761.13556,788.1319,770.40295,803.0403
1758146961.548,1758146961548,0.8510000705718994,851,695.05493,719.6337,749.85345,794.57874
1758146961.548,1758146961548,0.8510000705718994,851,804.2491,791.3553,853.00366,794.17584
1758146961.549,1758146961549,0.8519999980926514,852,892.0879,868.315,897.326,800.6227
1758146961.549,1758146961549,0.8519999980926514,852,782.0879,805.8608,747.4359,802.23444
1758146961.549,1758146961549,0.8519999980926514,852,674.5055,721.6484,610.84247,793.7729
1758146961.55,1758146961550,0.8529999256134033,853,769.59705,772.8205,840.9158,796.99634
1758146961.55,1758146961550,0.8529999256134033,853,896.9231,868.71796,929.15753,806.6667
1758146961.582,1758146961582,0.8849999904632568,885,824.3956,834.4689,770.40295,805.8608
1758146961.583,1758146961583,0.8859999179840088,886,697.47253,736.1539,696.26373,800.2198
1758146961.584,1758146961584,0.8870000839233398,887,737.76556,746.2271,788.5348,799.011
1758146961.584,1758146961584,0.8870000839233398,887,873.1502,845.7509,921.0989,805.05493
1758146961.585,1758146961585,0.8880000114440918,888,859.85345,859.45056,840.10986,808.2784
1758146961.585,1758146961585,0.8880000114440918,888,725.6777,767.5824,745.82416,801.4286
1758146961.586,1758146961586,0.8889999389648438,889,716.0073,731.31866,776.8498,792.5641
1758146961.587,1758146961587,0.8899998664855957,890,839.707,813.5165,814.7253,793.7729
1758146961.587,1758146961587,0.8899998664855957,890,882.8205,869.12085,810.293,796.5934
1758146961.588,1758146961588,0.8910000324249268,891,766.3736,790.54944,729.707,796.1905
1758146961.588,1758146961588,0.8910000324249268,891,701.9048,726.4835,718.022,797.3993
1758146961.589,1758146961589,0.8919999599456787,892,809.89014,796.99634,842.52747,802.23444
1758146961.592,1758146961592,0.8949999809265137,895,905.38464,881.6117,933.9927,806.6667
1758146961.593,1758146961593,0.8959999084472656,896,809.89014,826.0073,784.10254,805.8608
1758146961.595,1758146961595,0.8980000019073486,898,702.71063,732.1245,672.49084,796.1905
1758146961.595,1758146961595,0.8980000019073486,898,771.2088,767.98535,842.9304,792.96704
1758146961.595,1758146961595,0.8980000019073486,898,888.86444,862.27106,956.9597,799.81683
1758146961.596,1758146961596,0.8989999294281006,899,836.8865,845.34796,864.68866,800.6227
1758146961.596,1758146961596,0.8989999294281006,899,708.7546,746.63007,668.46155,797.8022
1758146961.597,1758146961597,0.8999998569488525,900,730.5128,739.3773,702.71063,794.17584
1758146961.597,1758146961597,0.8999998569488525,900,867.1062,840.9158,978.71796,800.2198
1758146961.597,1758146961597,0.8999998569488525,900,874.7619,871.53845,815.12823,809.4872
1758146961.598,1758146961598,0.9010000228881836,901,739.3773,774.0293,714.7985,803.44324
1758146961.598,1758146961598,0.9010000228881836,901,708.3516,724.0659,749.45056,797.8022
1758146961.627,1758146961627,0.9300000667572021,930,838.9011,805.05493,840.9158,799.81683
1758146961.627,1758146961627,0.9300000667572021,930,906.1905,871.13556,924.3223,803.0403
1758146961.627,1758146961627,0.9300000667572021,930,786.9231,792.96704,747.4359,803.8461
1758146961.628,1758146961628,0.9309999942779541,931,704.3223,714.3956,644.68866,801.02563
1758146961.628,1758146961628,0.9309999942779541,931,806.6667,778.0586,858.24176,801.4286
1758146961.628,1758146961628,0.9309999942779541,931,911.02563,864.2857,1042.381,805.05493
1758146961.629,1758146961629,0.931999921798706,932,824.3956,819.5604,764.7619,796.1905
1758146961.63,1758146961630,0.9330000877380371,933,716.4103,737.3626,568.5348,792.5641
1758146961.631,1758146961631,0.9340000152587891,934,766.77655,750.2564,830.0366,800.6227
1758146961.631,1758146961631,0.9340000152587891,934,880.80585,842.9304,985.16486,807.8755
1758146961.632,1758146961632,0.934999942779541,935,844.1392,843.3333,773.6264,810.293
1758146961.632,1758146961632,0.934999942779541,935,707.5458,736.1539,659.59705,807.0696
1758146961.698,1758146961698,1.000999927520752,1001,711.5751,714.7985,755.09155,804.2491
1758146961.699,1758146961699,1.001999855041504,1002,835.2747,805.4579,932.381,809.0842
1758146961.699,1758146961699,1.001999855041504,1002,852.1978,852.6007,917.8755,817.1429
1758146961.7,1758146961700,1.003000020980835,1003,712.381,753.0769,598.7546,811.9048
1758146961.701,1758146961701,1.003999948501587,1004,656.77655,686.99634,667.6557,806.6667
1758146961.701,1758146961701,1.003999948501587,1004,776.04395,767.5824,979.92676,809.89014
1758146961.702,1758146961702,1.0049998760223389,1005,848.97437,838.0952,889.67035,819.15753
1758146961.702,1758146961702,1.0049998760223389,1005,735.34796,766.77655,615.6777,820.3663
1758146961.702,1758146961702,1.0049998760223389,1005,639.0476,679.7436,679.34064,814.3223
1758146961.702,1758146961702,1.0049998760223389,1005,725.6777,731.31866,806.26373,811.0989
1758146961.703,1758146961703,1.00600004196167,1006,838.9011,827.619,884.43225,816.337
1758146961.703,1758146961703,1.00600004196167,1006,762.3443,788.1319,730.5128,821.1722
1758146961.729,1758146961729,1.0320000648498535,1032,642.674,693.8461,621.31866,816.7399
1758146961.729,1758146961729,1.0320000648498535,1032,692.6374,712.381,773.6264,815.5311
1758146961.73,1758146961730,1.0329999923706055,1033,818.7546,805.4579,907.3993,820.7692
1758146961.73,1758146961730,1.0329999923706055,1033,797.3993,814.3223,792.5641,821.978
1758146961.73,1758146961730,1.0329999923706055,1033,659.19415,718.022,682.5641,814.3223
1758146961.731,1758146961731,1.0339999198913574,1034,654.7619,691.4286,793.36993,810.293
1758146961.731,1758146961731,1.0339999198913574,1034,796.1905,789.7436,913.44324,814.3223
1758146961.731,1758146961731,1.0339999198913574,1034,834.87177,842.52747,827.2161,819.15753
1758146961.732,1758146961732,1.0350000858306885,1035,705.12823,756.30035,632.1978,815.9341
1758146961.732,1758146961732,1.0350000858306885,1035,653.95605,699.89014,655.16486,811.0989
1758146961.732,1758146961732,1.0350000858306885,1035,775.2381,778.46155,821.1722,811.0989
1758146961.733,1758146961733,1.0360000133514404,1036,871.9414,864.2857,880.40295,815.5311
1758146961.791,1758146961791,1.0939998626708984,1094,772.01465,806.6667,749.45056,813.1135
1758146961.792,1758146961792,1.0950000286102295,1095,668.86444,719.6337,678.1319,802.23444
1758146961.793,1758146961793,1.0959999561309814,1096,757.1062,766.3736,825.6044,801.8315
1758146961.793,1758146961793,1.0959999561309814,1096,881.2088,868.315,873.5531,808.68134
1758146961.793,1758146961793,1.0959999561309814,1096,810.293,839.707,771.6117,806.26373
1758146961.793,1758146961793,1.0959999561309814,1096,678.5348,738.5714,766.3736,797.8022
1758146961.795,1758146961795,1.0980000495910645,1098,724.4689,752.674,805.8608,798.60803
1758146961.795,1758146961795,1.0980000495910645,1098,863.0769,850.18317,879.59705,806.6667
1758146961.796,1758146961796,1.0989999771118164,1099,860.2564,859.45056,839.707,805.8608
1758146961.796,1758146961796,1.0989999771118164,1099,731.7216,761.9414,632.1978,796.5934
1758146961.797,1758146961797,1.0999999046325684,1100,709.9634,721.2454,624.1392,792.1612
1758146961.797,1758146961797,1.0999999046325684,1100,844.5421,813.91943,868.315,798.60803
1758146961.835,1758146961835,1.1380000114440918,1138,902.96704,887.6557,901.3553,807.0696
1758146961.835,1758146961835,1.1380000114440918,1138,773.6264,815.12823,718.8278,803.8461
1758146961.836,1758146961836,1.1389999389648438,1139,688.60803,745.0183,699.4872,799.81683
1758146961.836,1758146961836,1.1389999389648438,1139,784.90845,809.0842,819.5604,804.2491
1758146961.836,1758146961836,1.1389999389648438,1139,882.01465,887.25275,932.7839,805.8608
1758146961.837,1758146961837,1.1399998664855957,1140,794.17584,837.28937,823.9927,805.4579
1758146961.837,1758146961837,1.1399998664855957,1140,687.8022,745.82416,670.07324,801.02563
1758146961.837,1758146961837,1.1399998664855957,1140,759.12085,770.80585,739.3773,796.1905
1758146961.838,1758146961838,1.1410000324249268,1141,884.83514,866.7033,887.6557,803.44324
1758146961.838,1758146961838,1.1410000324249268,1141,839.304,856.2271,807.0696,809.0842
1758146961.838,1758146961838,1.1410000324249268,1141,711.978,761.9414,651.13556,802.23444
1758146961.839,1758146961839,1.1419999599456787,1142,733.73627,757.50916,737.76556,797.8022
1758146961.876,1758146961876,1.178999900817871,1179,866.30035,854.21246,955.7509,801.8315
1758146961.876,1758146961876,1.178999900817871,1179,877.1795,883.22345,860.2564,803.44324
1758146961.877,1758146961877,1.1800000667572021,1180,751.4652,791.75824,684.17584,797.8022
1758146961.877,1758146961877,1.1800000667572021,1180,720.4396,746.2271,718.022,791.75824
1758146961.877,1758146961877,1.1800000667572021,1180,839.304,824.3956,855.0183,792.96704
1758146961.878,1758146961878,1.180999994277954,1181,910.6227,892.49084,963.8095,798.60803
1758146961.878,1758146961878,1.180999994277954,1181,801.8315,813.5165,743.4066,794.17584
1758146961.878,1758146961878,1.180999994277954,1181,716.8132,729.707,651.53845,788.5348
1758146961.88,1758146961880,1.183000087738037,1183,816.337,787.72894,860.2564,790.54944
1758146961.88,1758146961880,1.183000087738037,1183,921.0989,871.9414,867.50916,793.7729
1758146961.881,1758146961881,1.184000015258789,1184,838.9011,830.84247,767.98535,799.81683
1758146961.881,1758146961881,1.184000015258789,1184,727.28937,744.61536,694.65204,799.011
1758146961.95,1758146961950,1.253000020980835,1253,783.69965,767.5824,797.3993,792.96704
1758146961.951,1758146961951,1.253999948501587,1254,900.54944,852.6007,921.0989,796.1905
1758146961.952,1758146961952,1.2549998760223389,1255,867.50916,850.18317,804.65204,801.8315
1758146961.952,1758146961952,1.2549998760223389,1255,740.989,759.92676,687.8022,802.23444
1758146961.953,1758146961953,1.25600004196167,1256,749.0476,740.989,807.0696,799.81683
1758146961.953,1758146961953,1.25600004196167,1256,875.9707,838.0952,923.91943,798.60803
1758146961.954,1758146961954,1.2569999694824219,1257,898.93774,879.59705,890.87915,800.2198
1758146961.955,1758146961955,1.2579998970031738,1258,768.7912,788.1319,648.71796,799.41394
1758146961.955,1758146961955,1.2579998970031738,1258,720.0366,732.1245,626.1539,795.78754
1758146961.956,1758146961956,1.2590000629425049,1259,840.9158,813.1135,878.3883,799.41394
1758146961.956,1758146961956,1.2590000629425049,1259,919.4872,895.7143,917.0696,807.47253
1758146961.957,1758146961957,1.2599999904632568,1260,806.6667,823.5897,749.45056,804.65204
1758146961.994,1758146961994,1.2969999313354492,1297,712.381,737.3626,690.2198,800.2198
1758146961.994,1758146961994,1.2969999313354492,1297,805.8608,790.9524,838.0952,801.8315
1758146961.995,1758146961995,1.2979998588562012,1298,917.8755,886.04395,935.2015,807.47253
1758146961.995,1758146961995,1.2979998588562012,1298,838.9011,850.18317,753.0769,808.68134
1758146961.995,1758146961995,1.2979998588562012,1298,711.1722,747.03296,705.9341,802.23444
1758146961.996,1758146961996,1.2990000247955322,1299,761.53845,761.13556,884.83514,798.60803
1758146961.996,1758146961996,1.2990000247955322,1299,894.10254,862.27106,929.15753,801.8315
1758146961.997,1758146961997,1.2999999523162842,1300,866.7033,871.13556,806.6667,803.0403
1758146961.997,1758146961997,1.2999999523162842,1300,726.08057,769.59705,693.44324,797.8022
1758146961.997,1758146961997,1.2999999523162842,1300,716.0073,734.1392,735.7509,791.3553
1758146961.999,1758146961999,1.3020000457763672,1302,847.76556,827.2161,862.674,796.5934
1758146961.999,1758146961999,1.3020000457763672,1302,889.2674,880.40295,865.4945,805.8608
1758146962.03,1758146962030,1.3329999446868896,1333,761.13556,795.38464,727.6923,803.8461
1758146962.03,1758146962030,1.3329999446868896,1333,700.293,734.1392,721.2454,802.23444
1758146962.031,1758146962031,1.3339998722076416,1334,814.3223,805.4579,882.4176,805.05493
1758146962.032,1758146962032,1.3350000381469727,1335,906.1905,887.6557,897.72894,807.47253
1758146962.032,1758146962032,1.3350000381469727,1335,803.8461,824.3956,755.09155,807.0696
1758146962.033,1758146962033,1.3359999656677246,1336,703.91943,733.3333,751.4652,799.41394
1758146962.033,1758146962033,1.3359999656677246,1336,788.93774,779.2674,863.0769,798.20514
1758146962.034,1758146962034,1.3369998931884766,1337,902.96704,876.3736,852.6007,805.4579
1758146962.034,1758146962034,1.3369998931884766,1337,832.0513,846.1539,739.7802,807.8755
1758146962.035,1758146962035,1.3380000591278076,1338,704.3223,743.4066,692.23444,799.81683
1758146962.035,1758146962035,1.3380000591278076,1338,740.18317,750.2564,824.7985,793.36993
1758146962.036,1758146962036,1.3389999866485596,1339,873.1502,852.1978,952.52747,797.8022
1758146962.077,1758146962077,1.3799998760223389,1380,876.77655,873.5531,829.2308,804.2491
1758146962.077,1758146962077,1.3799998760223389,1380,738.5714,775.2381,679.7436,799.41394
1758146962.078,1758146962078,1.38100004196167,1381,712.381,734.94507,753.0769,794.57874
1758146962.078,1758146962078,1.38100004196167,1381,843.3333,825.2015,855.42126,797.8022
1758146962.078,1758146962078,1.38100004196167,1381,904.9817,888.0586,884.83514,799.41394
1758146962.079,1758146962079,1.3819999694824219,1382,787.72894,806.6667,828.4249,799.41394
1758146962.079,1758146962079,1.3819999694824219,1382,711.978,734.94507,684.57874,795.38464
1758146962.079,1758146962079,1.3819999694824219,1382,817.5458,801.02563,829.6337,791.3553
1758146962.08,1758146962080,1.3829998970031738,1383,918.68134,887.6557,961.79486,799.41394
1758146962.08,1758146962080,1.3829998970031738,1383,821.978,833.663,705.9341,803.44324
1758146962.08,1758146962080,1.3829998970031738,1383,704.3223,736.55676,652.74725,797.3993
1758146962.081,1758146962081,1.3840000629425049,1384,779.67035,775.64105,835.6777,796.1905
1758146962.12,1758146962120,1.4229998588562012,1423,904.57874,879.59705,954.5421,803.8461
1758146962.12,1758146962120,1.4229998588562012,1423,857.03296,863.0769,819.15753,808.68134
1758146962.121,1758146962121,1.4240000247955322,1424,727.28937,757.9121,689.41394,805.05493
1758146962.121,1758146962121,1.4240000247955322,1424,748.6447,752.27106,744.21246,801.8315
1758146962.121,1758146962121,1.4240000247955322,1424,886.8498,854.21246,916.6667,805.8608
1758146962.121,1758146962121,1.4240000247955322,1424,896.1172,889.2674,915.8608,811.50183
1758146962.122,1758146962122,1.4249999523162842,1425,749.45056,786.9231,690.2198,805.4579
1758146962.122,1758146962122,1.4249999523162842,1425,707.1429,728.9011,689.011,799.011
1758146962.122,1758146962122,1.4249999523162842,1425,837.28937,819.15753,872.3443,806.26373
1758146962.123,1758146962123,1.4259998798370361,1426,909.81683,894.10254,915.8608,816.337
1758146962.123,1758146962123,1.4259998798370361,1426,790.14655,816.337,738.5714,812.3077
1758146962.123,1758146962123,1.4259998798370361,1426,700.293,732.1245,640.65936,810.696
1758146962.183,1758146962183,1.4860000610351562,1486,802.6374,791.3553,870.32965,812.71063
1758146962.184,1758146962184,1.4869999885559082,1487,914.2491,882.8205,963.8095,811.0989
1758146962.184,1758146962184,1.4869999885559082,1487,826.8132,835.6777,755.09155,806.6667
1758146962.184,1758146962184,1.4869999885559082,1487,702.3077,735.7509,643.8828,797.8022
1758146962.185,1758146962185,1.4879999160766602,1488,764.7619,761.53845,843.73627,792.96704
1758146962.185,1758146962185,1.4879999160766602,1488,900.14655,869.92676,1011.75824,801.8315
1758146962.185,1758146962185,1.4879999160766602,1488,865.09155,869.12085,826.8132,809.4872
1758146962.186,1758146962186,1.4890000820159912,1489,724.0659,753.8828,638.6447,801.4286
1758146962.186,1758146962186,1.4890000820159912,1489,726.08057,728.49817,740.58606,796.1905
1758146962.186,1758146962186,1.4890000820159912,1489,854.61536,829.2308,873.95605,799.81683
1758146962.186,1758146962186,1.4890000820159912,1489,882.4176,878.3883,836.4835,803.8461
1758146962.187,1758146962187,1.4900000095367432,1490,753.0769,781.685,692.23444,803.0403
1758146962.228,1758146962228,1.5309998989105225,1531,703.5165,719.6337,715.2015,799.011
1758146962.229,1758146962229,1.5320000648498535,1532,831.2454,808.68134,902.1612,801.4286
1758146962.23,1758146962230,1.5329999923706055,1533,912.23444,888.0586,917.47253,809.0842
1758146962.231,1758146962231,1.5339999198913574,1534,792.5641,809.89014,720.84247,807.8755
1758146962.231,1758146962231,1.5339999198913574,1534,693.8461,717.619,708.7546,801.8315
1758146962.231,1758146962231,1.5339999198913574,1534,793.7729,772.8205,934.3956,799.011
1758146962.232,1758146962232,1.5350000858306885,1535,915.8608,873.5531,964.21246,803.8461
1758146962.232,1758146962232,1.5350000858306885,1535,836.4835,832.8571,667.6557,806.6667
1758146962.232,1758146962232,1.5350000858306885,1535,709.15753,726.4835,664.83514,799.81683
1758146962.233,1758146962233,1.5360000133514404,1536,757.50916,747.03296,851.79486,799.41394
1758146962.233,1758146962233,1.5360000133514404,1536,889.67035,846.55676,869.92676,805.4579
1758146962.233,1758146962233,1.5360000133514404,1536,869.5238,850.58606,759.92676,807.47253
1758146962.26,1758146962260,1.562999963760376,1563,726.8865,751.4652,651.53845,799.81683
1758146962.261,1758146962261,1.563999891281128,1564,715.2015,728.49817,761.9414,796.1905
1758146962.261,1758146962261,1.563999891281128,1564,855.42126,826.8132,906.99634,802.6374
1758146962.261,1758146962261,1.563999891281128,1564,906.5934,881.6117,857.8388,809.89014
1758146962.262,1758146962262,1.565000057220459,1565,775.2381,789.34064,758.315,806.6667
1758146962.262,1758146962262,1.565000057220459,1565,706.7399,721.2454,815.9341,799.41394
1758146962.262,1758146962262,1.565000057220459,1565,824.3956,800.6227,875.56775,799.011
1758146962.263,1758146962263,1.565999984741211,1566,916.26373,885.64105,871.13556,806.26373
1758146962.263,1758146962263,1.565999984741211,1566,802.23444,820.3663,732.52747,807.47253
1758146962.263,1758146962263,1.565999984741211,1566,689.81683,722.4542,639.0476,799.011
1758146962.264,1758146962264,1.566999912261963,1567,779.2674,765.16486,828.8278,800.2198
1758146962.264,1758146962264,1.566999912261963,1567,906.5934,866.7033,961.79486,805.8608
1758146962.295,1758146962295,1.5980000495910645,1598,842.52747,839.304,830.0366,802.6374
1758146962.295,1758146962295,1.5980000495910645,1598,712.7839,732.9304,664.0293,796.5934
1758146962.296,1758146962296,1.5989999771118164,1599,748.6447,737.76556,751.06226,798.60803
1758146962.296,1758146962296,1.5989999771118164,1599,883.6264,844.1392,895.7143,805.8608
1758146962.298,1758146962298,1.6010000705718994,1601,875.9707,867.1062,873.1502,810.696
1758146962.298,1758146962298,1.6010000705718994,1601,736.9597,767.5824,768.3883,805.8608
1758146962.298,1758146962298,1.6010000705718994,1601,711.5751,722.8571,743.4066,799.011
1758146962.299,1758146962299,1.6019999980926514,1602,842.52747,812.3077,816.337,801.8315
1758146962.299,1758146962299,1.6019999980926514,1602,898.93774,875.9707,849.7802,804.2491
1758146962.299,1758146962299,1.6019999980926514,1602,768.7912,789.34064,735.7509,801.02563
1758146962.3,1758146962300,1.6029999256134033,1603,686.99634,708.7546,682.5641,796.5934
1758146962.3,1758146962300,1.6029999256134033,1603,799.81683,783.69965,892.8938,801.4286
1758146962.328,1758146962328,1.63100004196167,1631,909.011,881.6117,951.31866,806.6667
1758146962.328,1758146962328,1.63100004196167,1631,811.50183,823.1868,750.65936,801.02563
1758146962.329,1758146962329,1.6319999694824219,1632,695.8608,726.4835,695.05493,798.20514
1758146962.329,1758146962329,1.6319999694824219,1632,773.22345,768.7912,833.2601,804.65204
1758146962.329,1758146962329,1.6319999694824219,1632,899.7436,866.7033,985.56775,806.26373
1758146962.33,1758146962330,1.6329998970031738,1633,848.5714,847.76556,851.79486,806.26373
1758146962.33,1758146962330,1.6329998970031738,1633,710.7692,740.989,661.6117,799.81683
1758146962.33,1758146962330,1.6329998970031738,1633,729.304,723.663,733.73627,790.14655
1758146962.331,1758146962331,1.6340000629425049,1634,874.35895,826.8132,900.14655,796.99634
1758146962.331,1758146962331,1.6340000629425049,1634,883.6264,859.0476,812.3077,804.65204
1758146962.331,1758146962331,1.6340000629425049,1634,737.3626,753.0769,634.61536,798.60803
1758146962.331,1758146962331,1.6340000629425049,1634,703.5165,706.7399,676.1172,793.36993
1758146962.396,1758146962396,1.6989998817443848,1699,836.4835,799.81683,927.5458,796.5934
1758146962.396,1758146962396,1.6989998817443848,1699,912.6374,876.77655,965.0183,802.6374
1758146962.397,1758146962397,1.7000000476837158,1700,792.1612,800.2198,732.9304,799.41394
1758146962.397,1758146962397,1.7000000476837158,1700,697.0696,715.2015,664.83514,793.7729
1758146962.397,1758146962397,1.7000000476837158,1700,802.23444,780.4762,876.3736,799.81683
1758146962.398,1758146962398,1.7009999752044678,1701,915.8608,877.1795,1017.8022,805.05493
1758146962.399,1758146962399,1.7019999027252197,1702,826.0073,828.022,779.2674,803.8461
1758146962.399,1758146962399,1.7019999027252197,1702,699.0842,723.663,571.75824,798.20514
1758146962.4,1758146962400,1.7030000686645508,1703,755.89746,746.63007,759.5238,795.78754
1758146962.4,1758146962400,1.7030000686645508,1703,893.69965,857.03296,942.4542,805.05493
1758146962.4,1758146962400,1.7030000686645508,1703,859.85345,858.24176,789.34064,807.8755
1758146962.401,1758146962401,1.7039999961853027,1704,716.8132,749.0476,633.8095,799.011
1758146962.449,1758146962449,1.751999855041504,1752,720.0366,729.304,781.685,796.5934
1758146962.449,1758146962449,1.751999855041504,1752,858.24176,835.6777,966.63007,801.8315
1758146962.45,1758146962450,1.753000020980835,1753,889.67035,880.0,883.22345,810.293
1758146962.45,1758146962450,1.753000020980835,1753,755.09155,782.8938,686.99634,806.26373
1758146962.45,1758146962450,1.753000020980835,1753,698.68134,720.84247,726.8865,795.78754
1758146962.451,1758146962451,1.753999948501587,1754,823.1868,803.44324,975.89746,802.23444
1758146962.451,1758146962451,1.753999948501587,1754,906.99634,890.07324,925.9341,813.91943
1758146962.451,1758146962451,1.753999948501587,1754,787.326,812.71063,692.23444,809.0842
1758146962.452,1758146962452,1.7549998760223389,1755,684.57874,719.6337,726.4835,798.60803
1758146962.452,1758146962452,1.7549998760223389,1755,775.2381,772.01465,801.8315,800.6227
1758146962.452,1758146962452,1.7549998760223389,1755,899.34064,869.5238,954.5421,811.50183
1758146962.453,1758146962453,1.75600004196167,1756,825.2015,834.87177,780.87915,810.696
1758146962.488,1758146962488,1.7909998893737793,1791,693.8461,731.31866,606.8132,803.8461
1758146962.489,1758146962489,1.7920000553131104,1792,748.6447,750.2564,832.4542,801.4286
1758146962.489,1758146962489,1.7920000553131104,1792,888.86444,854.21246,947.28937,804.65204
1758146962.489,1758146962489,1.7920000553131104,1792,868.71796,862.674,811.50183,808.68134
1758146962.49,1758146962490,1.7929999828338623,1793,727.6923,760.7326,693.8461,804.2491
1758146962.49,1758146962490,1.7929999828338623,1793,711.5751,724.4689,787.326,797.3993
1758146962.49,1758146962490,1.7929999828338623,1793,844.1392,814.3223,911.02563,796.99634
1758146962.491,1758146962491,1.7939999103546143,1794,896.9231,867.1062,833.2601,800.2198
1758146962.492,1758146962492,1.7950000762939453,1795,768.3883,772.4176,682.96704,795.78754
1758146962.493,1758146962493,1.7960000038146973,1796,699.89014,702.3077,726.4835,790.9524
1758146962.493,1758146962493,1.7960000038146973,1796,815.9341,791.75824,904.17584,798.60803
1758146962.493,1758146962493,1.7960000038146973,1796,904.9817,890.87915,911.8315,809.0842
1758146962.556,1758146962556,1.8589999675750732,1859,791.3553,832.8571,731.7216,809.89014
1758146962.556,1758146962556,1.8589999675750732,1859,671.685,739.7802,690.6227,805.4579
1758146962.556,1758146962556,1.8589999675750732,1859,751.8681,780.87915,887.25275,805.05493
1758146962.557,1758146962557,1.8599998950958252,1860,881.2088,880.0,943.663,809.0842
1758146962.557,1758146962557,1.8599998950958252,1860,824.3956,853.00366,772.4176,807.47253
1758146962.557,1758146962557,1.8599998950958252,1860,696.26373,747.4359,743.8095,802.23444
1758146962.558,1758146962558,1.8610000610351562,1861,730.9158,745.82416,762.74725,801.4286
1758146962.558,1758146962558,1.8610000610351562,1861,866.7033,846.55676,851.79486,806.6667
1758146962.558,1758146962558,1.8610000610351562,1861,867.1062,873.1502,881.2088,810.293
1758146962.558,1758146962558,1.8610000610351562,1861,726.8865,764.7619,624.94507,805.8608
1758146962.559,1758146962559,1.8619999885559082,1862,702.3077,717.2161,718.022,801.4286
1758146962.559,1758146962559,1.8619999885559082,1862,840.10986,818.7546,892.49084,805.4579
1758146962.586,1758146962586,1.8889999389648438,1889,898.1319,879.59705,850.18317,809.0842
1758146962.586,1758146962586,1.8889999389648438,1889,764.35895,788.1319,718.4249,801.8315
1758146962.587,1758146962587,1.8899998664855957,1890,686.5934,719.2308,699.0842,793.36993
1758146962.587,1758146962587,1.8899998664855957,1890,807.8755,792.96704,847.76556,796.99634
1758146962.587,1758146962587,1.8899998664855957,1890,915.05493,882.4176,983.95605,804.2491
1758146962.588,1758146962588,1.8910000324249268,1891,818.7546,827.619,827.619,801.8315
1758146962.588,1758146962588,1.8910000324249268,1891,703.1135,726.08057,690.6227,795.78754
1758146962.588,1758146962588,1.8910000324249268,1891,767.98535,752.27106,811.0989,796.1905
1758146962.588,1758146962588,1.8910000324249268,1891,894.5055,854.21246,843.73627,800.2198
1758146962.589,1758146962589,1.8919999599456787,1892,851.39197,846.1539,734.1392,801.4286
1758146962.59,1758146962590,1.8929998874664307,1893,718.8278,741.79486,676.52014,799.81683
1758146962.591,1758146962591,1.8940000534057617,1894,735.34796,730.5128,777.6557,797.8022
1758146962.64,1758146962640,1.943000078201294,1943,871.13556,833.663,922.71063,798.60803
1758146962.641,1758146962641,1.944000005722046,1944,887.25275,864.2857,856.63007,795.38464
1758146962.641,1758146962641,1.944000005722046,1944,750.65936,761.53845,687.8022,789.7436
1758146962.642,1758146962642,1.9449999332427979,1945,709.9634,708.7546,689.81683,788.93774
1758146962.642,1758146962642,1.9449999332427979,1945,840.10986,797.3993,939.6337,794.57874
1758146962.642,1758146962642,1.9449999332427979,1945,923.1135,882.4176,1020.6227,803.44324
1758146962.643,1758146962643,1.9459998607635498,1946,798.60803,807.8755,729.304,801.8315
1758146962.643,1758146962643,1.9459998607635498,1946,695.4579,718.8278,604.7985,795.78754
1758146962.643,1758146962643,1.9459998607635498,1946,800.2198,787.326,861.8681,798.20514
1758146962.644,1758146962644,1.9470000267028809,1947,921.0989,890.07324,934.3956,811.0989
1758146962.644,1758146962644,1.9470000267028809,1947,836.4835,843.3333,687.3993,815.12823
1758146962.644,1758146962644,1.9470000267028809,1947,711.1722,740.58606,642.27106,803.8461
1758146962.682,1758146962682,1.9849998950958252,1985,765.9707,763.95605,859.0476,801.02563
1758146962.682,1758146962682,1.9849998950958252,1985,898.5348,869.5238,959.7802,807.0696
1758146962.683,1758146962683,1.9860000610351562,1986,863.8828,867.9121,803.8461,806.6667
1758146962.683,1758146962683,1.9860000610351562,1986,724.4689,759.5238,652.74725,801.4286
1758146962.683,1758146962683,1.9860000610351562,1986,723.663,736.55676,806.26373,803.44324
1758146962.684,1758146962684,1.9869999885559082,1987,858.6447,837.28937,1014.9817,813.1135
1758146962.684,1758146962684,1.9869999885559082,1987,893.2967,881.6117,866.7033,817.9487
1758146962.685,1758146962685,1.9879999160766602,1988,752.674,783.69965,635.42126,813.1135
1758146962.685,1758146962685,1.9879999160766602,1988,689.81683,720.84247,662.4176,805.8608
1758146962.685,1758146962685,1.9879999160766602,1988,813.5165,799.41394,879.59705,808.68134
1758146962.685,1758146962685,1.9879999160766602,1988,908.60803,887.25275,954.1392,816.7399
1758146962.686,1758146962686,1.9890000820159912,1989,794.57874,816.337,704.7253,815.5311
1758146962.719,1758146962719,2.0220000743865967,2022,690.2198,719.2308,719.6337,807.0696
1758146962.719,1758146962719,2.0220000743865967,2022,785.31134,773.22345,901.75824,806.6667
1758146962.72,1758146962720,2.0230000019073486,2023,909.011,874.7619,923.1135,809.0842
1758146962.721,1758146962721,2.0239999294281006,2024,837.28937,843.3333,749.0476,807.0696
1758146962.721,1758146962721,2.0239999294281006,2024,703.91943,743.4066,676.1172,801.8315
1758146962.722,1758146962722,2.0249998569488525,2025,746.63007,754.68866,884.83514,797.3993
1758146962.722,1758146962722,2.0249998569488525,2025,881.6117,857.03296,944.0659,803.8461
1758146962.723,1758146962723,2.0260000228881836,2026,866.30035,869.12085,809.4872,810.696
1758146962.723,1758146962723,2.0260000228881836,2026,722.8571,763.5531,681.75824,804.2491
1758146962.724,1758146962724,2.0269999504089355,2027,701.50183,722.8571,686.5934,794.57874
1758146962.724,1758146962724,2.0269999504089355,2027,839.707,815.12823,868.315,793.7729
1758146962.725,1758146962725,2.0279998779296875,2028,887.25275,874.7619,867.9121,801.8315
1758146962.782,1758146962782,2.0850000381469727,2085,750.2564,783.69965,709.9634,802.6374
1758146962.782,1758146962782,2.0850000381469727,2085,681.3553,709.9634,694.65204,798.20514
1758146962.783,1758146962783,2.0859999656677246,2086,797.8022,782.8938,859.0476,800.2198
1758146962.783,1758146962783,2.0859999656677246,2086,898.1319,871.13556,917.47253,804.65204
1758146962.783,1758146962783,2.0859999656677246,2086,799.011,812.71063,794.57874,803.44324
1758146962.784,1758146962784,2.0869998931884766,2087,690.2198,721.2454,727.6923,799.81683
1758146962.784,1758146962784,2.0869998931884766,2087,770.0,759.12085,831.2454,797.8022
1758146962.785,1758146962785,2.0880000591278076,2088,890.87915,855.0183,857.8388,800.2198
1758146962.785,1758146962785,2.0880000591278076,2088,831.2454,836.4835,736.55676,804.2491
1758146962.786,1758146962786,2.0889999866485596,2089,701.9048,738.1685,701.50183,800.2198
1758146962.786,1758146962786,2.0889999866485596,2089,734.94507,738.1685,811.0989,796.99634
1758146962.786,1758146962786,2.0889999866485596,2089,869.5238,837.6923,908.60803,800.2198
1758146962.818,1758146962818,2.121000051498413,2121,880.80585,871.53845,872.74725,806.6667
1758146962.819,1758146962819,2.121999979019165,2122,750.65936,779.2674,716.8132,805.8608
1758146962.82,1758146962820,2.122999906539917,2123,709.9634,727.6923,701.50183,800.2198
1758146962.821,1758146962821,2.124000072479248,2124,837.28937,813.5165,894.90845,803.0403
1758146962.821,1758146962821,2.124000072479248,2124,900.9524,878.3883,904.9817,806.26373
1758146962.821,1758146962821,2.124000072479248,2124,778.0586,797.3993,774.0293,807.0696
1758146962.822,1758146962822,2.125,2125,695.4579,720.0366,700.293,805.8608
1758146962.822,1758146962822,2.125,2125,800.6227,786.1172,829.6337,803.8461
1758146962.822,1758146962822,2.125,2125,909.81683,883.22345,960.18317,810.293
1758146962.823,1758146962823,2.125999927520752,2126,814.7253,823.5897,704.7253,809.4872
1758146962.823,1758146962823,2.125999927520752,2126,694.2491,716.8132,609.6337,802.23444
1758146962.823,1758146962823,2.125999927520752,2126,761.9414,747.4359,805.05493,801.4286
1758146962.856,1758146962856,2.1589999198913574,2159,893.2967,850.58606,932.381,808.2784
1758146962.856,1758146962856,2.1589999198913574,2159,853.00366,846.1539,815.9341,809.89014
1758146962.856,1758146962856,2.1589999198913574,2159,715.2015,745.0183,679.34064,803.0403
1758146962.857,1758146962857,2.1600000858306885,2160,729.304,729.304,764.7619,803.44324
1758146962.857,1758146962857,2.1600000858306885,2160,871.53845,826.8132,967.8388,805.4579
1758146962.857,1758146962857,2.1600000858306885,2160,895.31134,869.5238,960.989,804.65204
1758146962.858,1758146962858,2.1610000133514404,2161,757.50916,773.22345,726.4835,797.8022
1758146962.858,1758146962858,2.1610000133514404,2161,701.50183,710.3663,628.97437,791.75824
1758146962.858,1758146962858,2.1610000133514404,2161,822.381,793.36993,848.1685,796.99634
1758146962.859,1758146962859,2.1619999408721924,2162,904.57874,872.74725,902.5641,805.8608
1758146962.859,1758146962859,2.1619999408721924,2162,786.52014,798.60803,739.7802,807.0696
1758146962.859,1758146962859,2.1619999408721924,2162,686.5934,711.978,708.3516,799.41394
1758146962.92,1758146962920,2.2230000495910645,2223,782.49084,772.01465,817.1429,798.20514
1758146962.92,1758146962920,2.2230000495910645,2223,906.1905,872.74725,939.2308,803.8461
1758146962.921,1758146962921,2.2239999771118164,2224,829.2308,828.022,785.7143,800.2198
1758146962.921,1758146962921,2.2239999771118164,2224,700.696,722.8571,607.2161,795.78754
1758146962.922,1758146962922,2.2249999046325684,2225,749.0476,740.989,836.08057,797.3993
1758146962.923,1758146962923,2.2260000705718994,2226,887.25275,849.3773,1080.6593,798.60803
1758146962.923,1758146962923,2.2260000705718994,2226,860.65936,859.85345,788.1319,801.8315
1758146962.923,1758146962923,2.2260000705718994,2226,716.8132,755.89746,588.2784,800.2198
1758146962.924,1758146962924,2.2269999980926514,2227,716.8132,729.707,783.69965,794.57874
1758146962.924,1758146962924,2.2269999980926514,2227,848.97437,824.7985,840.5128,795.78754
1758146962.924,1758146962924,2.2269999980926514,2227,887.6557,877.1795,817.9487,804.2491
1758146962.925,1758146962925,2.2279999256134033,2228,753.47986,788.1319,718.8278,805.4579
1758146962.952,1758146962952,2.254999876022339,2255,689.81683,721.2454,692.6374,801.4286
1758146962.953,1758146962953,2.25600004196167,2256,812.3077,798.60803,887.25275,800.2198
1758146962.953,1758146962953,2.25600004196167,2256,906.5934,884.43225,950.5128,806.26373
1758146962.953,1758146962953,2.25600004196167,2256,792.5641,811.9048,668.86444,800.2198
1758146962.954,1758146962954,2.256999969482422,2257,683.36993,718.8278,683.7729,794.17584
1758146962.954,1758146962954,2.256999969482422,2257,775.2381,774.0293,940.0366,801.4286
1758146962.954,1758146962954,2.256999969482422,2257,898.1319,874.35895,941.6484,804.2491
1758146962.955,1758146962955,2.257999897003174,2258,830.0366,843.73627,704.7253,805.8608
1758146962.955,1758146962955,2.257999897003174,2258,699.89014,739.3773,623.73627,803.0403
1758146962.955,1758146962955,2.257999897003174,2258,738.1685,745.42126,820.3663,795.38464
1758146962.956,1758146962956,2.259000062942505,2259,877.1795,851.39197,957.76556,800.6227
1758146962.956,1758146962956,2.259000062942505,2259,873.1502,869.5238,808.2784,810.696
1758146963.02,1758146963020,2.322999954223633,2323,735.7509,765.16486,666.8498,805.4579
1758146963.02,1758146963020,2.322999954223633,2323,716.4103,727.6923,757.1062,800.2198
1758146963.02,1758146963020,2.322999954223633,2323,850.58606,822.7839,927.5458,806.6667
1758146963.021,1758146963021,2.3239998817443848,2324,903.7729,884.83514,880.0,810.696
1758146963.021,1758146963021,2.3239998817443848,2324,776.8498,799.81683,735.7509,807.0696
1758146963.021,1758146963021,2.3239998817443848,2324,699.89014,728.49817,783.2967,800.2198
1758146963.023,1758146963023,2.3259999752044678,2326,809.89014,799.41394,886.04395,802.6374
1758146963.023,1758146963023,2.3259999752044678,2326,910.2198,884.83514,923.91943,808.68134
1758146963.024,1758146963024,2.3269999027252197,2327,805.05493,823.1868,736.1539,806.6667
1758146963.024,1758146963024,2.3269999027252197,2327,687.3993,726.08057,593.5165,801.4286
1758146963.024,1758146963024,2.3269999027252197,2327,764.35895,760.7326,804.2491,801.8315
1758146963.024,1758146963024,2.3269999027252197,2327,893.69965,862.27106,917.47253,807.0696
1758146963.051,1758146963051,2.3540000915527344,2354,844.94507,849.7802,807.47253,809.89014
1758146963.051,1758146963051,2.3540000915527344,2354,709.5604,745.0183,700.293,803.0403
1758146963.052,1758146963052,2.3550000190734863,2355,730.9158,739.3773,772.8205,797.8022
1758146963.052,1758146963052,2.3550000190734863,2355,870.7326,845.34796,881.6117,802.6374
1758146963.052,1758146963052,2.3550000190734863,2355,879.19415,869.5238,858.6447,807.0696
1758146963.053,1758146963053,2.3559999465942383,2356,742.6007,766.77655,777.25275,803.44324
1758146963.053,1758146963053,2.3559999465942383,2356,708.3516,720.84247,741.79486,795.38464
1758146963.053,1758146963053,2.3559999465942383,2356,835.2747,808.68134,832.8571,792.5641
1758146963.054,1758146963054,2.3569998741149902,2357,903.36993,876.3736,908.60803,797.8022
1758146963.054,1758146963054,2.3569998741149902,2357,781.685,797.8022,763.95605,798.20514
1758146963.054,1758146963054,2.3569998741149902,2357,691.8315,716.4103,652.74725,793.36993
1758146963.054,1758146963054,2.3569998741149902,2357,789.7436,775.64105,810.696,795.78754
1758146963.089,1758146963089,2.3919999599456787,2392,899.7436,866.7033,945.2747,802.23444
1758146963.09,1758146963090,2.3929998874664307,2393,814.3223,822.381,788.93774,804.2491
1758146963.09,1758146963090,2.3929998874664307,2393,692.6374,724.0659,666.8498,800.2198
1758146963.09,1758146963090,2.3929998874664307,2393,753.8828,752.674,828.022,798.60803
1758146963.091,1758146963091,2.3940000534057617,2394,890.87915,859.85345,926.7399,805.8608
1758146963.091,1758146963091,2.3940000534057617,2394,867.1062,862.27106,869.12085,810.696
1758146963.091,1758146963091,2.3940000534057617,2394,730.10986,759.12085,709.5604,804.2491
1758146963.092,1758146963092,2.3949999809265137,2395,727.28937,735.34796,701.0989,799.81683
1758146963.093,1758146963093,2.3959999084472656,2396,858.24176,834.87177,922.3077,806.6667
1758146963.094,1758146963094,2.3970000743865967,2397,884.0293,876.3736,847.76556,811.50183
1758146963.094,1758146963094,2.3970000743865967,2397,747.8388,778.46155,667.6557,807.0696
1758146963.094,1758146963094,2.3970000743865967,2397,692.23444,719.6337,667.6557,801.8315
1758146963.162,1758146963162,2.4649999141693115,2465,818.3516,806.26373,937.2161,803.44324
1758146963.163,1758146963163,2.4660000801086426,2466,908.20514,890.87915,983.5531,809.0842
1758146963.163,1758146963163,2.4660000801086426,2466,792.96704,817.1429,674.90845,807.8755
1758146963.164,1758146963164,2.4670000076293945,2467,692.6374,723.663,662.4176,801.02563
1758146963.164,1758146963164,2.4670000076293945,2467,784.90845,773.6264,878.7912,799.41394
1758146963.164,1758146963164,2.4670000076293945,2467,906.99634,874.7619,1026.2638,808.68134
1758146963.165,1758146963165,2.4679999351501465,2468,832.8571,838.9011,802.6374,812.71063
1758146963.165,1758146963165,2.4679999351501465,2468,701.9048,735.7509,553.22345,802.6374
1758146963.165,1758146963165,2.4679999351501465,2468,754.2857,755.09155,783.69965,801.4286
1758146963.166,1758146963166,2.4689998626708984,2469,889.2674,857.8388,958.97437,805.4579
1758146963.166,1758146963166,2.4689998626708984,2469,870.32965,861.4652,828.4249,803.44324
1758146963.166,1758146963166,2.4689998626708984,2469,736.55676,759.92676,655.16486,799.011
1758146963.204,1758146963204,2.506999969482422,2507,722.8571,734.1392,717.619,798.20514
1758146963.204,1758146963204,2.506999969482422,2507,858.24176,833.2601,938.4249,800.6227
1758146963.205,1758146963205,2.507999897003174,2508,902.1612,884.43225,909.011,801.8315
1758146963.205,1758146963205,2.507999897003174,2508,767.98535,788.5348,683.36993,799.81683
1758146963.205,1758146963205,2.507999897003174,2508,706.7399,720.0366,765.56775,797.3993
1758146963.205,1758146963205,2.507999897003174,2508,821.978,794.9817,942.0513,799.81683
1758146963.206,1758146963206,2.509000062942505,2509,911.8315,877.5824,910.2198,802.23444
1758146963.206,1758146963206,2.509000062942505,2509,799.011,807.47253,676.9231,796.1905
1758146963.206,1758146963206,2.509000062942505,2509,686.5934,716.4103,662.01465,792.96704
1758146963.207,1758146963207,2.509999990463257,2510,773.6264,766.3736,813.5165,796.1905
1758146963.208,1758146963208,2.510999917984009,2511,895.7143,863.8828,921.0989,801.02563
1758146963.209,1758146963209,2.51200008392334,2512,834.87177,836.08057,787.326,803.8461
1758146963.234,1758146963234,2.5369999408721924,2537,706.337,729.707,641.4652,797.3993
1758146963.235,1758146963235,2.5379998683929443,2538,744.61536,734.1392,775.64105,796.99634
1758146963.235,1758146963235,2.5379998683929443,2538,886.4469,840.9158,942.4542,803.44324
1758146963.236,1758146963236,2.5390000343322754,2539,890.87915,866.30035,843.73627,809.89014
1758146963.236,1758146963236,2.5390000343322754,2539,752.674,769.59705,705.5311,807.47253
1758146963.236,1758146963236,2.5390000343322754,2539,721.2454,736.9597,828.8278,803.44324
1758146963.237,1758146963237,2.5399999618530273,2540,842.9304,835.6777,894.90845,810.293
1758146963.237,1758146963237,2.5399999618530273,2540,887.6557,896.52014,784.5055,819.15753
1758146963.237,1758146963237,2.5399999618530273,2540,756.30035,804.65204,691.8315,815.5311
1758146963.238,1758146963238,2.5409998893737793,2541,680.14655,725.2747,693.0403,804.65204
1758146963.238,1758146963238,2.5409998893737793,2541,794.9817,794.57874,853.8095,804.2491
1758146963.238,1758146963238,2.5409998893737793,2541,905.78754,883.6264,927.5458,813.1135
1758146963.304,1758146963304,2.6069998741149902,2607,812.3077,823.5897,742.1978,813.5165
1758146963.305,1758146963305,2.6080000400543213,2608,696.6667,727.28937,677.72894,806.26373
1758146963.305,1758146963305,2.6080000400543213,2608,770.40295,761.13556,846.1539,803.44324
1758146963.305,1758146963305,2.6080000400543213,2608,896.9231,861.06226,894.5055,806.26373
1758146963.306,1758146963306,2.6089999675750732,2609,844.94507,849.3773,829.2308,805.4579
1758146963.306,1758146963306,2.6089999675750732,2609,717.2161,749.85345,762.74725,799.41394
1758146963.306,1758146963306,2.6089999675750732,2609,738.5714,738.1685,748.24176,798.20514
1758146963.307,1758146963307,2.609999895095825,2610,867.9121,831.6484,894.5055,803.0403
1758146963.307,1758146963307,2.609999895095825,2610,883.22345,868.71796,888.46155,806.6667
1758146963.307,1758146963307,2.609999895095825,2610,745.0183,768.3883,644.2857,797.8022
1758146963.308,1758146963308,2.6110000610351562,2611,705.12823,713.5897,734.5421,791.75824
1758146963.308,1758146963308,2.6110000610351562,2611,836.08057,805.05493,933.9927,799.41394
1758146963.333,1758146963333,2.635999917984009,2636,906.1905,882.01465,869.92676,806.6667
1758146963.334,1758146963334,2.63700008392334,2637,786.52014,804.65204,722.4542,806.26373
1758146963.334,1758146963334,2.63700008392334,2637,699.0842,724.0659,714.7985,803.44324
1758146963.334,1758146963334,2.63700008392334,2637,802.6374,790.14655,834.0659,806.6667
1758146963.335,1758146963335,2.638000011444092,2638,914.2491,888.0586,984.35895,810.293
1758146963.335,1758146963335,2.638000011444092,2638,826.4103,846.55676,855.0183,810.696
1758146963.335,1758146963335,2.638000011444092,2638,704.3223,745.0183,682.5641,806.26373
1758146963.336,1758146963336,2.6389999389648438,2639,761.13556,765.16486,767.1795,804.65204
1758146963.336,1758146963336,2.6389999389648438,2639,887.25275,863.47986,850.18317,810.293
1758146963.336,1758146963336,2.6389999389648438,2639,862.674,864.68866,809.4872,814.3223
1758146963.337,1758146963337,2.6399998664855957,2640,732.1245,764.35895,689.81683,807.8755
1758146963.337,1758146963337,2.6399998664855957,2640,730.10986,738.1685,738.97437,803.44324
1758146963.369,1758146963369,2.671999931335449,2672,864.2857,834.87177,940.0366,811.0989
1758146963.37,1758146963370,2.672999858856201,2673,899.7436,881.6117,916.26373,815.12823
1758146963.37,1758146963370,2.672999858856201,2673,763.95605,790.14655,756.30035,806.6667
1758146963.371,1758146963371,2.6740000247955322,2674,701.9048,730.10986,693.44324,800.6227
1758146963.371,1758146963371,2.6740000247955322,2674,817.9487,808.68134,858.24176,803.44324
1758146963.371,1758146963371,2.6740000247955322,2674,905.78754,889.2674,1004.90845,810.696
1758146963.371,1758146963371,2.6740000247955322,2674,791.75824,817.1429,749.45056,809.4872
1758146963.372,1758146963372,2.674999952316284,2675,685.38464,724.87177,645.4945,800.6227
1758146963.372,1758146963372,2.674999952316284,2675,774.0293,775.64105,855.0183,800.2198
1758146963.372,1758146963372,2.674999952316284,2675,893.2967,873.5531,894.10254,803.8461
1758146963.373,1758146963373,2.675999879837036,2676,817.1429,832.8571,759.12085,801.4286
1758146963.373,1758146963373,2.675999879837036,2676,680.54944,728.0952,630.989,796.1905
1758146963.437,1758146963437,2.740000009536743,2740,726.8865,742.6007,805.4579,798.20514
1758146963.438,1758146963438,2.740999937057495,2741,867.1062,849.7802,965.82416,805.05493
1758146963.44,1758146963440,2.743000030517578,2743,857.8388,865.4945,821.1722,810.293
1758146963.44,1758146963440,2.743000030517578,2743,717.2161,756.30035,688.60803,806.6667
1758146963.441,1758146963441,2.74399995803833,2744,713.5897,731.7216,765.9707,797.8022
1758146963.441,1758146963441,2.74399995803833,2744,857.4359,832.8571,969.85345,799.81683
1758146963.441,1758146963441,2.74399995803833,2744,898.93774,876.3736,933.9927,808.2784
1758146963.442,1758146963442,2.744999885559082,2745,771.6117,786.9231,659.59705,803.44324
1758146963.442,1758146963442,2.744999885559082,2745,693.8461,710.3663,612.8571,791.3553
1758146963.442,1758146963442,2.744999885559082,2745,811.0989,787.326,865.4945,793.7729
1758146963.443,1758146963443,2.746000051498413,2746,915.4579,881.2088,932.7839,804.2491
1758146963.443,1758146963443,2.746000051498413,2746,808.68134,817.1429,737.76556,802.6374
1758146963.48,1758146963480,2.7829999923706055,2783,695.05493,717.2161,689.011,794.57874
1758146963.481,1758146963481,2.7839999198913574,2784,772.01465,759.92676,853.00366,791.75824
1758146963.481,1758146963481,2.7839999198913574,2784,897.326,867.9121,944.4689,798.20514
1758146963.481,1758146963481,2.7839999198913574,2784,840.5128,849.7802,749.0476,805.4579
1758146963.482,1758146963482,2.7850000858306885,2785,714.3956,750.65936,690.2198,802.6374
1758146963.482,1758146963482,2.7850000858306885,2785,749.45056,749.45056,880.80585,800.6227
1758146963.482,1758146963482,2.7850000858306885,2785,880.0,848.97437,953.3333,804.2491
1758146963.483,1758146963483,2.7860000133514404,2786,873.5531,865.4945,773.6264,803.8461
1758146963.483,1758146963483,2.7860000133514404,2786,734.5421,764.7619,702.3077,798.60803
1758146963.483,1758146963483,2.7860000133514404,2786,714.7985,735.34796,747.4359,798.20514
1758146963.484,1758146963484,2.7869999408721924,2787,846.9597,828.022,856.2271,804.2491
1758146963.484,1758146963484,2.7869999408721924,2787,899.7436,882.4176,887.25275,806.26373
1758146963.511,1758146963511,2.813999891281128,2814,773.22345,796.1905,720.84247,799.81683
1758146963.512,1758146963512,2.815000057220459,2815,691.02563,723.2601,692.23444,794.9817
1758146963.512,1758146963512,2.815000057220459,2815,796.1905,789.34064,876.77655,797.8022
1758146963.513,1758146963513,2.815999984741211,2816,903.7729,875.9707,898.1319,802.6374
1758146963.515,1758146963515,2.818000078201294,2818,812.71063,825.6044,780.07324,801.8315
1758146963.516,1758146963516,2.819000005722046,2819,699.0842,731.31866,772.01465,800.6227
1758146963.516,1758146963516,2.819000005722046,2819,763.5531,760.32965,799.011,798.60803
1758146963.517,1758146963517,2.819999933242798,2820,885.64105,855.42126,821.1722,799.011
1758146963.517,1758146963517,2.819999933242798,2820,844.5421,844.1392,780.07324,802.23444
1758146963.518,1758146963518,2.82099986076355,2821,714.7985,748.6447,708.3516,802.23444
1758146963.518,1758146963518,2.82099986076355,2821,730.5128,735.7509,799.41394,800.2198
1758146963.519,1758146963519,2.822000026702881,2822,864.68866,830.4396,922.71063,802.23444
1758146963.556,1758146963556,2.8589999675750732,2859,881.6117,867.50916,891.28204,805.4579
1758146963.557,1758146963557,2.859999895095825,2860,741.39197,771.6117,722.0513,798.60803
1758146963.557,1758146963557,2.859999895095825,2860,693.44324,712.381,686.99634,792.96704
1758146963.558,1758146963558,2.8610000610351562,2861,820.7692,798.60803,861.4652,799.81683
1758146963.558,1758146963558,2.8610000610351562,2861,897.326,877.98535,929.5604,807.0696
1758146963.558,1758146963558,2.8610000610351562,2861,772.4176,799.011,816.7399,802.23444
1758146963.558,1758146963558,2.8610000610351562,2861,669.2674,706.7399,690.2198,793.7729
1758146963.559,1758146963559,2.861999988555908,2862,768.7912,765.16486,755.89746,796.5934
1758146963.559,1758146963559,2.861999988555908,2862,889.67035,863.0769,954.5421,801.8315
1758146963.559,1758146963559,2.861999988555908,2862,805.4579,820.3663,745.42126,800.2198
1758146963.56,1758146963560,2.86299991607666,2863,679.7436,718.8278,605.6044,794.9817
1758146963.56,1758146963560,2.86299991607666,2863,739.7802,741.79486,794.9817,793.7729
1758146963.627,1758146963627,2.930000066757202,2930,879.59705,851.39197,949.707,801.8315
1758146963.628,1758146963628,2.930999994277954,2931,855.0183,855.0183,828.022,803.8461
1758146963.629,1758146963629,2.931999921798706,2932,719.6337,755.4945,677.72894,800.2198
1758146963.629,1758146963629,2.931999921798706,2932,720.84247,733.73627,733.3333,800.2198
1758146963.63,1758146963630,2.933000087738037,2933,857.8388,826.8132,963.00366,803.44324
1758146963.63,1758146963630,2.933000087738037,2933,892.49084,875.9707,927.9487,806.26373
1758146963.632,1758146963632,2.934999942779541,2935,753.47986,779.67035,691.8315,799.41394
1758146963.633,1758146963633,2.935999870300293,2936,695.4579,715.2015,654.7619,794.57874
1758146963.633,1758146963633,2.935999870300293,2936,816.7399,800.2198,851.79486,797.8022
1758146963.634,1758146963634,2.937000036239624,2937,909.011,879.19415,929.9634,805.05493
1758146963.634,1758146963634,2.937000036239624,2937,798.20514,802.6374,699.4872,804.65204
1758146963.635,1758146963635,2.937999963760376,2938,693.0403,714.3956,648.315,798.20514
1758146963.674,1758146963674,2.9769999980926514,2977,783.69965,767.1795,859.45056,797.3993
1758146963.675,1758146963675,2.9779999256134033,2978,901.75824,867.50916,943.663,803.44324
1758146963.675,1758146963675,2.9779999256134033,2978,830.0366,836.4835,801.02563,805.8608
1758146963.676,1758146963676,2.9790000915527344,2979,702.3077,734.94507,672.49084,801.02563
1758146963.676,1758146963676,2.9790000915527344,2979,751.06226,749.45056,834.4689,797.8022
1758146963.676,1758146963676,2.9790000915527344,2979,887.6557,854.61536,1003.69965,803.44324
1758146963.677,1758146963677,2.9800000190734863,2980,873.1502,867.1062,819.5604,808.2784
1758146963.677,1758146963677,2.9800000190734863,2980,735.7509,763.1502,684.57874,804.2491
1758146963.677,1758146963677,2.9800000190734863,2980,721.6484,728.49817,788.1319,798.20514
1758146963.677,1758146963677,2.9800000190734863,2980,846.9597,815.5311,815.5311,798.60803
1758146963.678,1758146963678,2.9809999465942383,2981,894.90845,872.74725,815.9341,801.8315
1758146963.678,1758146963678,2.9809999465942383,2981,770.80585,788.5348,715.2015,797.8022
1758146963.708,1758146963708,3.010999917984009,3011,697.47253,716.0073,716.8132,794.17584
1758146963.709,1758146963709,3.01200008392334,3012,814.7253,790.54944,901.75824,796.1905
1758146963.71,1758146963710,3.013000011444092,3013,919.0842,879.19415,952.52747,807.0696
1758146963.71,1758146963710,3.013000011444092,3013,813.1135,817.5458,744.21246,805.4579
1758146963.711,1758146963711,3.0139999389648438,3014,693.44324,718.8278,693.44324,799.011
1758146963.711,1758146963711,3.0139999389648438,3014,775.2381,760.7326,898.5348,802.6374
1758146963.712,1758146963712,3.0149998664855957,3015,900.14655,863.8828,946.4835,805.8608
1758146963.712,1758146963712,3.0149998664855957,3015,840.9158,840.9158,729.707,808.68134
1758146963.715,1758146963715,3.0179998874664307,3018,713.1868,738.5714,655.16486,805.4579
1758146963.715,1758146963715,3.0179998874664307,3018,747.8388,739.3773,802.6374,799.011
1758146963.716,1758146963716,3.0190000534057617,3019,889.2674,845.7509,995.64105,805.05493
1758146963.716,1758146963716,3.0190000534057617,3019,892.0879,877.5824,861.8681,816.337
1758146963.762,1758146963762,3.065000057220459,3065,751.06226,775.2381,646.30035,815.12823
1758146963.762,1758146963762,3.065000057220459,3065,717.2161,726.08057,757.1062,809.0842
1758146963.762,1758146963762,3.065000057220459,3065,846.9597,815.9341,903.36993,809.4872
1758146963.763,1758146963763,3.065999984741211,3066,915.8608,882.8205,908.60803,813.5165
1758146963.763,1758146963763,3.065999984741211,3066,788.93774,803.0403,761.9414,814.3223
1758146963.763,1758146963763,3.065999984741211,3066,705.5311,728.49817,787.326,812.71063
1758146963.764,1758146963764,3.066999912261963,3067,807.8755,792.1612,848.5714,810.696
1758146963.764,1758146963764,3.066999912261963,3067,909.41394,879.59705,865.89746,809.4872
1758146963.764,1758146963764,3.066999912261963,3067,819.15753,830.0366,780.4762,810.293
1758146963.765,1758146963765,3.068000078201294,3068,697.8755,729.304,635.42126,805.05493
1758146963.765,1758146963765,3.068000078201294,3068,767.1795,756.30035,817.5458,803.0403
1758146963.765,1758146963765,3.068000078201294,3068,902.96704,863.0769,938.022,810.696
1758146963.804,1758146963804,3.1069998741149902,3107,863.47986,859.85345,800.6227,815.9341
1758146963.805,1758146963805,3.1080000400543213,3108,725.6777,754.68866,701.50183,807.8755
1758146963.805,1758146963805,3.1080000400543213,3108,733.73627,732.1245,844.94507,798.60803
1758146963.805,1758146963805,3.1080000400543213,3108,864.2857,827.2161,901.75824,800.2198
1758146963.806,1758146963806,3.1089999675750732,3109,884.43225,867.50916,840.10986,805.05493
1758146963.806,1758146963806,3.1089999675750732,3109,751.4652,775.2381,786.1172,804.65204
1758146963.806,1758146963806,3.1089999675750732,3109,703.5165,720.0366,732.52747,799.81683
1758146963.807,1758146963807,3.109999895095825,3110,827.619,802.6374,802.6374,801.8315
1758146963.807,1758146963807,3.109999895095825,3110,900.54944,873.1502,871.9414,805.4579
1758146963.807,1758146963807,3.109999895095825,3110,780.4762,797.3993,768.7912,805.8608
1758146963.809,1758146963809,3.111999988555908,3112,684.17584,715.2015,717.619,802.6374
1758146963.809,1758146963809,3.111999988555908,3112,781.685,774.43225,855.0183,804.65204
1758146963.848,1758146963848,3.1510000228881836,3151,894.10254,868.315,906.1905,810.293
1758146963.849,1758146963849,3.1519999504089355,3152,810.696,828.4249,759.5238,810.293
1758146963.849,1758146963849,3.1519999504089355,3152,690.2198,726.4835,692.23444,804.2491
1758146963.849,1758146963849,3.1519999504089355,3152,743.00366,743.00366,774.83514,801.02563
1758146963.85,1758146963850,3.1529998779296875,3153,879.19415,845.34796,967.8388,806.6667
1758146963.85,1758146963850,3.1529998779296875,3153,857.8388,853.00366,890.4762,807.47253
1758146963.85,1758146963850,3.1529998779296875,3153,722.0513,751.4652,699.89014,803.44324
1758146963.851,1758146963851,3.1540000438690186,3154,718.8278,728.0952,771.6117,803.0403
1758146963.851,1758146963851,3.1540000438690186,3154,850.989,827.2161,868.71796,802.23444
1758146963.852,1758146963852,3.1549999713897705,3155,889.67035,876.3736,815.12823,806.6667
1758146963.852,1758146963852,3.1549999713897705,3155,756.30035,784.90845,674.5055,805.4579
1758146963.852,1758146963852,3.1549999713897705,3155,695.05493,726.4835,724.0659,801.4286
1758146963.888,1758146963888,3.190999984741211,3191,820.7692,813.5165,915.4579,803.8461
1758146963.889,1758146963889,3.191999912261963,3192,914.65204,898.1319,923.1135,809.0842
1758146963.889,1758146963889,3.191999912261963,3192,789.34064,821.978,695.8608,809.0842
1758146963.89,1758146963890,3.193000078201294,3193,666.8498,715.6044,626.9597,800.2198
1758146963.89,1758146963890,3.193000078201294,3193,765.16486,767.98535,877.5824,802.23444
1758146963.89,1758146963890,3.193000078201294,3193,900.54944,878.3883,1022.23444,809.89014
1758146963.891,1758146963891,3.194000005722046,3194,826.4103,840.9158,764.35895,807.47253
1758146963.891,1758146963891,3.194000005722046,3194,685.38464,728.0952,575.78754,800.2198
1758146963.891,1758146963891,3.194000005722046,3194,724.4689,735.7509,772.8205,798.20514
1758146963.892,1758146963892,3.194999933242798,3195,876.3736,852.6007,981.13556,807.8755
1758146963.892,1758146963892,3.194999933242798,3195,869.5238,873.95605,800.6227,811.0989
1758146963.892,1758146963892,3.194999933242798,3195,715.2015,757.50916,608.022,801.02563
1758146963.955,1758146963955,3.257999897003174,3258,697.47253,718.4249,759.5238,795.38464
1758146963.955,1758146963955,3.257999897003174,3258,837.6923,820.3663,923.5165,796.1905
1758146963.956,1758146963956,3.259000062942505,3259,893.69965,883.6264,890.87915,801.02563
1758146963.956,1758146963956,3.259000062942505,3259,755.89746,788.93774,680.9524,799.011
1758146963.956,1758146963956,3.259000062942505,3259,677.72894,711.978,719.2308,794.9817
1758146963.957,1758146963957,3.259999990463257,3260,809.0842,798.20514,979.12085,798.20514
1758146963.957,1758146963957,3.259999990463257,3260,907.8022,887.25275,913.44324,803.44324
1758146963.957,1758146963957,3.259999990463257,3260,792.1612,810.293,675.31134,801.8315
1758146963.958,1758146963958,3.260999917984009,3261,684.17584,712.381,672.8938,797.3993
1758146963.958,1758146963958,3.260999917984009,3261,767.98535,760.32965,817.9487,796.5934
1758146963.958,1758146963958,3.260999917984009,3261,904.17584,871.9414,931.978,801.4286
1758146963.959,1758146963959,3.26200008392334,3262,848.1685,850.18317,742.1978,801.02563
1758146963.979,1758146963979,3.2820000648498535,3282,706.337,738.1685,704.3223,795.78754
1758146963.98,1758146963980,3.2829999923706055,3283,733.3333,735.7509,833.663,795.38464
1758146963.981,1758146963981,3.2839999198913574,3284,876.3736,847.3626,911.02563,803.0403
1758146963.981,1758146963981,3.2839999198913574,3284,886.4469,878.3883,842.52747,809.4872
1758146963.981,1758146963981,3.2839999198913574,3284,740.18317,767.1795,687.8022,805.8608
1758146963.982,1758146963982,3.2850000858306885,3285,703.91943,713.9927,814.7253,799.41394
1758146963.982,1758146963982,3.2850000858306885,3285,846.1539,811.0989,926.337,799.81683
1758146963.983,1758146963983,3.2860000133514404,3286,919.4872,885.2381,830.0366,803.44324
1758146963.983,1758146963983,3.2860000133514404,3286,788.93774,794.9817,687.8022,799.011
1758146963.984,1758146963984,3.2869999408721924,3287,689.41394,708.7546,690.2198,790.54944
1758146963.984,1758146963984,3.2869999408721924,3287,792.5641,791.75824,864.2857,796.5934
1758146963.984,1758146963984,3.2869999408721924,3287,901.75824,898.5348,924.3223,806.6667
1758146964.063,1758146964063,3.365999937057495,3366,795.78754,844.5421,747.4359,803.0403
1758146964.064,1758146964064,3.366999864578247,3367,661.2088,734.94507,664.43225,799.41394
1758146964.065,1758146964065,3.368000030517578,3368,739.3773,768.3883,838.0952,801.02563
1758146964.065,1758146964065,3.368000030517578,3368,892.0879,883.6264,996.8498,807.0696
1758146964.066,1758146964066,3.36899995803833,3369,847.3626,867.9121,859.45056,809.4872
1758146964.066,1758146964066,3.36899995803833,3369,699.89014,749.85345,676.9231,802.23444
1758146964.067,1758146964067,3.369999885559082,3370,707.5458,730.5128,736.55676,796.99634
1758146964.067,1758146964067,3.369999885559082,3370,853.8095,838.0952,863.0769,802.6374
1758146964.067,1758146964067,3.369999885559082,3370,889.2674,888.0586,880.0,810.293
1758146964.068,1758146964068,3.371000051498413,3371,741.39197,782.0879,644.2857,801.8315
1758146964.068,1758146964068,3.371000051498413,3371,681.75824,715.6044,693.0403,792.5641
1758146964.068,1758146964068,3.371000051498413,3371,812.71063,806.26373,895.7143,794.57874
1758146964.104,1758146964104,3.4070000648498535,3407,906.99634,892.49084,933.9927,806.26373
1758146964.105,1758146964105,3.4079999923706055,3408,788.5348,811.9048,744.21246,809.89014
1758146964.105,1758146964105,3.4079999923706055,3408,676.9231,714.3956,672.8938,803.0403
1758146964.106,1758146964106,3.4089999198913574,3409,778.0586,778.0586,863.0769,803.44324
1758146964.106,1758146964106,3.4089999198913574,3409,904.9817,885.2381,968.6447,809.0842
1758146964.106,1758146964106,3.4089999198913574,3409,823.5897,841.31866,819.9634,809.0842
1758146964.107,1758146964107,3.4100000858306885,3410,689.41394,730.9158,650.32965,800.6227
1758146964.107,1758146964107,3.4100000858306885,3410,749.0476,752.674,802.6374,799.41394
1758146964.107,1758146964107,3.4100000858306885,3410,887.6557,865.09155,913.0403,806.6667
1758146964.108,1758146964108,3.4110000133514404,3411,858.6447,864.68866,743.8095,807.47253
1758146964.108,1758146964108,3.4110000133514404,3411,717.2161,749.85345,670.07324,803.0403
1758146964.108,1758146964108,3.4110000133514404,3411,708.3516,718.8278,765.9707,799.41394
1758146964.149,1758146964149,3.4519999027252197,3452,849.7802,824.7985,917.0696,801.8315
1758146964.15,1758146964150,3.453000068664551,3453,898.5348,885.64105,893.2967,807.0696
1758146964.151,1758146964151,3.4539999961853027,3454,759.5238,787.326,692.6374,804.65204
1758146964.151,1758146964151,3.4539999961853027,3454,682.5641,712.7839,657.98535,798.20514
1758146964.153,1758146964153,3.4560000896453857,3456,805.4579,801.8315,935.2015,800.6227
1758146964.153,1758146964153,3.4560000896453857,3456,909.011,894.90845,1031.9048,806.6667
1758146964.153,1758146964153,3.4560000896453857,3456,787.72894,819.15753,743.8095,804.65204
1758146964.154,1758146964154,3.4570000171661377,3457,666.04395,719.6337,657.1795,797.3993
1758146964.154,1758146964154,3.4570000171661377,3457,761.53845,770.80585,863.8828,795.38464
1758146964.154,1758146964154,3.4570000171661377,3457,895.7143,877.5824,874.7619,798.20514
1758146964.155,1758146964155,3.4579999446868896,3458,830.4396,850.58606,775.64105,803.8461
1758146964.155,1758146964155,3.4579999446868896,3458,692.6374,737.76556,706.7399,800.6227
1758146964.189,1758146964189,3.491999864578247,3492,728.49817,735.7509,767.5824,794.57874
1758146964.19,1758146964190,3.493000030517578,3493,876.3736,845.34796,954.5421,801.02563
1758146964.19,1758146964190,3.493000030517578,3493,873.5531,866.30035,863.0769,802.23444
1758146964.19,1758146964190,3.493000030517578,3493,724.0659,755.89746,624.5421,793.7729
1758146964.191,1758146964191,3.49399995803833,3494,697.47253,714.7985,762.74725,791.3553
1758146964.191,1758146964191,3.49399995803833,3494,840.10986,819.9634,999.2674,798.20514
1758146964.191,1758146964191,3.49399995803833,3494,900.9524,883.22345,898.93774,802.6374
1758146964.192,1758146964192,3.494999885559082,3495,759.92676,782.8938,631.39197,796.99634
1758146964.192,1758146964192,3.494999885559082,3495,674.90845,700.696,658.3883,791.75824
1758146964.192,1758146964192,3.494999885559082,3495,796.5934,780.4762,905.78754,797.3993
1758146964.193,1758146964193,3.496000051498413,3496,908.60803,879.59705,901.3553,802.6374
1758146964.193,1758146964193,3.496000051498413,3496,801.02563,813.1135,689.41394,800.2198
1758146964.234,1758146964234,3.5369999408721924,3537,678.93774,711.1722,688.60803,796.5934
1758146964.234,1758146964234,3.5369999408721924,3537,761.53845,755.4945,865.4945,796.99634
1758146964.235,1758146964235,3.5379998683929443,3538,900.9524,862.674,966.2271,800.6227
1758146964.235,1758146964235,3.5379998683929443,3538,846.9597,843.3333,722.8571,800.2198
1758146964.236,1758146964236,3.5390000343322754,3539,704.3223,731.7216,608.4249,794.17584
1758146964.236,1758146964236,3.5390000343322754,3539,730.10986,725.6777,857.4359,789.34064
1758146964.237,1758146964237,3.5399999618530273,3540,879.59705,840.5128,992.01465,794.17584
1758146964.238,1758146964238,3.5409998893737793,3541,896.9231,876.3736,859.0476,800.6227
1758146964.238,1758146964238,3.5409998893737793,3541,749.85345,771.6117,673.2967,797.3993
1758146964.238,1758146964238,3.5409998893737793,3541,705.9341,720.0366,669.2674,794.17584
1758146964.239,1758146964239,3.5420000553131104,3542,847.3626,816.7399,912.23444,799.011
1758146964.239,1758146964239,3.5420000553131104,3542,923.91943,894.10254,892.0879,803.0403
1758146964.266,1758146964266,3.569000005722046,3569,784.5055,799.41394,690.2198,801.02563
1758146964.266,1758146964266,3.569000005722046,3569,689.81683,709.9634,708.7546,797.3993
1758146964.267,1758146964267,3.569999933242798,3570,801.4286,777.6557,882.8205,795.38464
1758146964.268,1758146964268,3.57099986076355,3571,919.0842,879.59705,932.381,802.6374
1758146964.268,1758146964268,3.57099986076355,3571,824.3956,834.0659,772.8205,807.47253
1758146964.268,1758146964268,3.57099986076355,3571,692.23444,724.0659,733.3333,800.6227
1758146964.269,1758146964269,3.572000026702881,3572,758.315,749.85345,872.74725,798.20514
1758146964.269,1758146964269,3.572000026702881,3572,901.75824,866.7033,924.7253,805.4579
1758146964.27,1758146964270,3.572999954223633,3573,865.09155,865.09155,724.0659,810.696
1758146964.27,1758146964270,3.572999954223633,3573,718.4249,749.0476,650.32965,805.05493
1758146964.271,1758146964271,3.5739998817443848,3574,723.2601,726.8865,749.85345,799.81683
1758146964.271,1758146964271,3.5739998817443848,3574,860.2564,831.6484,886.4469,802.6374
1758146964.336,1758146964336,3.6389999389648438,3639,888.86444,880.80585,893.69965,808.2784
1758146964.337,1758146964337,3.6399998664855957,3640,741.79486,778.46155,699.4872,804.65204
1758146964.338,1758146964338,3.6410000324249268,3641,678.93774,711.978,698.2784,801.02563
1758146964.338,1758146964338,3.6410000324249268,3641,809.4872,802.6374,871.9414,803.8461
1758146964.338,1758146964338,3.6410000324249268,3641,898.93774,885.64105,942.0513,808.2784
1758146964.338,1758146964338,3.6410000324249268,3641,775.2381,807.0696,788.5348,807.0696
1758146964.339,1758146964339,3.6419999599456787,3642,665.64105,711.1722,642.27106,799.81683
1758146964.339,1758146964339,3.6419999599456787,3642,767.1795,772.4176,799.011,801.8315
1758146964.341,1758146964341,3.6440000534057617,3644,898.5348,884.43225,1002.49084,811.9048
1758146964.341,1758146964341,3.6440000534057617,3644,814.7253,845.7509,764.7619,813.91943
1758146964.342,1758146964342,3.6449999809265137,3645,675.7143,734.5421,565.31134,804.65204
1758146964.342,1758146964342,3.6449999809265137,3645,731.31866,746.2271,774.83514,801.4286
1758146964.364,1758146964364,3.6670000553131104,3667,880.80585,859.0476,983.95605,808.68134
1758146964.364,1758146964364,3.6670000553131104,3667,866.7033,873.95605,836.4835,810.696
1758146964.365,1758146964365,3.6679999828338623,3668,717.619,758.315,649.92676,803.8461
1758146964.365,1758146964365,3.6679999828338623,3668,707.9487,727.28937,767.5824,800.6227
1758146964.365,1758146964365,3.6679999828338623,3668,858.6447,831.2454,948.9011,806.6667
1758146964.366,1758146964366,3.6689999103546143,3669,911.4286,889.2674,953.3333,815.12823
1758146964.366,1758146964366,3.6689999103546143,3669,770.40295,789.34064,703.1135,809.0842
1758146964.367,1758146964367,3.6700000762939453,3670,691.4286,707.9487,628.5714,798.60803
1758146964.367,1758146964367,3.6700000762939453,3670,821.1722,792.96704,872.74725,801.4286
1758146964.367,1758146964367,3.6700000762939453,3670,927.1429,888.46155,942.8571,809.0842
1758146964.368,1758146964368,3.6710000038146973,3671,807.0696,814.7253,747.4359,804.65204
1758146964.368,1758146964368,3.6710000038146973,3671,687.8022,715.6044,647.9121,799.41394
1758146964.435,1758146964435,3.73799991607666,3738,780.87915,768.7912,882.4176,805.05493
1758146964.436,1758146964436,3.739000082015991,3739,912.6374,874.35895,962.1978,809.0842
1758146964.436,1758146964436,3.739000082015991,3739,840.5128,843.3333,720.84247,807.47253
1758146964.437,1758146964437,3.740000009536743,3740,699.89014,732.9304,642.674,802.6374
1758146964.437,1758146964437,3.740000009536743,3740,733.73627,742.1978,840.5128,799.011
1758146964.437,1758146964437,3.740000009536743,3740,881.2088,855.82416,1017.3993,805.05493
1758146964.438,1758146964438,3.740999937057495,3741,881.2088,882.01465,857.4359,812.71063
1758146964.438,1758146964438,3.740999937057495,3741,729.304,770.80585,626.9597,806.6667
1758146964.438,1758146964438,3.740999937057495,3741,701.50183,722.4542,736.9597,803.0403
1758146964.439,1758146964439,3.741999864578247,3742,840.5128,825.2015,892.8938,809.89014
1758146964.44,1758146964440,3.743000030517578,3743,905.78754,894.90845,847.76556,813.1135
1758146964.441,1758146964441,3.74399995803833,3744,774.0293,802.23444,712.381,806.26373
1758146964.476,1758146964476,3.7790000438690186,3779,686.5934,718.8278,715.2015,798.60803
1758146964.477,1758146964477,3.7799999713897705,3780,811.50183,796.99634,871.53845,805.05493
1758146964.477,1758146964477,3.7799999713897705,3780,930.7692,902.1612,928.3516,813.5165
1758146964.477,1758146964477,3.7799999713897705,3780,821.1722,837.6923,704.3223,807.0696
1758146964.478,1758146964478,3.7809998989105225,3781,694.2491,733.3333,707.9487,801.02563
1758146964.478,1758146964478,3.7809998989105225,3781,774.43225,774.83514,894.90845,804.65204
1758146964.478,1758146964478,3.7809998989105225,3781,912.23444,880.80585,932.7839,809.89014
1758146964.479,1758146964479,3.7820000648498535,3782,865.09155,863.8828,731.31866,811.50183
1758146964.479,1758146964479,3.7820000648498535,3782,716.8132,747.03296,609.2308,801.8315
1758146964.479,1758146964479,3.7820000648498535,3782,731.31866,736.1539,784.5055,797.8022
1758146964.48,1758146964480,3.7829999923706055,3783,878.7912,847.3626,948.0952,807.8755
1758146964.48,1758146964480,3.7829999923706055,3783,898.1319,886.04395,865.89746,812.71063
1758146964.506,1758146964506,3.809000015258789,3809,749.45056,776.04395,705.12823,804.65204
1758146964.506,1758146964506,3.809000015258789,3809,696.26373,713.9927,744.61536,796.99634
1758146964.507,1758146964507,3.809999942779541,3810,830.84247,808.68134,895.31134,800.2198
1758146964.507,1758146964507,3.809999942779541,3810,912.6374,890.07324,875.16486,805.8608
1758146964.507,1758146964507,3.809999942779541,3810,782.0879,805.05493,737.76556,804.2491
1758146964.508,1758146964508,3.810999870300293,3811,681.75824,714.3956,757.9121,799.81683
1758146964.508,1758146964508,3.810999870300293,3811,786.1172,779.67035,868.71796,799.011
1758146964.508,1758146964508,3.810999870300293,3811,909.81683,880.80585,904.57874,804.2491
1758146964.509,1758146964509,3.812000036239624,3812,817.5458,831.2454,727.28937,805.05493
1758146964.509,1758146964509,3.812000036239624,3812,677.72894,719.2308,608.022,798.60803
1758146964.509,1758146964509,3.812000036239624,3812,745.82416,742.6007,793.36993,796.5934
1758146964.51,1758146964510,3.812999963760376,3813,891.28204,858.24176,917.0696,801.8315
1758146964.54,1758146964540,3.8429999351501465,3843,861.8681,865.89746,819.15753,807.47253
1758146964.541,1758146964541,3.8439998626708984,3844,719.6337,755.09155,705.5311,801.4286
1758146964.541,1758146964541,3.8439998626708984,3844,719.6337,729.707,772.01465,796.99634
1758146964.541,1758146964541,3.8439998626708984,3844,865.89746,837.6923,906.99634,804.65204
1758146964.542,1758146964542,3.8450000286102295,3845,907.8022,886.4469,891.685,809.4872
1758146964.542,1758146964542,3.8450000286102295,3845,762.74725,779.67035,757.1062,804.65204
1758146964.543,1758146964543,3.8459999561309814,3846,695.05493,707.5458,729.707,796.99634
1758146964.543,1758146964543,3.8459999561309814,3846,824.3956,800.6227,848.5714,799.81683
1758146964.543,1758146964543,3.8459999561309814,3846,917.47253,888.0586,869.12085,804.2491
1758146964.544,1758146964544,3.8469998836517334,3847,797.8022,811.50183,728.0952,804.2491
1758146964.544,1758146964544,3.8469998836517334,3847,691.4286,717.2161,682.1612,801.8315
1758146964.544,1758146964544,3.8469998836517334,3847,790.54944,776.4469,852.6007,803.0403
1758146964.608,1758146964608,3.9110000133514404,3911,916.6667,881.2088,930.7692,809.89014
1758146964.609,1758146964609,3.9119999408721924,3912,833.2601,836.8865,768.3883,808.2784
1758146964.609,1758146964609,3.9119999408721924,3912,691.8315,721.6484,653.95605,802.23444
1758146964.609,1758146964609,3.9119999408721924,3912,741.79486,737.76556,789.7436,803.0403
1758146964.61,1758146964610,3.9129998683929443,3913,891.685,850.989,957.3626,808.2784
1758146964.61,1758146964610,3.9129998683929443,3913,882.8205,865.89746,910.2198,809.89014
1758146964.61,1758146964610,3.9129998683929443,3913,736.1539,759.5238,697.0696,802.23444
1758146964.611,1758146964611,3.9140000343322754,3914,711.5751,717.619,689.011,791.75824
1758146964.611,1758146964611,3.9140000343322754,3914,853.8095,821.978,919.0842,799.011
1758146964.611,1758146964611,3.9140000343322754,3914,908.20514,889.67035,867.9121,807.0696
1758146964.612,1758146964612,3.9149999618530273,3915,769.19415,789.34064,698.2784,801.02563
1758146964.612,1758146964612,3.9149999618530273,3915,692.23444,703.5165,676.52014,794.57874
1758146964.642,1758146964642,3.944999933242798,3945,813.91943,784.10254,881.6117,799.011
1758146964.642,1758146964642,3.944999933242798,3945,922.3077,883.22345,945.6777,805.8608
1758146964.644,1758146964644,3.947000026702881,3947,809.89014,816.7399,769.19415,803.0403
1758146964.644,1758146964644,3.947000026702881,3947,687.3993,714.7985,694.2491,796.99634
1758146964.645,1758146964645,3.947999954223633,3948,770.40295,759.5238,812.3077,797.3993
1758146964.645,1758146964645,3.947999954223633,3948,910.6227,876.77655,1002.8938,803.44324
1758146964.645,1758146964645,3.947999954223633,3948,850.18317,858.24176,821.978,804.65204
1758146964.646,1758146964646,3.9489998817443848,3949,697.0696,735.7509,562.8938,799.41394
1758146964.646,1758146964646,3.9489998817443848,3949,726.08057,728.9011,762.74725,799.011
1758146964.646,1758146964646,3.9489998817443848,3949,877.5824,843.73627,949.707,802.23444
1758146964.647,1758146964647,3.950000047683716,3950,885.64105,872.3443,855.0183,805.4579
1758146964.647,1758146964647,3.950000047683716,3950,739.3773,761.13556,671.28204,801.4286
1758146964.707,1758146964707,4.009999990463257,4010,703.5165,713.5897,730.10986,796.5934
1758146964.708,1758146964708,4.010999917984009,4011,844.5421,816.337,904.17584,804.2491
1758146964.708,1758146964708,4.010999917984009,4011,917.0696,893.2967,880.80585,811.50183
1758146964.709,1758146964709,4.01200008392334,4012,778.46155,797.8022,722.4542,804.2491
1758146964.709,1758146964709,4.01200008392334,4012,685.78754,707.9487,731.31866,799.81683
1758146964.709,1758146964709,4.01200008392334,4012,802.6374,786.1172,926.337,803.0403
1758146964.71,1758146964710,4.013000011444092,4013,917.0696,888.86444,946.4835,807.0696
1758146964.71,1758146964710,4.013000011444092,4013,812.3077,826.0073,719.2308,805.8608
1758146964.71,1758146964710,4.013000011444092,4013,679.7436,715.6044,649.92676,795.78754
1758146964.711,1758146964711,4.013999938964844,4014,750.65936,748.24176,777.25275,793.36993
1758146964.711,1758146964711,4.013999938964844,4014,889.67035,861.06226,893.2967,800.2198
1758146964.711,1758146964711,4.013999938964844,4014,845.34796,854.21246,786.1172,802.6374
1758146964.744,1758146964744,4.046999931335449,4047,700.293,745.0183,674.10254,798.20514
1758146964.744,1758146964744,4.046999931335449,4047,715.6044,734.5421,783.69965,797.3993
1758146964.745,1758146964745,4.047999858856201,4048,866.30035,845.34796,935.6044,803.44324
1758146964.745,1758146964745,4.047999858856201,4048,889.67035,886.8498,835.2747,806.6667
1758146964.747,1758146964747,4.049999952316284,4050,741.79486,780.07324,708.3516,803.8461
1758146964.747,1758146964747,4.049999952316284,4050,691.4286,722.0513,797.3993,798.60803
1758146964.747,1758146964747,4.049999952316284,4050,830.0366,818.7546,903.36993,801.8315
1758146964.748,1758146964748,4.050999879837036,4051,911.02563,893.2967,831.6484,805.05493
1758146964.748,1758146964748,4.050999879837036,4051,778.46155,800.2198,686.99634,801.02563
1758146964.748,1758146964748,4.050999879837036,4051,674.10254,709.9634,698.2784,794.9817
1758146964.749,1758146964749,4.052000045776367,4052,779.2674,774.43225,830.0366,794.9817
1758146964.749,1758146964749,4.052000045776367,4052,911.02563,877.5824,940.84247,803.0403
1758146964.786,1758146964786,4.08899998664856,4089,823.1868,829.6337,746.63007,803.0403
1758146964.786,1758146964786,4.08899998664856,4089,686.1905,717.2161,649.92676,797.3993
1758146964.787,1758146964787,4.0899999141693115,4090,751.4652,737.3626,842.1245,800.2198
1758146964.787,1758146964787,4.0899999141693115,4090,897.72894,850.989,917.0696,808.68134
1758146964.787,1758146964787,4.0899999141693115,4090,879.19415,861.4652,842.9304,812.71063
1758146964.788,1758146964788,4.091000080108643,4091,724.4689,755.09155,754.68866,805.8608
1758146964.788,1758146964788,4.091000080108643,4091,703.91943,732.52747,738.1685,802.23444
1758146964.788,1758146964788,4.091000080108643,4091,840.5128,840.9158,872.3443,807.8755
1758146964.789,1758146964789,4.0920000076293945,4092,883.6264,899.7436,911.4286,813.5165
1758146964.789,1758146964789,4.0920000076293945,4092,740.18317,796.99634,645.89746,810.293
1758146964.789,1758146964789,4.0920000076293945,4092,670.87915,718.022,641.4652,803.0403
1758146964.79,1758146964790,4.0929999351501465,4093,811.0989,803.44324,903.7729,806.26373
1758146964.834,1758146964834,4.13700008392334,4137,921.50183,896.9231,991.2088,813.91943
1758146964.835,1758146964835,4.138000011444092,4138,802.6374,813.1135,753.47986,806.6667
1758146964.835,1758146964835,4.138000011444092,4138,690.2198,713.9927,660.0,800.6227
1758146964.835,1758146964835,4.138000011444092,4138,788.5348,774.0293,842.9304,804.2491
1758146964.836,1758146964836,4.138999938964844,4139,915.05493,877.5824,973.47986,806.26373
1758146964.836,1758146964836,4.138999938964844,4139,838.9011,842.52747,848.1685,805.8608
1758146964.838,1758146964838,4.141000032424927,4141,705.12823,734.94507,686.1905,801.02563
1758146964.838,1758146964838,4.141000032424927,4141,748.24176,742.6007,757.1062,799.011
1758146964.838,1758146964838,4.141000032424927,4141,888.46155,852.6007,899.7436,802.23444
1758146964.839,1758146964839,4.141999959945679,4142,880.0,870.32965,837.6923,801.4286
1758146964.839,1758146964839,4.141999959945679,4142,734.5421,755.89746,690.6227,795.38464
1758146964.839,1758146964839,4.141999959945679,4142,711.1722,716.0073,742.1978,793.7729
1758146964.876,1758146964876,4.178999900817871,4179,850.58606,822.381,917.0696,801.8315
1758146964.877,1758146964877,4.180000066757202,4180,911.4286,886.8498,904.9817,808.2784
1758146964.877,1758146964877,4.180000066757202,4180,774.43225,786.1172,707.9487,805.4579
1758146964.877,1758146964877,4.180000066757202,4180,692.6374,712.381,686.5934,804.65204
1758146964.878,1758146964878,4.180999994277954,4181,813.91943,801.02563,925.5311,808.2784
1758146964.878,1758146964878,4.180999994277954,4181,926.7399,900.54944,970.65936,812.71063
1758146964.878,1758146964878,4.180999994277954,4181,814.7253,823.1868,693.8461,808.68134
1758146964.879,1758146964879,4.181999921798706,4182,681.3553,713.9927,661.6117,800.6227
1758146964.879,1758146964879,4.181999921798706,4182,764.35895,763.5531,857.03296,802.6374
1758146964.879,1758146964879,4.181999921798706,4182,905.38464,871.13556,897.72894,810.293
1758146964.88,1758146964880,4.183000087738037,4183,854.21246,851.39197,774.83514,813.91943
1758146964.88,1758146964880,4.183000087738037,4183,714.7985,742.6007,626.1539,806.6667
1758146964.928,1758146964928,4.230999946594238,4231,741.79486,737.76556,793.7729,806.26373
1758146964.928,1758146964928,4.230999946594238,4231,885.64105,848.5714,967.4359,814.7253
1758146964.929,1758146964929,4.23199987411499,4232,898.1319,880.40295,886.04395,818.3516
1758146964.929,1758146964929,4.23199987411499,4232,761.53845,778.0586,689.41394,811.9048
1758146964.929,1758146964929,4.23199987411499,4232,715.6044,728.49817,730.5128,805.05493
1758146964.93,1758146964930,4.233000040054321,4233,845.7509,819.9634,968.24176,808.68134
1758146964.93,1758146964930,4.233000040054321,4233,924.7253,892.8938,939.2308,814.7253
1758146964.93,1758146964930,4.233000040054321,4233,797.8022,809.89014,662.8205,813.1135
1758146964.932,1758146964932,4.234999895095825,4235,697.0696,723.2601,608.8278,805.8608
1758146964.932,1758146964932,4.234999895095825,4235,799.011,788.1319,883.22345,804.65204
1758146964.933,1758146964933,4.236000061035156,4236,915.4579,888.0586,963.4066,811.9048
1758146964.933,1758146964933,4.236000061035156,4236,825.6044,837.6923,738.5714,808.2784
1758146964.964,1758146964964,4.266999959945679,4267,701.0989,732.1245,675.31134,800.6227
1758146964.965,1758146964965,4.267999887466431,4268,755.89746,752.674,821.1722,797.8022
1758146964.965,1758146964965,4.267999887466431,4268,879.19415,854.21246,933.1868,801.4286
1758146964.965,1758146964965,4.267999887466431,4268,851.79486,859.85345,828.8278,807.0696
1758146964.966,1758146964966,4.269000053405762,4269,720.84247,758.71796,676.52014,805.8608
1758146964.966,1758146964966,4.269000053405762,4269,727.6923,733.73627,796.5934,802.6374
1758146964.966,1758146964966,4.269000053405762,4269,864.2857,831.6484,943.663,805.05493
1758146964.967,1758146964967,4.269999980926514,4270,894.10254,876.77655,847.76556,807.8755
1758146964.967,1758146964967,4.269999980926514,4270,765.56775,783.2967,723.2601,799.011
1758146964.968,1758146964968,4.270999908447266,4271,707.1429,716.0073,672.0879,793.7729
1758146964.968,1758146964968,4.270999908447266,4271,816.7399,786.9231,882.8205,801.02563
1758146964.968,1758146964968,4.270999908447266,4271,900.54944,867.1062,945.2747,805.4579
1758146965.034,1758146965034,4.336999893188477,4337,797.8022,807.47253,720.0366,804.65204
1758146965.035,1758146965035,4.338000059127808,4338,703.1135,727.28937,739.7802,802.23444
1758146965.035,1758146965035,4.338000059127808,4338,783.2967,771.6117,871.13556,797.8022
1758146965.035,1758146965035,4.338000059127808,4338,891.685,863.47986,888.46155,801.02563
1758146965.036,1758146965036,4.33899998664856,4339,828.022,836.08057,799.81683,802.23444
1758146965.036,1758146965036,4.33899998664856,4339,709.5604,743.00366,780.87915,799.011
1758146965.036,1758146965036,4.33899998664856,4339,744.61536,750.65936,810.293,799.41394
1758146965.037,1758146965037,4.3399999141693115,4340,861.06226,841.31866,810.293,799.41394
1758146965.037,1758146965037,4.3399999141693115,4340,853.8095,857.03296,820.7692,802.6374
1758146965.037,1758146965037,4.3399999141693115,4340,728.0952,766.77655,724.87177,803.44324
1758146965.039,1758146965039,4.3420000076293945,4342,708.3516,735.34796,713.9927,800.6227
1758146965.04,1758146965040,4.3429999351501465,4343,836.4835,822.7839,885.2381,804.65204
1758146965.077,1758146965077,4.379999876022339,4380,887.6557,876.3736,905.38464,808.2784
1758146965.077,1758146965077,4.379999876022339,4380,771.6117,801.02563,734.94507,804.2491
1758146965.078,1758146965078,4.38100004196167,4381,706.7399,736.9597,713.1868,803.8461
1758146965.078,1758146965078,4.38100004196167,4381,798.20514,792.1612,826.0073,803.44324
1758146965.078,1758146965078,4.38100004196167,4381,886.4469,870.7326,915.4579,805.4579
1758146965.079,1758146965079,4.381999969482422,4382,805.05493,823.9927,843.3333,809.0842
1758146965.079,1758146965079,4.381999969482422,4382,702.3077,736.55676,671.28204,803.0403
1758146965.079,1758146965079,4.381999969482422,4382,764.35895,761.53845,728.9011,796.99634
1758146965.08,1758146965080,4.382999897003174,4383,879.59705,853.4066,962.1978,805.4579
1758146965.08,1758146965080,4.382999897003174,4383,837.6923,849.3773,796.5934,809.0842
1758146965.08,1758146965080,4.382999897003174,4383,719.6337,758.71796,680.54944,800.6227
1758146965.081,1758146965081,4.384000062942505,4384,737.76556,747.8388,770.80585,799.011
1758146965.105,1758146965105,4.4079999923706055,4408,857.8388,834.0659,893.2967,804.2491
1758146965.106,1758146965106,4.408999919891357,4409,869.5238,867.9121,849.3773,809.89014
1758146965.106,1758146965106,4.408999919891357,4409,749.45056,782.8938,706.337,808.68134
1758146965.107,1758146965107,4.4100000858306885,4410,707.1429,734.94507,712.381,802.23444
1758146965.107,1758146965107,4.4100000858306885,4410,811.9048,809.0842,906.99634,802.6374
1758146965.108,1758146965108,4.41100001335144,4411,884.43225,875.16486,967.8388,809.0842
1758146965.108,1758146965108,4.41100001335144,4411,789.34064,806.6667,770.80585,809.0842
1758146965.108,1758146965108,4.41100001335144,4411,708.7546,727.28937,636.63007,800.6227
1758146965.109,1758146965109,4.411999940872192,4412,795.78754,777.25275,761.53845,799.81683
1758146965.109,1758146965109,4.411999940872192,4412,893.69965,859.45056,913.44324,805.4579
1758146965.109,1758146965109,4.411999940872192,4412,822.7839,826.4103,805.4579,806.6667
1758146965.11,1758146965110,4.412999868392944,4413,720.0366,744.21246,686.5934,803.0403
1758146965.17,1758146965170,4.4730000495910645,4473,762.74725,756.7033,796.5934,801.02563
1758146965.171,1758146965171,4.473999977111816,4474,870.7326,840.5128,912.6374,803.44324
1758146965.171,1758146965171,4.473999977111816,4474,849.7802,845.34796,837.6923,807.8755
1758146965.172,1758146965172,4.474999904632568,4475,733.3333,759.92676,683.36993,807.8755
1758146965.172,1758146965172,4.474999904632568,4475,732.9304,742.6007,764.35895,804.65204
1758146965.173,1758146965173,4.476000070571899,4476,850.58606,827.2161,942.8571,805.8608
1758146965.173,1758146965173,4.476000070571899,4476,873.5531,861.4652,853.4066,809.0842
1758146965.173,1758146965173,4.476000070571899,4476,758.315,782.8938,712.7839,805.4579
1758146965.174,1758146965174,4.476999998092651,4477,714.7985,732.52747,735.7509,797.8022
1758146965.174,1758146965174,4.476999998092651,4477,815.9341,796.5934,785.31134,797.3993
1758146965.174,1758146965174,4.476999998092651,4477,893.2967,867.50916,842.52747,800.2198
1758146965.175,1758146965175,4.477999925613403,4478,811.50183,816.7399,775.64105,803.44324
1758146965.21,1758146965210,4.513000011444092,4513,729.304,746.2271,709.9634,802.6374
1758146965.21,1758146965210,4.513000011444092,4513,798.60803,785.7143,826.4103,801.8315
1758146965.211,1758146965211,4.513999938964844,4514,893.69965,863.47986,917.47253,805.4579
1758146965.211,1758146965211,4.513999938964844,4514,830.84247,834.0659,770.80585,806.6667
1758146965.211,1758146965211,4.513999938964844,4514,718.4249,746.63007,716.4103,800.2198
1758146965.212,1758146965212,4.514999866485596,4515,755.4945,758.71796,875.56775,799.41394
1758146965.212,1758146965212,4.514999866485596,4515,869.5238,845.7509,908.20514,801.8315
1758146965.212,1758146965212,4.514999866485596,4515,855.42126,855.0183,796.99634,804.2491
1758146965.213,1758146965213,4.516000032424927,4516,738.5714,766.3736,695.4579,802.23444
1758146965.213,1758146965213,4.516000032424927,4516,724.87177,734.1392,718.022,795.38464
1758146965.213,1758146965213,4.516000032424927,4516,836.8865,815.12823,872.74725,796.5934
1758146965.214,1758146965214,4.516999959945679,4517,880.40295,864.68866,884.43225,803.0403
1758146965.251,1758146965251,4.553999900817871,4554,772.4176,789.7436,785.31134,802.6374
1758146965.252,1758146965252,4.555000066757202,4555,707.9487,727.28937,739.3773,799.81683
1758146965.253,1758146965253,4.555999994277954,4556,801.4286,786.52014,828.4249,803.8461
1758146965.254,1758146965254,4.556999921798706,4557,884.43225,864.68866,924.7253,807.0696
1758146965.254,1758146965254,4.556999921798706,4557,798.60803,815.9341,792.96704,807.47253
1758146965.254,1758146965254,4.556999921798706,4557,705.12823,736.1539,755.89746,804.65204
1758146965.255,1758146965255,4.558000087738037,4558,775.64105,771.6117,824.3956,801.8315
1758146965.255,1758146965255,4.558000087738037,4558,887.6557,855.42126,886.04395,806.26373
1758146965.255,1758146965255,4.558000087738037,4558,832.8571,830.4396,803.8461,804.2491
1758146965.256,1758146965256,4.559000015258789,4559,715.6044,742.6007,649.5238,800.6227
1758146965.256,1758146965256,4.559000015258789,4559,747.03296,745.0183,755.89746,800.2198
1758146965.256,1758146965256,4.559000015258789,4559,869.92676,836.08057,888.0586,804.65204
1758146965.324,1758146965324,4.626999855041504,4627,869.12085,859.45056,857.4359,809.89014
1758146965.325,1758146965325,4.628000020980835,4628,745.82416,767.98535,726.8865,805.05493
1758146965.325,1758146965325,4.628000020980835,4628,722.0513,729.707,704.3223,798.60803
1758146965.326,1758146965326,4.628999948501587,4629,842.9304,815.12823,911.02563,803.0403
1758146965.326,1758146965326,4.628999948501587,4629,896.52014,876.3736,967.4359,813.5165
1758146965.327,1758146965327,4.629999876022339,4630,778.86444,797.8022,745.82416,808.2784
1758146965.327,1758146965327,4.629999876022339,4630,703.1135,726.4835,693.44324,801.8315
1758146965.327,1758146965327,4.629999876022339,4630,802.23444,790.54944,798.20514,801.8315
1758146965.328,1758146965328,4.63100004196167,4631,895.31134,875.16486,885.64105,807.8755
1758146965.328,1758146965328,4.63100004196167,4631,803.0403,821.978,786.9231,809.4872
1758146965.328,1758146965328,4.63100004196167,4631,699.89014,732.1245,694.2491,804.2491
1758146965.329,1758146965329,4.631999969482422,4632,770.40295,766.77655,803.44324,801.4286
1758146965.368,1758146965368,4.671000003814697,4671,892.49084,859.0476,923.91943,803.8461
1758146965.368,1758146965368,4.671000003814697,4671,843.73627,844.94507,820.7692,804.2491
1758146965.369,1758146965369,4.671999931335449,4672,709.15753,740.989,680.14655,794.9817
1758146965.369,1758146965369,4.671999931335449,4672,728.0952,734.1392,759.5238,793.7729
1758146965.371,1758146965371,4.674000024795532,4674,861.4652,838.0952,961.39197,805.4579
1758146965.371,1758146965371,4.674000024795532,4674,868.71796,865.4945,940.0366,809.0842
1758146965.371,1758146965371,4.674000024795532,4674,730.10986,765.56775,675.7143,801.4286
1758146965.372,1758146965372,4.674999952316284,4675,695.05493,718.022,689.41394,796.99634
1758146965.372,1758146965372,4.674999952316284,4675,823.5897,806.6667,907.8022,801.02563
1758146965.372,1758146965372,4.674999952316284,4675,891.28204,875.9707,840.10986,803.0403
1758146965.373,1758146965373,4.675999879837036,4676,769.59705,797.8022,691.4286,798.60803
1758146965.373,1758146965373,4.675999879837036,4676,684.57874,720.0366,702.71063,795.38464
1758146965.407,1758146965407,4.710000038146973,4710,790.14655,783.69965,843.73627,799.41394
1758146965.408,1758146965408,4.710999965667725,4711,900.9524,875.9707,940.4396,806.6667
1758146965.408,1758146965408,4.710999965667725,4711,812.3077,825.2015,755.09155,807.47253
1758146965.408,1758146965408,4.710999965667725,4711,691.02563,725.6777,630.58606,801.8315
1758146965.409,1758146965409,4.711999893188477,4712,762.3443,758.71796,857.03296,802.6374
1758146965.409,1758146965409,4.711999893188477,4712,900.9524,867.1062,1034.7252,809.89014
1758146965.409,1758146965409,4.711999893188477,4712,859.85345,856.2271,815.9341,812.3077
1758146965.41,1758146965410,4.713000059127808,4713,715.2015,740.58606,568.1319,802.23444
1758146965.41,1758146965410,4.713000059127808,4713,723.2601,726.08057,749.45056,795.38464
1758146965.41,1758146965410,4.713000059127808,4713,867.1062,832.0513,944.87177,801.02563
1758146965.41,1758146965410,4.713000059127808,4713,889.67035,870.32965,893.69965,805.4579
1758146965.411,1758146965411,4.71399998664856,4714,745.0183,768.7912,716.4103,802.23444
1758146965.439,1758146965439,4.741999864578247,4742,691.8315,708.7546,672.0879,796.1905
1758146965.439,1758146965439,4.741999864578247,4742,820.3663,799.011,902.5641,798.60803
1758146965.44,1758146965440,4.743000030517578,4743,906.99634,884.43225,947.28937,807.47253
1758146965.44,1758146965440,4.743000030517578,4743,789.34064,805.4579,697.0696,804.65204
1758146965.44,1758146965440,4.743000030517578,4743,687.3993,705.9341,695.4579,793.36993
1758146965.441,1758146965441,4.74399995803833,4744,794.57874,774.0293,968.24176,797.3993
1758146965.442,1758146965442,4.744999885559082,4745,915.05493,879.19415,934.3956,805.05493
1758146965.442,1758146965442,4.744999885559082,4745,820.3663,827.619,707.1429,800.6227
1758146965.443,1758146965443,4.746000051498413,4746,691.4286,724.4689,679.7436,796.5934
1758146965.443,1758146965443,4.746000051498413,4746,755.89746,750.2564,809.89014,795.38464
1758146965.443,1758146965443,4.746000051498413,4746,900.54944,857.03296,921.0989,801.02563
1758146965.444,1758146965444,4.746999979019165,4747,869.92676,857.03296,785.31134,803.44324
1758146965.493,1758146965493,4.796000003814697,4796,718.022,747.8388,652.74725,796.5934
1758146965.494,1758146965494,4.796999931335449,4797,718.022,724.4689,795.38464,794.9817
1758146965.494,1758146965494,4.796999931335449,4797,863.0769,832.0513,1000.07324,801.02563
1758146965.495,1758146965495,4.797999858856201,4798,894.10254,884.83514,833.663,807.8755
1758146965.495,1758146965495,4.797999858856201,4798,758.315,789.7436,666.04395,810.293
1758146965.495,1758146965495,4.797999858856201,4798,701.50183,724.87177,799.011,803.44324
1758146965.496,1758146965496,4.799000024795532,4799,823.1868,809.4872,873.1502,801.4286
1758146965.496,1758146965496,4.799000024795532,4799,912.6374,896.52014,857.03296,809.89014
1758146965.496,1758146965496,4.799000024795532,4799,791.75824,817.5458,725.2747,807.0696
1758146965.497,1758146965497,4.799999952316284,4800,679.34064,719.2308,659.59705,803.44324
1758146965.497,1758146965497,4.799999952316284,4800,778.46155,779.2674,878.3883,806.26373
1758146965.497,1758146965497,4.799999952316284,4800,910.2198,884.83514,930.7692,809.4872
1758146965.532,1758146965532,4.835000038146973,4835,828.8278,843.3333,747.4359,808.2784
1758146965.532,1758146965532,4.835000038146973,4835,689.41394,730.5128,655.16486,801.02563
1758146965.533,1758146965533,4.835999965667725,4836,739.7802,747.4359,830.84247,797.8022
1758146965.533,1758146965533,4.835999965667725,4836,885.64105,860.2564,936.0073,803.8461
1758146965.533,1758146965533,4.835999965667725,4836,877.5824,876.77655,845.34796,811.0989
1758146965.534,1758146965534,4.836999893188477,4837,735.7509,768.3883,737.3626,809.89014
1758146965.534,1758146965534,4.836999893188477,4837,710.7692,724.87177,734.94507,800.6227
1758146965.534,1758146965534,4.836999893188477,4837,846.1539,822.7839,853.8095,803.44324
1758146965.536,1758146965536,4.83899998664856,4839,907.3993,887.25275,882.8205,809.89014
1758146965.536,1758146965536,4.83899998664856,4839,770.80585,787.72894,676.52014,801.4286
1758146965.537,1758146965537,4.8399999141693115,4840,685.78754,702.71063,651.53845,793.7729
1758146965.537,1758146965537,4.8399999141693115,4840,811.9048,784.5055,881.6117,799.81683
1758146965.587,1758146965587,4.889999866485596,4890,931.1722,889.2674,956.9597,812.71063
1758146965.589,1758146965589,4.891999959945679,4892,827.619,819.5604,754.68866,809.89014
1758146965.589,1758146965589,4.891999959945679,4892,700.293,713.1868,671.685,798.60803
1758146965.59,1758146965590,4.892999887466431,4893,776.8498,772.8205,859.45056,803.0403
1758146965.59,1758146965590,4.892999887466431,4893,904.57874,891.685,977.50916,811.0989
1758146965.59,1758146965590,4.892999887466431,4893,836.4835,867.1062,821.1722,813.1135
1758146965.591,1758146965591,4.894000053405762,4894,687.8022,748.6447,642.27106,807.47253
1758146965.591,1758146965591,4.894000053405762,4894,714.7985,743.00366,707.1429,800.2198
1758146965.592,1758146965592,4.894999980926514,4895,865.89746,853.00366,950.9158,803.0403
1758146965.592,1758146965592,4.894999980926514,4895,879.59705,883.6264,871.9414,806.26373
1758146965.592,1758146965592,4.894999980926514,4895,731.31866,770.0,623.73627,800.6227
1758146965.593,1758146965593,4.895999908447266,4896,693.8461,717.2161,713.5897,801.4286
1758146965.625,1758146965625,4.927999973297119,4928,833.2601,816.337,913.0403,804.65204
1758146965.625,1758146965625,4.927999973297119,4928,907.3993,895.31134,920.293,808.2784
1758146965.626,1758146965626,4.928999900817871,4929,771.2088,801.02563,690.2198,807.8755
1758146965.626,1758146965626,4.928999900817871,4929,678.93774,708.3516,672.0879,804.65204
1758146965.626,1758146965626,4.928999900817871,4929,791.75824,782.49084,915.4579,805.4579
1758146965.626,1758146965626,4.928999900817871,4929,905.78754,881.2088,1014.17584,810.696
1758146965.627,1758146965627,4.930000066757202,4930,806.26373,819.5604,724.4689,811.9048
1758146965.627,1758146965627,4.930000066757202,4930,677.326,711.5751,603.1868,803.44324
1758146965.627,1758146965627,4.930000066757202,4930,752.27106,751.4652,866.30035,800.6227
1758146965.628,1758146965628,4.930999994277954,4931,890.87915,863.8828,928.3516,803.0403
1758146965.629,1758146965629,4.931999921798706,4932,849.3773,850.989,753.0769,805.05493
1758146965.63,1758146965630,4.933000087738037,4933,710.3663,742.1978,629.7802,799.81683
1758146965.681,1758146965681,4.983999967575073,4984,729.707,733.73627,826.4103,799.011
1758146965.682,1758146965682,4.984999895095825,4985,875.9707,842.52747,963.00366,809.4872
1758146965.682,1758146965682,4.984999895095825,4985,897.72894,886.04395,836.8865,815.12823
1758146965.683,1758146965683,4.986000061035156,4986,748.24176,779.2674,649.12085,809.89014
1758146965.683,1758146965683,4.986000061035156,4986,694.65204,715.6044,746.2271,803.8461
1758146965.684,1758146965684,4.986999988555908,4987,833.663,815.12823,1006.52014,808.68134
1758146965.685,1758146965685,4.98799991607666,4988,918.68134,898.1319,943.2601,815.12823
1758146965.685,1758146965685,4.98799991607666,4988,790.9524,811.50183,647.9121,811.9048
1758146965.686,1758146965686,4.989000082015991,4989,686.1905,714.3956,613.2601,799.011
1758146965.686,1758146965686,4.989000082015991,4989,792.5641,779.67035,892.8938,800.6227
1758146965.687,1758146965687,4.990000009536743,4990,921.0989,885.2381,967.8388,807.0696
1758146965.687,1758146965687,4.990000009536743,4990,832.8571,840.10986,755.09155,805.4579
1758146965.729,1758146965729,5.0320000648498535,5032,699.0842,726.08057,657.1795,800.2198
1758146965.729,1758146965729,5.0320000648498535,5032,755.09155,742.1978,821.978,800.2198
1758146965.73,1758146965730,5.0329999923706055,5033,898.1319,860.65936,983.95605,809.89014
1758146965.73,1758146965730,5.0329999923706055,5033,869.12085,864.68866,796.1905,813.5165
1758146965.73,1758146965730,5.0329999923706055,5033,715.6044,751.06226,687.8022,806.6667
1758146965.731,1758146965731,5.033999919891357,5034,710.7692,727.6923,808.68134,803.44324
1758146965.731,1758146965731,5.033999919891357,5034,853.00366,832.8571,923.1135,806.26373
1758146965.731,1758146965731,5.033999919891357,5034,896.52014,886.8498,842.52747,811.0989
1758146965.732,1758146965732,5.0350000858306885,5035,753.0769,782.8938,667.6557,808.2784
1758146965.732,1758146965732,5.0350000858306885,5035,680.9524,707.9487,696.26373,798.60803
1758146965.732,1758146965732,5.0350000858306885,5035,809.4872,796.1905,884.0293,799.81683
1758146965.733,1758146965733,5.03600001335144,5036,908.60803,889.2674,912.23444,806.6667
1758146965.767,1758146965767,5.069999933242798,5070,792.1612,811.0989,750.2564,801.8315
1758146965.768,1758146965768,5.07099986076355,5071,678.1319,712.7839,703.91943,796.5934
1758146965.768,1758146965768,5.07099986076355,5071,772.01465,772.01465,829.6337,802.23444
1758146965.768,1758146965768,5.07099986076355,5071,904.17584,880.0,902.96704,806.6667
1758146965.769,1758146965769,5.072000026702881,5072,831.6484,848.5714,778.46155,803.0403
1758146965.769,1758146965769,5.072000026702881,5072,697.47253,743.00366,732.1245,799.41394
1758146965.769,1758146965769,5.072000026702881,5072,738.5714,744.21246,813.91943,799.81683
1758146965.769,1758146965769,5.072000026702881,5072,877.5824,847.76556,845.7509,804.2491
1758146965.77,1758146965770,5.072999954223633,5073,880.40295,869.92676,795.38464,803.8461
1758146965.77,1758146965770,5.072999954223633,5073,734.1392,755.89746,672.0879,799.81683
1758146965.77,1758146965770,5.072999954223633,5073,703.5165,709.9634,722.8571,794.17584
1758146965.771,1758146965771,5.073999881744385,5074,850.18317,818.3516,890.87915,798.20514
1758146965.816,1758146965816,5.11899995803833,5119,916.26373,891.685,919.4872,805.8608
1758146965.817,1758146965817,5.119999885559082,5120,776.8498,789.7436,722.0513,798.20514
1758146965.817,1758146965817,5.119999885559082,5120,686.5934,705.5311,689.41394,790.14655
1758146965.817,1758146965817,5.119999885559082,5120,809.0842,784.90845,902.5641,789.7436
1758146965.818,1758146965818,5.121000051498413,5121,925.9341,886.8498,970.2564,796.5934
1758146965.818,1758146965818,5.121000051498413,5121,817.1429,828.022,786.9231,798.60803
1758146965.818,1758146965818,5.121000051498413,5121,692.6374,725.2747,686.1905,795.38464
1758146965.819,1758146965819,5.121999979019165,5122,772.4176,764.7619,829.6337,797.3993
1758146965.819,1758146965819,5.121999979019165,5122,908.60803,875.16486,961.79486,803.8461
1758146965.819,1758146965819,5.121999979019165,5122,848.5714,858.6447,716.4103,804.65204
1758146965.82,1758146965820,5.122999906539917,5123,695.4579,744.61536,641.06226,800.2198
1758146965.82,1758146965820,5.122999906539917,5123,720.0366,736.55676,786.9231,797.3993
1758146965.88,1758146965880,5.183000087738037,5183,871.53845,852.6007,896.52014,805.4579
1758146965.88,1758146965880,5.183000087738037,5183,886.8498,890.07324,879.59705,811.9048
1758146965.882,1758146965882,5.184999942779541,5185,739.3773,772.01465,682.96704,806.6667
1758146965.882,1758146965882,5.184999942779541,5185,698.68134,712.381,709.15753,800.6227
1758146965.882,1758146965882,5.184999942779541,5185,834.0659,812.71063,913.8461,800.6227
1758146965.883,1758146965883,5.185999870300293,5186,910.6227,893.69965,978.71796,803.8461
1758146965.883,1758146965883,5.185999870300293,5186,776.4469,806.26373,729.707,801.8315
1758146965.883,1758146965883,5.185999870300293,5186,671.685,710.7692,595.12823,796.99634
1758146965.883,1758146965883,5.185999870300293,5186,786.1172,781.28204,872.3443,798.60803
1758146965.884,1758146965884,5.187000036239624,5187,915.8608,887.25275,976.7033,802.23444
1758146965.884,1758146965884,5.187000036239624,5187,821.978,832.4542,747.03296,799.81683
1758146965.884,1758146965884,5.187000036239624,5187,688.20514,720.4396,647.50916,795.78754
1758146965.913,1758146965913,5.216000080108643,5216,755.4945,751.06226,828.022,795.38464
1758146965.913,1758146965913,5.216000080108643,5216,900.54944,865.09155,949.707,803.0403
1758146965.913,1758146965913,5.216000080108643,5216,866.30035,863.0769,845.34796,809.89014
1758146965.914,1758146965914,5.2170000076293945,5217,716.0073,749.45056,670.4762,804.65204
1758146965.914,1758146965914,5.2170000076293945,5217,716.4103,730.5128,788.1319,800.2198
1758146965.914,1758146965914,5.2170000076293945,5217,867.50916,845.7509,1010.14655,803.0403
1758146965.915,1758146965915,5.2179999351501465,5218,901.3553,897.326,840.10986,805.4579
1758146965.915,1758146965915,5.2179999351501465,5218,750.65936,786.1172,611.2454,802.23444
1758146965.915,1758146965915,5.2179999351501465,5218,690.2198,717.2161,724.0659,799.81683
1758146965.916,1758146965916,5.218999862670898,5219,822.7839,811.0989,865.4945,801.02563
1758146965.916,1758146965916,5.218999862670898,5219,914.65204,893.69965,893.69965,805.4579
1758146965.916,1758146965916,5.218999862670898,5219,791.75824,811.0989,703.5165,807.8755
1758146965.947,1758146965947,5.25,5250,684.57874,714.7985,684.9817,801.02563
1758146965.947,1758146965947,5.25,5250,788.5348,772.8205,895.7143,803.44324
1758146965.948,1758146965948,5.250999927520752,5251,915.4579,875.9707,960.989,805.8608
1758146965.948,1758146965948,5.250999927520752,5251,828.8278,831.2454,741.79486,802.6374
1758146965.949,1758146965949,5.251999855041504,5252,693.8461,721.2454,687.8022,799.81683
1758146965.95,1758146965950,5.253000020980835,5253,744.61536,738.5714,895.31134,797.3993
1758146965.95,1758146965950,5.253000020980835,5253,887.6557,855.42126,970.2564,802.6374
1758146965.95,1758146965950,5.253000020980835,5253,871.13556,869.92676,796.1905,808.2784
1758146965.95,1758146965950,5.253000020980835,5253,720.84247,752.27106,600.7692,799.011
1758146965.951,1758146965951,5.253999948501587,5254,705.12823,716.0073,710.3663,796.99634
1758146965.951,1758146965951,5.253999948501587,5254,852.1978,827.619,918.2784,806.6667
1758146965.951,1758146965951,5.253999948501587,5254,909.41394,892.0879,921.9048,811.50183
1758146966.007,1758146966007,5.309999942779541,5310,767.1795,787.326,712.381,805.8608
1758146966.008,1758146966008,5.310999870300293,5311,690.6227,709.15753,684.57874,801.4286
1758146966.008,1758146966008,5.310999870300293,5311,816.337,797.8022,905.78754,805.4579
1758146966.009,1758146966009,5.312000036239624,5312,922.71063,894.90845,914.2491,813.1135
1758146966.009,1758146966009,5.312000036239624,5312,809.0842,821.1722,755.09155,813.91943
1758146966.009,1758146966009,5.312000036239624,5312,685.38464,714.3956,748.24176,805.8608
1758146966.01,1758146966010,5.312999963760376,5313,767.1795,762.74725,843.73627,799.41394
1758146966.01,1758146966010,5.312999963760376,5313,899.7436,873.5531,870.32965,805.05493
1758146966.01,1758146966010,5.312999963760376,5313,832.0513,840.10986,762.74725,808.2784
1758146966.011,1758146966011,5.313999891281128,5314,686.99634,722.0513,666.4469,800.2198
1758146966.011,1758146966011,5.313999891281128,5314,719.6337,728.9011,725.6777,798.20514
1758146966.011,1758146966011,5.313999891281128,5314,869.12085,844.1392,903.7729,804.2491
1758146966.042,1758146966042,5.3450000286102295,5345,875.16486,870.32965,840.5128,809.89014
1758146966.042,1758146966042,5.3450000286102295,5345,723.663,757.1062,660.80585,806.6667
1758146966.042,1758146966042,5.3450000286102295,5345,697.47253,711.1722,722.4542,800.6227
1758146966.043,1758146966043,5.3459999561309814,5346,842.9304,816.7399,892.8938,803.0403
1758146966.043,1758146966043,5.3459999561309814,5346,911.02563,888.86444,937.619,803.8461
1758146966.043,1758146966043,5.3459999561309814,5346,785.7143,805.05493,786.1172,801.8315
1758146966.045,1758146966045,5.3480000495910645,5348,697.0696,720.0366,677.326,798.20514
1758146966.045,1758146966045,5.3480000495910645,5348,801.4286,784.10254,786.9231,798.60803
1758146966.045,1758146966045,5.3480000495910645,5348,915.05493,886.04395,901.75824,804.2491
1758146966.046,1758146966046,5.348999977111816,5349,816.337,827.2161,758.315,803.8461
1758146966.046,1758146966046,5.348999977111816,5349,691.4286,720.0366,672.8938,799.41394
1758146966.046,1758146966046,5.348999977111816,5349,768.7912,756.7033,822.7839,798.60803
1758146966.129,1758146966129,5.431999921798706,5432,908.60803,871.53845,995.64105,807.0696
1758146966.13,1758146966130,5.433000087738037,5433,861.06226,861.4652,832.0513,811.9048
1758146966.13,1758146966130,5.433000087738037,5433,711.1722,738.5714,607.2161,804.65204
1758146966.13,1758146966130,5.433000087738037,5433,727.6923,726.08057,755.4945,801.8315
1758146966.13,1758146966130,5.433000087738037,5433,873.1502,838.9011,954.5421,805.4579
1758146966.131,1758146966131,5.434000015258789,5434,889.2674,879.59705,926.7399,805.8608
1758146966.131,1758146966131,5.434000015258789,5434,740.989,772.8205,713.9927,801.02563
1758146966.131,1758146966131,5.434000015258789,5434,684.57874,709.15753,680.14655,796.1905
1758146966.132,1758146966132,5.434999942779541,5435,823.1868,806.6667,882.01465,801.4286
1758146966.132,1758146966132,5.434999942779541,5435,911.8315,892.49084,905.38464,806.26373
1758146966.132,1758146966132,5.434999942779541,5435,783.2967,808.68134,708.3516,800.2198
1758146966.133,1758146966133,5.435999870300293,5436,678.93774,715.2015,654.7619,794.9817
1758146966.171,1758146966171,5.473999977111816,5474,789.7436,785.31134,874.35895,798.20514
1758146966.171,1758146966171,5.473999977111816,5474,917.0696,892.8938,955.34796,803.8461
1758146966.172,1758146966172,5.474999904632568,5475,821.5751,840.9158,735.34796,803.8461
1758146966.172,1758146966172,5.474999904632568,5475,684.57874,723.663,635.82416,794.9817
1758146966.172,1758146966172,5.474999904632568,5475,750.65936,753.8828,885.2381,792.96704
1758146966.173,1758146966173,5.476000070571899,5476,899.7436,874.7619,995.64105,802.23444
1758146966.173,1758146966173,5.476000070571899,5476,865.89746,869.12085,801.02563,807.0696
1758146966.173,1758146966173,5.476000070571899,5476,710.7692,749.0476,605.6044,796.99634
1758146966.175,1758146966175,5.477999925613403,5478,708.7546,722.8571,724.87177,789.34064
1758146966.175,1758146966175,5.477999925613403,5478,857.8388,832.0513,945.2747,795.38464
1758146966.176,1758146966176,5.479000091552734,5479,901.3553,887.6557,891.685,807.47253
1758146966.176,1758146966176,5.479000091552734,5479,754.2857,782.49084,693.44324,808.2784
1758146966.219,1758146966219,5.522000074386597,5522,680.54944,710.3663,721.6484,798.60803
1758146966.219,1758146966219,5.522000074386597,5522,810.293,799.81683,900.9524,803.0403
1758146966.22,1758146966220,5.523000001907349,5523,911.4286,894.10254,932.381,811.9048
1758146966.22,1758146966220,5.523000001907349,5523,791.75824,817.1429,720.84247,806.6667
1758146966.22,1758146966220,5.523000001907349,5523,676.1172,713.9927,636.2271,799.41394
1758146966.221,1758146966221,5.523999929428101,5524,777.6557,774.43225,910.2198,803.44324
1758146966.221,1758146966221,5.523999929428101,5524,914.65204,887.25275,963.8095,809.89014
1758146966.221,1758146966221,5.523999929428101,5524,834.0659,846.9597,745.42126,809.4872
1758146966.222,1758146966222,5.5249998569488525,5525,690.2198,727.6923,660.40295,802.6374
1758146966.222,1758146966222,5.5249998569488525,5525,737.3626,739.3773,765.9707,797.8022
1758146966.222,1758146966222,5.5249998569488525,5525,884.83514,857.4359,911.8315,805.4579
1758146966.222,1758146966222,5.5249998569488525,5525,871.9414,871.53845,804.65204,810.696
1758146966.265,1758146966265,5.568000078201294,5568,720.84247,753.47986,677.72894,802.6374
1758146966.266,1758146966266,5.569000005722046,5569,697.8755,713.5897,751.06226,798.20514
1758146966.266,1758146966266,5.569000005722046,5569,840.9158,819.5604,909.011,798.20514
1758146966.266,1758146966266,5.569000005722046,5569,901.75824,886.8498,890.87915,803.8461
1758146966.267,1758146966267,5.569999933242798,5570,763.1502,788.5348,726.8865,805.4579
1758146966.267,1758146966267,5.569999933242798,5570,680.9524,709.5604,770.80585,799.41394
1758146966.267,1758146966267,5.569999933242798,5570,804.65204,790.14655,904.57874,799.41394
1758146966.268,1758146966268,5.57099986076355,5571,916.6667,884.83514,840.5128,806.6667
1758146966.268,1758146966268,5.57099986076355,5571,803.8461,814.3223,707.1429,803.0403
1758146966.268,1758146966268,5.57099986076355,5571,686.1905,715.2015,688.60803,793.7729
1758146966.27,1758146966270,5.572999954223633,5573,780.07324,768.7912,900.54944,794.17584
1758146966.27,1758146966270,5.572999954223633,5573,917.8755,878.3883,976.30035,805.8608
1758146966.311,1758146966311,5.614000082015991,5614,852.1978,857.8388,741.79486,815.5311
1758146966.311,1758146966311,5.614000082015991,5614,701.0989,741.39197,648.71796,808.2784
1758146966.312,1758146966312,5.615000009536743,5615,733.73627,737.76556,808.2784,804.2491
1758146966.312,1758146966312,5.615000009536743,5615,881.6117,852.1978,918.68134,808.68134
1758146966.313,1758146966313,5.615999937057495,5616,886.04395,885.64105,890.87915,811.50183
1758146966.313,1758146966313,5.615999937057495,5616,734.1392,775.64105,763.1502,806.26373
1758146966.313,1758146966313,5.615999937057495,5616,691.8315,718.8278,700.293,798.60803
1758146966.313,1758146966313,5.615999937057495,5616,833.663,819.5604,834.4689,802.6374
1758146966.314,1758146966314,5.616999864578247,5617,908.60803,899.7436,921.0989,812.3077
1758146966.314,1758146966314,5.616999864578247,5617,771.2088,807.0696,681.75824,806.6667
1758146966.314,1758146966314,5.616999864578247,5617,676.1172,711.1722,636.2271,798.60803
1758146966.315,1758146966315,5.618000030517578,5618,794.57874,784.10254,902.96704,801.4286
1758146966.354,1758146966354,5.6570000648498535,5657,911.4286,887.6557,952.9304,807.47253
1758146966.355,1758146966355,5.6579999923706055,5658,811.50183,825.6044,725.6777,808.68134
1758146966.355,1758146966355,5.6579999923706055,5658,684.9817,716.8132,681.3553,799.41394
1758146966.356,1758146966356,5.658999919891357,5659,757.50916,753.47986,792.5641,797.3993
1758146966.356,1758146966356,5.658999919891357,5659,903.36993,869.92676,952.52747,803.8461
1758146966.356,1758146966356,5.658999919891357,5659,857.03296,860.65936,859.0476,806.26373
1758146966.357,1758146966357,5.6600000858306885,5660,701.9048,742.1978,666.04395,801.8315
1758146966.357,1758146966357,5.6600000858306885,5660,718.4249,727.28937,726.4835,800.2198
1758146966.357,1758146966357,5.6600000858306885,5660,871.53845,840.9158,899.7436,805.8608
1758146966.358,1758146966358,5.66100001335144,5661,900.54944,890.07324,871.9414,809.4872
1758146966.358,1758146966358,5.66100001335144,5661,757.1062,782.8938,720.0366,802.6374
1758146966.358,1758146966358,5.66100001335144,5661,709.9634,719.2308,706.337,796.1905
1758146966.388,1758146966388,5.690999984741211,5691,850.989,821.978,888.86444,801.02563
1758146966.388,1758146966388,5.690999984741211,5691,932.7839,914.2491,933.9927,807.8755
1758146966.388,1758146966388,5.690999984741211,5691,793.36993,832.4542,718.022,809.4872
1758146966.389,1758146966389,5.691999912261963,5692,673.2967,733.3333,642.27106,807.47253
1758146966.389,1758146966389,5.691999912261963,5692,773.22345,791.3553,868.71796,807.8755
1758146966.39,1758146966390,5.693000078201294,5693,904.9817,901.3553,1019.41394,813.1135
1758146966.39,1758146966390,5.693000078201294,5693,820.3663,854.21246,775.2381,810.293
1758146966.39,1758146966390,5.693000078201294,5693,684.9817,735.7509,624.5421,804.65204
1758146966.391,1758146966391,5.694000005722046,5694,748.6447,758.315,838.49817,808.68134
1758146966.391,1758146966391,5.694000005722046,5694,898.93774,874.35895,901.75824,816.337
1758146966.391,1758146966391,5.694000005722046,5694,876.77655,875.16486,773.6264,813.1135
1758146966.392,1758146966392,5.694999933242798,5695,728.9011,756.30035,665.64105,803.0403
1758146966.425,1758146966425,5.727999925613403,5728,724.4689,731.31866,777.25275,801.4286
1758146966.425,1758146966425,5.727999925613403,5728,875.16486,843.73627,946.4835,805.4579
1758146966.426,1758146966426,5.729000091552734,5729,912.23444,895.31134,861.8681,805.8608
1758146966.426,1758146966426,5.729000091552734,5729,759.92676,784.5055,657.5824,800.2198
1758146966.426,1758146966426,5.729000091552734,5729,700.293,716.0073,750.2564,798.60803
1758146966.426,1758146966426,5.729000091552734,5729,834.4689,809.4872,971.8681,802.23444
1758146966.427,1758146966427,5.730000019073486,5730,934.3956,898.93774,951.31866,807.8755
1758146966.427,1758146966427,5.730000019073486,5730,815.5311,817.9487,676.52014,807.8755
1758146966.427,1758146966427,5.730000019073486,5730,692.6374,709.15753,617.6923,796.1905
1758146966.428,1758146966428,5.730999946594238,5731,785.31134,765.56775,877.98535,796.5934
1758146966.428,1758146966428,5.730999946594238,5731,921.9048,881.6117,933.1868,805.4579
1758146966.428,1758146966428,5.730999946594238,5731,848.97437,845.7509,726.08057,803.8461
1758146966.49,1758146966490,5.792999982833862,5793,709.5604,726.08057,663.22345,799.011
1758146966.491,1758146966491,5.793999910354614,5794,752.27106,736.1539,826.0073,800.6227
1758146966.492,1758146966492,5.795000076293945,5795,897.326,848.5714,923.91943,803.8461
1758146966.493,1758146966493,5.796000003814697,5796,884.83514,866.7033,798.60803,802.6374
1758146966.493,1758146966493,5.796000003814697,5796,729.707,755.89746,700.293,797.3993
1758146966.493,1758146966493,5.796000003814697,5796,705.5311,716.0073,825.2015,795.38464
1758146966.493,1758146966493,5.796000003814697,5796,848.97437,817.5458,910.6227,798.60803
1758146966.494,1758146966494,5.796999931335449,5797,910.6227,883.6264,844.1392,803.44324
1758146966.494,1758146966494,5.796999931335449,5797,777.25275,791.3553,718.4249,803.0403
1758146966.494,1758146966494,5.796999931335449,5797,693.0403,708.3516,665.2381,797.8022
1758146966.495,1758146966495,5.797999858856201,5798,811.50183,786.52014,854.21246,799.41394
1758146966.495,1758146966495,5.797999858856201,5798,925.12823,886.4469,910.6227,806.6667
1758146966.519,1758146966519,5.822000026702881,5822,821.5751,825.2015,776.4469,807.47253
1758146966.52,1758146966520,5.822999954223633,5823,689.81683,716.8132,697.47253,800.6227
1758146966.52,1758146966520,5.822999954223633,5823,764.7619,757.50916,810.696,802.6374
1758146966.521,1758146966521,5.823999881744385,5824,906.5934,875.16486,953.73627,809.0842
1758146966.521,1758146966521,5.823999881744385,5824,845.34796,850.58606,782.49084,808.2784
1758146966.521,1758146966521,5.823999881744385,5824,695.05493,732.1245,683.7729,803.0403
1758146966.522,1758146966522,5.825000047683716,5825,725.2747,728.0952,831.6484,799.011
1758146966.522,1758146966522,5.825000047683716,5825,877.1795,840.10986,853.8095,802.23444
1758146966.522,1758146966522,5.825000047683716,5825,890.07324,875.9707,812.71063,809.4872
1758146966.523,1758146966523,5.825999975204468,5826,744.61536,766.77655,714.3956,804.2491
1758146966.523,1758146966523,5.825999975204468,5826,703.1135,708.3516,728.49817,797.8022
1758146966.523,1758146966523,5.825999975204468,5826,841.7216,807.0696,893.69965,802.23444
1758146966.579,1758146966579,5.881999969482422,5882,919.89014,886.4469,912.6374,809.89014
1758146966.58,1758146966580,5.882999897003174,5883,782.49084,796.1905,744.61536,807.0696
1758146966.581,1758146966581,5.884000062942505,5884,682.5641,705.9341,680.14655,799.81683
1758146966.581,1758146966581,5.884000062942505,5884,799.41394,780.87915,851.79486,805.05493
1758146966.583,1758146966583,5.885999917984009,5886,925.5311,894.90845,1018.20514,812.3077
1758146966.584,1758146966584,5.88700008392334,5887,828.8278,842.9304,794.17584,811.50183
1758146966.585,1758146966585,5.888000011444092,5888,699.0842,730.10986,639.0476,805.8608
1758146966.585,1758146966585,5.888000011444092,5888,762.3443,757.1062,794.17584,799.41394
1758146966.586,1758146966586,5.888999938964844,5889,904.57874,872.74725,967.8388,805.8608
1758146966.586,1758146966586,5.888999938964844,5889,870.7326,867.1062,779.2674,811.50183
1758146966.587,1758146966587,5.889999866485596,5890,720.4396,744.61536,618.0952,801.4286
1758146966.587,1758146966587,5.889999866485596,5890,732.1245,728.49817,775.2381,798.20514
1758146966.611,1758146966611,5.914000034332275,5914,882.4176,845.34796,951.31866,805.8608
1758146966.612,1758146966612,5.914999961853027,5915,913.0403,894.5055,859.45056,813.91943
1758146966.612,1758146966612,5.914999961853027,5915,764.35895,788.93774,686.1905,812.71063
1758146966.612,1758146966612,5.914999961853027,5915,700.293,718.8278,719.2308,802.23444
1758146966.613,1758146966613,5.915999889373779,5916,837.28937,806.26373,938.4249,802.6374
1758146966.613,1758146966613,5.915999889373779,5916,933.9927,898.93774,1016.5934,811.9048
1758146966.613,1758146966613,5.915999889373779,5916,798.60803,813.1135,723.663,806.26373
1758146966.614,1758146966614,5.91700005531311,5917,684.17584,711.978,558.86444,799.41394
1758146966.614,1758146966614,5.91700005531311,5917,795.78754,783.69965,827.2161,808.68134
1758146966.615,1758146966615,5.917999982833862,5918,925.5311,894.90845,975.4945,813.91943
1758146966.615,1758146966615,5.917999982833862,5918,840.10986,846.1539,755.4945,809.0842
1758146966.615,1758146966615,5.917999982833862,5918,703.1135,734.1392,651.53845,803.0403
1758146966.665,1758146966665,5.9679999351501465,5968,755.09155,751.4652,801.4286,801.8315
1758146966.666,1758146966666,5.968999862670898,5969,900.54944,865.4945,950.9158,807.8755
1758146966.666,1758146966666,5.968999862670898,5969,876.3736,873.5531,830.84247,809.4872
1758146966.666,1758146966666,5.968999862670898,5969,716.4103,752.27106,625.7509,801.8315
1758146966.666,1758146966666,5.968999862670898,5969,702.3077,723.2601,773.22345,798.60803
1758146966.667,1758146966667,5.9700000286102295,5970,851.39197,833.663,990.80585,803.0403
1758146966.668,1758146966668,5.9709999561309814,5971,897.326,890.4762,886.4469,807.47253
1758146966.669,1758146966669,5.971999883651733,5972,751.06226,785.7143,642.674,803.44324
1758146966.669,1758146966669,5.971999883651733,5972,680.14655,711.978,695.8608,799.81683
1758146966.669,1758146966669,5.971999883651733,5972,810.293,798.60803,836.4835,803.8461
1758146966.669,1758146966669,5.971999883651733,5972,918.68134,894.90845,913.8461,809.0842
1758146966.67,1758146966670,5.9730000495910645,5973,805.05493,826.8132,757.50916,812.3077
1758146966.699,1758146966699,6.001999855041504,6002,680.54944,714.3956,637.03296,806.6667
1758146966.699,1758146966699,6.001999855041504,6002,771.6117,761.53845,870.32965,804.2491
1758146966.7,1758146966700,6.003000020980835,6003,908.60803,874.35895,969.85345,810.293
1758146966.7,1758146966700,6.003000020980835,6003,836.4835,844.5421,744.21246,812.3077
1758146966.7,1758146966700,6.003000020980835,6003,690.6227,731.31866,685.38464,802.23444
1758146966.7,1758146966700,6.003000020980835,6003,729.304,733.3333,882.01465,795.78754
1758146966.701,1758146966701,6.003999948501587,6004,877.1795,842.52747,926.7399,801.8315
1758146966.701,1758146966701,6.003999948501587,6004,876.3736,867.50916,777.6557,807.47253
1758146966.701,1758146966701,6.003999948501587,6004,728.49817,759.12085,621.31866,800.6227
1758146966.702,1758146966702,6.004999876022339,6005,696.26373,716.4103,724.4689,795.78754
1758146966.702,1758146966702,6.004999876022339,6005,842.1245,821.978,952.1245,802.23444
1758146966.702,1758146966702,6.004999876022339,6005,911.02563,891.28204,911.8315,809.0842
1758146966.751,1758146966751,6.053999900817871,6054,769.19415,790.9524,712.7839,803.44324
1758146966.752,1758146966752,6.055000066757202,6055,680.9524,709.15753,704.3223,798.20514
1758146966.753,1758146966753,6.055999994277954,6056,802.23444,790.9524,913.44324,802.6374
1758146966.753,1758146966753,6.055999994277954,6056,912.23444,888.0586,931.978,809.89014
1758146966.754,1758146966754,6.056999921798706,6057,807.0696,822.7839,713.5897,808.2784
1758146966.754,1758146966754,6.056999921798706,6057,687.8022,717.2161,727.28937,801.02563
1758146966.755,1758146966755,6.058000087738037,6058,764.35895,757.50916,875.16486,798.20514
1758146966.755,1758146966755,6.058000087738037,6058,899.34064,869.12085,948.0952,800.6227
1758146966.757,1758146966757,6.059999942779541,6060,851.79486,858.24176,785.31134,803.0403
1758146966.758,1758146966758,6.060999870300293,6061,710.3663,744.21246,581.4286,797.3993
1758146966.758,1758146966758,6.060999870300293,6061,731.7216,731.7216,759.5238,797.8022
1758146966.758,1758146966758,6.060999870300293,6061,888.46155,846.55676,927.1429,811.50183
1758146966.793,1758146966793,6.0959999561309814,6096,907.3993,882.8205,857.03296,814.3223
1758146966.793,1758146966793,6.0959999561309814,6096,751.4652,776.4469,707.9487,807.0696
1758146966.794,1758146966794,6.096999883651733,6097,701.50183,716.0073,737.76556,800.2198
1758146966.794,1758146966794,6.096999883651733,6097,846.9597,815.5311,930.3663,800.2198
1758146966.794,1758146966794,6.096999883651733,6097,917.0696,894.10254,934.7985,807.47253
1758146966.795,1758146966795,6.0980000495910645,6098,781.685,803.44324,743.8095,806.6667
1758146966.795,1758146966795,6.0980000495910645,6098,697.0696,722.4542,699.0842,802.6374
1758146966.796,1758146966796,6.098999977111816,6099,797.3993,786.9231,809.89014,804.2491
1758146966.796,1758146966796,6.098999977111816,6099,918.68134,893.2967,883.6264,811.0989
1758146966.796,1758146966796,6.098999977111816,6099,829.6337,844.94507,761.53845,811.0989
1758146966.797,1758146966797,6.099999904632568,6100,692.6374,730.9158,655.56775,805.4579
1758146966.797,1758146966797,6.099999904632568,6100,752.674,756.30035,796.5934,803.0403
1758146966.876,1758146966876,6.178999900817871,6179,901.3553,873.95605,971.06226,806.26373
1758146966.876,1758146966876,6.178999900817871,6179,866.30035,875.56775,826.0073,809.89014
1758146966.877,1758146966877,6.180000066757202,6180,713.9927,761.9414,630.58606,808.2784
1758146966.877,1758146966877,6.180000066757202,6180,719.2308,738.97437,773.6264,803.44324
1758146966.877,1758146966877,6.180000066757202,6180,871.13556,847.3626,977.9121,806.6667
1758146966.878,1758146966878,6.180999994277954,6181,909.81683,893.69965,935.2015,813.1135
1758146966.878,1758146966878,6.180999994277954,6181,765.16486,784.5055,673.69965,809.0842
1758146966.878,1758146966878,6.180999994277954,6181,693.44324,708.3516,611.6484,801.4286
1758146966.878,1758146966878,6.180999994277954,6181,826.0073,801.02563,930.7692,804.2491
1758146966.879,1758146966879,6.181999921798706,6182,925.9341,893.69965,950.5128,811.0989
1758146966.88,1758146966880,6.183000087738037,6183,794.57874,809.89014,640.65936,806.6667
1758146966.881,1758146966881,6.184000015258789,6184,678.1319,712.7839,620.9158,801.4286
1758146966.916,1758146966916,6.218999862670898,6219,779.2674,772.4176,873.1502,803.44324
1758146966.916,1758146966916,6.218999862670898,6219,917.8755,888.46155,982.74725,808.68134
1758146966.917,1758146966917,6.2200000286102295,6220,839.707,855.42126,745.0183,809.89014
1758146966.917,1758146966917,6.2200000286102295,6220,694.65204,735.7509,602.7839,803.0403
1758146966.917,1758146966917,6.2200000286102295,6220,747.8388,748.24176,847.3626,799.41394
1758146966.917,1758146966917,6.2200000286102295,6220,897.72894,870.7326,1067.7656,805.8608
1758146966.918,1758146966918,6.2209999561309814,6221,878.3883,884.43225,812.3077,811.50183
1758146966.918,1758146966918,6.2209999561309814,6221,725.2747,760.7326,535.89746,805.8608
1758146966.918,1758146966918,6.2209999561309814,6221,713.9927,725.2747,740.18317,801.02563
1758146966.919,1758146966919,6.221999883651733,6222,861.06226,831.2454,987.5824,805.05493
1758146966.919,1758146966919,6.221999883651733,6222,905.78754,885.64105,916.26373,805.05493
1758146966.919,1758146966919,6.221999883651733,6222,756.7033,785.31134,682.5641,799.011
1758146966.961,1758146966961,6.263999938964844,6264,681.75824,711.5751,717.2161,797.8022
1758146966.962,1758146966962,6.264999866485596,6265,805.4579,799.41394,925.5311,804.65204
1758146966.962,1758146966962,6.264999866485596,6265,909.011,894.10254,925.9341,809.4872
1758146966.962,1758146966962,6.264999866485596,6265,801.8315,825.6044,708.3516,805.05493
1758146966.963,1758146966963,6.266000032424927,6266,682.96704,720.4396,668.86444,799.41394
1758146966.963,1758146966963,6.266000032424927,6266,770.80585,770.80585,937.619,801.8315
1758146966.964,1758146966964,6.266999959945679,6267,904.57874,885.2381,980.32965,807.47253
1758146966.964,1758146966964,6.266999959945679,6267,839.304,855.82416,711.978,806.6667
1758146966.964,1758146966964,6.266999959945679,6267,695.4579,736.1539,649.92676,799.011
1758146966.965,1758146966965,6.267999887466431,6268,727.28937,736.1539,794.17584,797.8022
1758146966.965,1758146966965,6.267999887466431,6268,875.16486,853.00366,922.71063,807.8755
1758146966.965,1758146966965,6.267999887466431,6268,876.77655,881.2088,821.5751,813.1135
1758146966.989,1758146966989,6.29200005531311,6292,726.4835,769.19415,654.35895,803.8461
1758146966.989,1758146966989,6.29200005531311,6292,697.0696,722.0513,755.4945,798.60803
1758146966.99,1758146966990,6.292999982833862,6293,839.304,822.381,942.8571,803.0403
1758146966.99,1758146966990,6.292999982833862,6293,911.02563,894.10254,877.1795,809.0842
1758146966.99,1758146966990,6.292999982833862,6293,778.0586,798.60803,761.9414,801.8315
1758146966.991,1758146966991,6.293999910354614,6294,684.17584,711.1722,759.92676,794.57874
1758146966.991,1758146966991,6.293999910354614,6294,794.9817,786.52014,857.03296,800.2198
1758146966.991,1758146966991,6.293999910354614,6294,907.8022,884.83514,842.1245,805.4579
1758146966.992,1758146966992,6.295000076293945,6295,811.9048,823.1868,686.99634,805.8608
1758146966.992,1758146966992,6.295000076293945,6295,686.1905,713.9927,659.19415,797.3993
1758146966.992,1758146966992,6.295000076293945,6295,757.1062,748.6447,821.5751,792.96704
1758146966.993,1758146966993,6.296000003814697,6296,900.14655,862.27106,939.6337,801.02563
1758146967.059,1758146967059,6.361999988555908,6362,853.00366,849.7802,835.6777,806.26373
1758146967.06,1758146967060,6.36299991607666,6363,699.0842,737.3626,679.7436,797.8022
1758146967.06,1758146967060,6.36299991607666,6363,710.7692,726.8865,777.6557,791.75824
1758146967.061,1758146967061,6.364000082015991,6364,863.8828,838.0952,907.3993,801.4286
1758146967.061,1758146967061,6.364000082015991,6364,888.86444,876.77655,873.5531,804.65204
1758146967.061,1758146967061,6.364000082015991,6364,743.00366,767.5824,761.53845,800.6227
1758146967.062,1758146967062,6.365000009536743,6365,694.65204,710.3663,728.9011,801.02563
1758146967.062,1758146967062,6.365000009536743,6365,826.0073,804.65204,896.1172,806.6667
1758146967.062,1758146967062,6.365000009536743,6365,907.3993,886.4469,931.5751,809.89014
1758146967.062,1758146967062,6.365000009536743,6365,776.8498,796.5934,660.40295,803.0403
1758146967.063,1758146967063,6.365999937057495,6366,676.52014,701.0989,620.5128,797.8022
1758146967.063,1758146967063,6.365999937057495,6366,789.34064,772.01465,876.3736,801.8315
1758146967.098,1758146967098,6.401000022888184,6401,917.8755,879.19415,962.1978,810.696
1758146967.099,1758146967099,6.4019999504089355,6402,830.4396,834.87177,744.61536,810.696
1758146967.101,1758146967101,6.4040000438690186,6404,692.23444,726.8865,659.59705,803.44324
1758146967.101,1758146967101,6.4040000438690186,6404,749.85345,748.24176,812.3077,796.1905
1758146967.101,1758146967101,6.4040000438690186,6404,899.34064,862.27106,982.74725,801.8315
1758146967.102,1758146967102,6.4049999713897705,6405,875.56775,871.9414,895.7143,813.5165
1758146967.102,1758146967102,6.4049999713897705,6405,718.022,754.2857,677.72894,805.4579
1758146967.102,1758146967102,6.4049999713897705,6405,705.5311,721.6484,676.1172,794.9817
1758146967.103,1758146967103,6.4059998989105225,6406,850.989,831.6484,887.6557,797.8022
1758146967.103,1758146967103,6.4059998989105225,6406,895.31134,886.4469,896.1172,805.05493
1758146967.103,1758146967103,6.4059998989105225,6406,754.2857,785.31134,738.1685,806.26373
1758146967.104,1758146967104,6.4070000648498535,6407,685.78754,715.2015,727.28937,802.23444
1758146967.143,1758146967143,6.44599986076355,6446,809.89014,799.81683,853.00366,803.0403
1758146967.143,1758146967143,6.44599986076355,6446,906.1905,889.2674,941.6484,809.0842
1758146967.144,1758146967144,6.447000026702881,6447,782.8938,813.91943,730.10986,806.26373
1758146967.144,1758146967144,6.447000026702881,6447,672.0879,718.8278,657.5824,799.011
1758146967.144,1758146967144,6.447000026702881,6447,770.0,774.83514,862.674,799.81683
1758146967.145,1758146967145,6.447999954223633,6448,900.54944,880.40295,978.71796,803.0403
1758146967.145,1758146967145,6.447999954223633,6448,825.6044,846.1539,765.9707,808.2784
1758146967.145,1758146967145,6.447999954223633,6448,684.57874,734.94507,622.1245,805.8608
1758146967.146,1758146967146,6.448999881744385,6449,734.94507,747.8388,820.7692,801.4286
1758146967.146,1758146967146,6.448999881744385,6449,885.2381,865.4945,906.99634,806.26373
1758146967.146,1758146967146,6.448999881744385,6449,872.3443,878.7912,790.54944,808.2784
1758146967.147,1758146967147,6.450000047683716,6450,728.9011,757.1062,619.304,799.41394
1758146967.167,1758146967167,6.4700000286102295,6470,714.7985,719.6337,762.74725,799.011
1758146967.168,1758146967168,6.4709999561309814,6471,860.65936,825.6044,959.7802,805.05493
1758146967.168,1758146967168,6.4709999561309814,6471,920.293,887.25275,933.5897,809.4872
1758146967.169,1758146967169,6.471999883651733,6472,777.25275,788.1319,701.50183,805.05493
1758146967.17,1758146967170,6.4730000495910645,6473,691.4286,704.3223,669.2674,799.41394
1758146967.171,1758146967171,6.473999977111816,6474,817.1429,785.31134,952.9304,802.23444
1758146967.171,1758146967171,6.473999977111816,6474,934.3956,883.6264,964.21246,805.4579
1758146967.171,1758146967171,6.473999977111816,6474,822.7839,814.3223,637.8388,804.65204
1758146967.172,1758146967172,6.474999904632568,6475,689.81683,715.2015,605.6044,797.3993
1758146967.172,1758146967172,6.474999904632568,6475,765.9707,770.80585,859.0476,797.8022
1758146967.172,1758146967172,6.474999904632568,6475,895.31134,888.0586,966.2271,807.0696
1758146967.173,1758146967173,6.476000070571899,6476,824.3956,861.4652,763.5531,809.0842
1758146967.234,1758146967234,6.536999940872192,6537,675.7143,739.7802,613.663,800.6227
1758146967.234,1758146967234,6.536999940872192,6537,712.381,739.3773,792.1612,801.02563
1758146967.235,1758146967235,6.537999868392944,6538,867.9121,853.4066,983.95605,809.0842
1758146967.235,1758146967235,6.537999868392944,6538,877.5824,880.0,829.6337,810.293
1758146967.235,1758146967235,6.537999868392944,6538,730.5128,763.95605,679.34064,806.6667
1758146967.236,1758146967236,6.539000034332275,6539,694.65204,711.978,809.89014,804.65204
1758146967.236,1758146967236,6.539000034332275,6539,836.08057,815.9341,954.1392,806.26373
1758146967.236,1758146967236,6.539000034332275,6539,911.4286,893.69965,934.3956,809.4872
1758146967.237,1758146967237,6.539999961853027,6540,778.86444,799.81683,641.8681,805.4579
1758146967.237,1758146967237,6.539999961853027,6540,680.54944,707.5458,599.15753,800.6227
1758146967.237,1758146967237,6.539999961853027,6540,791.3553,781.28204,898.93774,803.8461
1758146967.237,1758146967237,6.539999961853027,6540,913.8461,887.6557,987.98535,809.4872
1758146967.274,1758146967274,6.57699990272522,6577,813.5165,831.2454,722.8571,807.0696
1758146967.274,1758146967274,6.57699990272522,6577,677.72894,716.4103,613.2601,797.3993
1758146967.275,1758146967275,6.578000068664551,6578,750.65936,747.8388,844.5421,795.78754
1758146967.275,1758146967275,6.578000068664551,6578,898.1319,864.2857,928.7546,799.81683
1758146967.275,1758146967275,6.578000068664551,6578,857.03296,858.6447,813.1135,803.44324
1758146967.276,1758146967276,6.578999996185303,6579,706.337,747.4359,747.03296,805.4579
1758146967.277,1758146967277,6.579999923706055,6580,718.4249,735.7509,762.74725,804.65204
1758146967.278,1758146967278,6.581000089645386,6581,866.7033,845.34796,834.4689,806.6667
1758146967.278,1758146967278,6.581000089645386,6581,896.1172,892.0879,874.7619,813.1135
1758146967.278,1758146967278,6.581000089645386,6581,755.09155,788.1319,729.707,812.71063
1758146967.278,1758146967278,6.581000089645386,6581,702.3077,726.4835,667.25275,807.0696
1758146967.279,1758146967279,6.582000017166138,6582,832.0513,814.7253,855.42126,806.6667
1758146967.348,1758146967348,6.651000022888184,6651,922.3077,894.5055,952.9304,809.4872
1758146967.348,1758146967348,6.651000022888184,6651,805.4579,816.7399,735.34796,809.89014
1758146967.349,1758146967349,6.6519999504089355,6652,694.65204,718.022,676.9231,805.05493
1758146967.349,1758146967349,6.6519999504089355,6652,792.1612,777.6557,873.95605,805.8608
1758146967.349,1758146967349,6.6519999504089355,6652,919.89014,886.8498,960.58606,810.293
1758146967.35,1758146967350,6.6529998779296875,6653,835.6777,842.1245,837.28937,807.0696
1758146967.35,1758146967350,6.6529998779296875,6653,702.71063,728.49817,618.9011,801.02563
1758146967.35,1758146967350,6.6529998779296875,6653,758.315,745.0183,787.326,799.81683
1758146967.351,1758146967351,6.6540000438690186,6654,900.9524,859.45056,1025.4579,810.696
1758146967.351,1758146967351,6.6540000438690186,6654,876.3736,866.30035,761.9414,810.696
1758146967.351,1758146967351,6.6540000438690186,6654,721.2454,743.8095,578.60803,799.41394
1758146967.352,1758146967352,6.6549999713897705,6655,714.3956,712.381,734.5421,797.8022
1758146967.352,1758146967352,6.6549999713897705,6655,865.4945,828.022,1025.0549,807.0696
1758146967.353,1758146967353,6.6559998989105225,6656,909.41394,889.2674,931.1722,813.1135
1758146967.353,1758146967353,6.6559998989105225,6656,764.7619,788.93774,649.92676,808.2784
1758146967.353,1758146967353,6.6559998989105225,6656,689.41394,711.5751,649.92676,800.2198
1758146967.354,1758146967354,6.6570000648498535,6657,816.337,797.8022,915.4579,801.4286
1758146967.354,1758146967354,6.6570000648498535,6657,927.9487,898.93774,1049.6337,811.9048
1758146967.354,1758146967354,6.6570000648498535,6657,814.7253,828.8278,769.19415,810.696
1758146967.354,1758146967354,6.6570000648498535,6657,691.02563,724.87177,614.87177,801.02563
1758146967.356,1758146967356,6.658999919891357,6659,778.46155,774.43225,808.68134,802.23444
1758146967.356,1758146967356,6.658999919891357,6659,918.2784,890.07324,936.4103,810.293
1758146967.356,1758146967356,6.658999919891357,6659,851.79486,860.2564,769.59705,808.68134
1758146967.357,1758146967357,6.6600000858306885,6660,701.0989,738.5714,639.85345,799.011
1758146967.433,1758146967433,6.736000061035156,6736,733.3333,747.4359,813.5165,799.011
1758146967.434,1758146967434,6.736999988555908,6737,881.2088,860.2564,977.50916,803.8461
1758146967.434,1758146967434,6.736999988555908,6737,878.3883,873.5531,835.6777,803.0403
1758146967.434,1758146967434,6.736999988555908,6737,728.9011,761.53845,674.10254,801.4286
1758146967.435,1758146967435,6.73799991607666,6738,701.50183,722.0513,800.6227,799.41394
1758146967.435,1758146967435,6.73799991607666,6738,844.1392,830.4396,940.84247,801.8315
1758146967.435,1758146967435,6.73799991607666,6738,906.99634,895.7143,854.61536,809.0842
1758146967.436,1758146967436,6.739000082015991,6739,768.7912,792.1612,644.68866,805.8608
1758146967.436,1758146967436,6.739000082015991,6739,688.20514,711.978,700.293,799.011
1758146967.436,1758146967436,6.739000082015991,6739,807.8755,793.7729,873.95605,799.81683
1758146967.437,1758146967437,6.740000009536743,6740,921.9048,895.31134,905.38464,811.50183
1758146967.437,1758146967437,6.740000009536743,6740,819.5604,834.4689,720.84247,812.71063
1758146967.476,1758146967476,6.7790000438690186,6779,688.60803,723.2601,658.7912,801.4286
1758146967.476,1758146967476,6.7790000438690186,6779,767.5824,763.5531,854.61536,803.0403
1758146967.477,1758146967477,6.7799999713897705,6780,906.5934,878.3883,958.5714,807.8755
1758146967.477,1758146967477,6.7799999713897705,6780,852.6007,857.8388,788.1319,806.26373
1758146967.477,1758146967477,6.7799999713897705,6780,706.337,738.5714,697.0696,802.6374
1758146967.478,1758146967478,6.7809998989105225,6781,725.2747,728.49817,844.1392,797.8022
1758146967.478,1758146967478,6.7809998989105225,6781,873.95605,841.31866,919.89014,803.0403
1758146967.478,1758146967478,6.7809998989105225,6781,888.46155,877.1795,812.3077,812.3077
1758146967.479,1758146967479,6.7820000648498535,6782,739.7802,767.5824,641.4652,807.47253
1758146967.48,1758146967480,6.7829999923706055,6783,690.2198,711.5751,701.0989,796.1905
1758146967.481,1758146967481,6.783999919891357,6784,828.4249,811.9048,931.978,800.2198
1758146967.481,1758146967481,6.783999919891357,6784,911.02563,892.8938,899.34064,811.50183
1758146967.524,1758146967524,6.82699990272522,6827,778.46155,800.2198,691.02563,807.8755
1758146967.524,1758146967524,6.82699990272522,6827,677.326,703.1135,665.64105,800.2198
1758146967.525,1758146967525,6.828000068664551,6828,790.54944,776.04395,872.3443,803.0403
1758146967.525,1758146967525,6.828000068664551,6828,913.44324,884.83514,949.707,807.0696
1758146967.525,1758146967525,6.828000068664551,6828,813.5165,831.6484,801.8315,803.44324
1758146967.526,1758146967526,6.828999996185303,6829,680.14655,719.6337,697.8755,797.8022
1758146967.526,1758146967526,6.828999996185303,6829,748.24176,745.42126,799.41394,797.3993
1758146967.526,1758146967526,6.828999996185303,6829,895.31134,859.45056,936.8132,805.4579
1758146967.527,1758146967527,6.829999923706055,6830,860.65936,858.24176,810.696,808.2784
1758146967.527,1758146967527,6.829999923706055,6830,707.1429,738.97437,579.011,798.60803
1758146967.527,1758146967527,6.829999923706055,6830,714.3956,726.4835,769.59705,795.38464
1758146967.528,1758146967528,6.831000089645386,6831,866.7033,843.3333,978.315,802.6374
1758146967.569,1758146967569,6.871999979019165,6872,900.54944,883.6264,830.84247,805.05493
1758146967.57,1758146967570,6.872999906539917,6873,749.45056,772.8205,669.2674,799.011
1758146967.57,1758146967570,6.872999906539917,6873,684.17584,704.7253,711.978,791.3553
1758146967.571,1758146967571,6.874000072479248,6874,817.5458,796.99634,856.63007,795.38464
1758146967.571,1758146967571,6.874000072479248,6874,915.8608,893.2967,956.55676,804.2491
1758146967.571,1758146967571,6.874000072479248,6874,796.1905,816.337,819.15753,799.81683
1758146967.572,1758146967572,6.875,6875,687.8022,719.6337,686.1905,793.36993
1758146967.572,1758146967572,6.875,6875,789.34064,778.86444,784.5055,793.36993
1758146967.572,1758146967572,6.875,6875,919.89014,886.04395,904.17584,800.2198
1758146967.573,1758146967573,6.875999927520752,6876,843.73627,851.39197,799.41394,805.05493
1758146967.573,1758146967573,6.875999927520752,6876,702.71063,741.79486,654.35895,799.41394
1758146967.573,1758146967573,6.875999927520752,6876,750.65936,757.9121,803.0403,797.8022
1758146967.616,1758146967616,6.918999910354614,6919,898.1319,873.1502,936.8132,806.26373
1758146967.617,1758146967617,6.920000076293945,6920,880.40295,883.6264,815.12823,811.0989
1758146967.617,1758146967617,6.920000076293945,6920,730.5128,767.98535,701.0989,804.65204
1758146967.618,1758146967618,6.921000003814697,6921,709.9634,728.49817,693.8461,799.011
1758146967.618,1758146967618,6.921000003814697,6921,850.989,832.8571,909.81683,803.0403
1758146967.618,1758146967618,6.921000003814697,6921,909.81683,897.326,967.4359,807.8755
1758146967.619,1758146967619,6.921999931335449,6922,759.92676,793.7729,665.2381,803.8461
1758146967.619,1758146967619,6.921999931335449,6922,678.5348,717.2161,693.8461,801.02563
1758146967.62,1758146967620,6.922999858856201,6923,809.4872,808.68134,924.3223,804.65204
1758146967.62,1758146967620,6.922999858856201,6923,907.8022,895.31134,857.4359,811.50183
1758146967.62,1758146967620,6.922999858856201,6923,792.5641,819.15753,697.8755,813.5165
1758146967.621,1758146967621,6.924000024795532,6924,672.8938,714.7985,622.1245,804.2491
1758146967.656,1758146967656,6.958999872207642,6959,763.5531,765.16486,863.0769,801.8315
1758146967.656,1758146967656,6.958999872207642,6959,904.17584,884.0293,981.13556,810.293
1758146967.657,1758146967657,6.960000038146973,6960,836.08057,857.4359,765.56775,809.4872
1758146967.657,1758146967657,6.960000038146973,6960,694.2491,740.58606,650.7326,801.02563
1758146967.657,1758146967657,6.960000038146973,6960,733.73627,742.6007,817.1429,801.8315
1758146967.658,1758146967658,6.960999965667725,6961,886.04395,858.24176,1035.5311,806.6667
1758146967.658,1758146967658,6.960999965667725,6961,892.0879,885.64105,910.2198,807.8755
1758146967.658,1758146967658,6.960999965667725,6961,739.7802,773.6264,632.1978,803.8461
1758146967.658,1758146967658,6.960999965667725,6961,704.7253,723.2601,664.43225,801.8315
1758146967.659,1758146967659,6.961999893188477,6962,846.1539,824.7985,900.9524,807.0696
1758146967.659,1758146967659,6.961999893188477,6962,913.44324,898.1319,900.54944,815.12823
1758146967.659,1758146967659,6.961999893188477,6962,775.2381,795.38464,673.2967,810.696
1758146967.696,1758146967696,6.999000072479248,6999,683.7729,704.3223,676.9231,801.4286
1758146967.697,1758146967697,7.0,7000,803.44324,784.5055,907.8022,802.6374
1758146967.699,1758146967699,7.001999855041504,7002,919.4872,884.0293,964.61536,807.0696
1758146967.699,1758146967699,7.001999855041504,7002,812.3077,821.978,727.28937,804.2491
1758146967.699,1758146967699,7.001999855041504,7002,688.60803,720.84247,688.60803,803.0403
1758146967.7,1758146967700,7.003000020980835,7003,770.80585,762.74725,940.84247,804.65204
1758146967.7,1758146967700,7.003000020980835,7003,905.78754,876.77655,965.82416,805.8608
1758146967.7,1758146967700,7.003000020980835,7003,852.6007,859.45056,735.7509,808.2784
1758146967.701,1758146967701,7.003999948501587,7004,707.1429,739.7802,670.07324,802.23444
1758146967.701,1758146967701,7.003999948501587,7004,724.4689,728.9011,746.2271,797.3993
1758146967.701,1758146967701,7.003999948501587,7004,872.74725,840.10986,877.1795,800.2198
1758146967.702,1758146967702,7.004999876022339,7005,890.07324,880.0,815.5311,806.6667
1758146967.738,1758146967738,7.040999889373779,7041,743.00366,773.22345,662.01465,803.44324
1758146967.739,1758146967739,7.04200005531311,7042,698.68134,716.0073,719.2308,797.3993
1758146967.739,1758146967739,7.04200005531311,7042,836.08057,815.5311,921.0989,805.05493
1758146967.739,1758146967739,7.04200005531311,7042,920.696,898.93774,952.9304,807.8755
1758146967.74,1758146967740,7.042999982833862,7043,791.3553,811.50183,724.4689,804.65204
1758146967.74,1758146967740,7.042999982833862,7043,691.8315,720.84247,716.8132,800.6227
1758146967.74,1758146967740,7.042999982833862,7043,802.6374,789.34064,909.011,798.20514
1758146967.741,1758146967741,7.043999910354614,7044,924.7253,892.8938,871.53845,801.4286
1758146967.741,1758146967741,7.043999910354614,7044,831.2454,840.9158,697.47253,801.02563
1758146967.741,1758146967741,7.043999910354614,7044,699.4872,728.49817,660.0,801.02563
1758146967.742,1758146967742,7.045000076293945,7045,755.89746,753.0769,840.10986,799.011
1758146967.742,1758146967742,7.045000076293945,7045,894.10254,865.09155,935.6044,801.8315
1758146967.804,1758146967804,7.10699987411499,7107,867.9121,865.09155,848.5714,807.0696
1758146967.804,1758146967804,7.10699987411499,7107,714.3956,744.61536,670.87915,801.8315
1758146967.805,1758146967805,7.108000040054321,7108,707.9487,716.0073,720.4396,797.3993
1758146967.805,1758146967805,7.108000040054321,7108,857.4359,822.7839,946.08057,804.65204
1758146967.806,1758146967806,7.108999967575073,7109,897.326,872.3443,897.326,809.4872
1758146967.807,1758146967807,7.109999895095825,7110,756.7033,772.8205,755.89746,806.6667
1758146967.807,1758146967807,7.109999895095825,7110,686.1905,701.9048,712.381,799.81683
1758146967.807,1758146967807,7.109999895095825,7110,807.8755,788.93774,869.5238,799.81683
1758146967.808,1758146967808,7.111000061035156,7111,911.4286,887.6557,934.7985,806.6667
1758146967.808,1758146967808,7.111000061035156,7111,799.41394,813.91943,682.1612,806.26373
1758146967.808,1758146967808,7.111000061035156,7111,679.34064,706.337,644.2857,799.011
1758146967.808,1758146967808,7.111000061035156,7111,769.19415,765.56775,868.315,797.3993
1758146967.848,1758146967848,7.151000022888184,7151,906.1905,885.2381,943.663,807.0696
1758146967.848,1758146967848,7.151000022888184,7151,827.619,846.1539,741.39197,806.6667
1758146967.848,1758146967848,7.151000022888184,7151,691.8315,732.9304,651.9414,795.38464
1758146967.849,1758146967849,7.1519999504089355,7152,743.00366,750.2564,801.8315,792.5641
1758146967.849,1758146967849,7.1519999504089355,7152,894.90845,870.32965,1012.1612,802.23444
1758146967.849,1758146967849,7.1519999504089355,7152,883.22345,885.2381,868.315,806.26373
1758146967.85,1758146967850,7.1529998779296875,7153,730.5128,766.3736,627.76556,798.60803
1758146967.85,1758146967850,7.1529998779296875,7153,711.978,724.87177,687.8022,795.38464
1758146967.85,1758146967850,7.1529998779296875,7153,856.63007,828.8278,881.6117,800.6227
1758146967.851,1758146967851,7.1540000438690186,7154,914.2491,892.8938,908.20514,808.2784
1758146967.851,1758146967851,7.1540000438690186,7154,774.83514,790.9524,716.0073,805.05493
1758146967.851,1758146967851,7.1540000438690186,7154,695.05493,707.1429,702.71063,796.5934
1758146967.89,1758146967890,7.193000078201294,7193,813.1135,789.7436,892.0879,801.02563
1758146967.89,1758146967890,7.193000078201294,7193,920.696,890.07324,931.1722,809.4872
1758146967.891,1758146967891,7.194000005722046,7194,811.0989,820.3663,720.84247,804.65204
1758146967.891,1758146967891,7.194000005722046,7194,685.38464,716.8132,622.9304,798.20514
1758146967.891,1758146967891,7.194000005722046,7194,771.2088,765.9707,892.49084,799.011
1758146967.892,1758146967892,7.194999933242798,7195,908.60803,880.0,1043.1868,805.8608
1758146967.893,1758146967893,7.19599986076355,7196,848.1685,858.24176,769.19415,808.2784
1758146967.894,1758146967894,7.197000026702881,7197,704.7253,738.5714,584.65204,798.60803
1758146967.894,1758146967894,7.197000026702881,7197,733.73627,736.9597,785.31134,796.5934
1758146967.894,1758146967894,7.197000026702881,7197,878.7912,858.24176,900.14655,806.26373
1758146967.894,1758146967894,7.197000026702881,7197,882.4176,888.0586,792.5641,807.0696
1758146967.895,1758146967895,7.197999954223633,7198,731.31866,769.59705,652.3443,797.3993
1758146967.927,1758146967927,7.230000019073486,7230,691.02563,712.381,722.0513,788.93774
1758146967.928,1758146967928,7.230999946594238,7231,832.8571,813.1135,946.8865,793.7729
1758146967.928,1758146967928,7.230999946594238,7231,906.5934,888.86444,927.5458,801.4286
1758146967.929,1758146967929,7.23199987411499,7232,776.04395,794.17584,691.8315,801.4286
1758146967.93,1758146967930,7.233000040054321,7233,692.23444,711.5751,707.5458,797.8022
1758146967.93,1758146967930,7.233000040054321,7233,806.6667,786.9231,955.34796,797.8022
1758146967.931,1758146967931,7.233999967575073,7234,915.05493,885.64105,989.19415,805.8608
1758146967.931,1758146967931,7.233999967575073,7234,811.9048,829.6337,686.99634,806.26373
1758146967.932,1758146967932,7.234999895095825,7235,676.1172,719.2308,587.0696,799.011
1758146967.932,1758146967932,7.234999895095825,7235,743.4066,752.27106,825.2015,799.81683
1758146967.933,1758146967933,7.236000061035156,7236,885.64105,865.09155,956.55676,807.8755
1758146967.933,1758146967933,7.236000061035156,7236,841.31866,853.4066,784.5055,811.50183
1758146967.973,1758146967973,7.276000022888184,7276,689.011,731.7216,606.0073,805.4579
1758146967.974,1758146967974,7.2769999504089355,7277,706.7399,722.4542,764.35895,803.0403
1758146967.974,1758146967974,7.2769999504089355,7277,858.24176,840.9158,940.84247,808.2784
1758146967.974,1758146967974,7.2769999504089355,7277,875.9707,875.9707,809.4872,807.8755
1758146967.975,1758146967975,7.2779998779296875,7278,734.1392,770.40295,697.8755,805.4579
1758146967.975,1758146967975,7.2779998779296875,7278,689.011,711.978,820.3663,800.2198
1758146967.975,1758146967975,7.2779998779296875,7278,824.3956,803.0403,923.1135,801.4286
1758146967.976,1758146967976,7.2790000438690186,7279,912.23444,888.46155,906.5934,807.0696
1758146967.977,1758146967977,7.2799999713897705,7280,784.10254,806.26373,713.5897,803.8461
1758146967.978,1758146967978,7.2809998989105225,7281,678.93774,710.3663,627.76556,801.8315
1758146967.978,1758146967978,7.2809998989105225,7281,789.7436,779.2674,848.1685,802.6374
1758146967.978,1758146967978,7.2809998989105225,7281,923.5165,892.8938,950.9158,808.68134
1758146968.01,1758146968010,7.312999963760376,7313,840.9158,848.1685,774.83514,810.696
1758146968.011,1758146968011,7.313999891281128,7314,707.1429,736.55676,672.8938,803.8461
1758146968.011,1758146968011,7.313999891281128,7314,761.13556,756.30035,842.1245,805.05493
1758146968.011,1758146968011,7.313999891281128,7314,900.54944,867.1062,954.94507,813.5165
1758146968.012,1758146968012,7.315000057220459,7315,874.7619,865.09155,807.8755,811.0989
1758146968.012,1758146968012,7.315000057220459,7315,732.1245,750.2564,715.6044,802.6374
1758146968.012,1758146968012,7.315000057220459,7315,729.707,724.0659,811.9048,802.23444
1758146968.013,1758146968013,7.315999984741211,7316,868.315,831.2454,865.4945,806.6667
1758146968.013,1758146968013,7.315999984741211,7316,902.1612,894.5055,853.4066,810.293
1758146968.013,1758146968013,7.315999984741211,7316,752.27106,803.0403,719.2308,807.8755
1758146968.013,1758146968013,7.315999984741211,7316,668.0586,728.0952,674.5055,805.4579
1758146968.014,1758146968014,7.316999912261963,7317,784.5055,812.71063,850.989,807.47253
1758146968.078,1758146968078,7.38100004196167,7381,892.49084,908.20514,944.4689,813.91943
1758146968.078,1758146968078,7.38100004196167,7381,780.87915,828.4249,758.315,811.0989
1758146968.079,1758146968079,7.381999969482422,7382,670.87915,720.0366,673.69965,801.8315
1758146968.079,1758146968079,7.381999969482422,7382,776.04395,776.04395,855.42126,803.8461
1758146968.08,1758146968080,7.382999897003174,7383,915.8608,889.2674,981.53845,809.4872
1758146968.08,1758146968080,7.382999897003174,7383,842.9304,850.989,834.87177,807.8755
1758146968.081,1758146968081,7.384000062942505,7384,704.3223,732.1245,662.8205,801.8315
1758146968.081,1758146968081,7.384000062942505,7384,743.4066,739.3773,773.6264,796.5934
1758146968.081,1758146968081,7.384000062942505,7384,886.4469,850.18317,949.707,797.8022
1758146968.082,1758146968082,7.384999990463257,7385,877.5824,865.09155,808.68134,799.41394
1758146968.083,1758146968083,7.385999917984009,7386,728.0952,752.674,620.10986,796.99634
1758146968.084,1758146968084,7.38700008392334,7387,703.91943,711.978,718.4249,796.5934
1758146968.107,1758146968107,7.4100000858306885,7410,848.97437,819.5604,946.4835,801.8315
1758146968.108,1758146968108,7.41100001335144,7411,917.0696,889.67035,925.5311,808.2784
1758146968.108,1758146968108,7.41100001335144,7411,774.43225,792.96704,708.7546,806.26373
1758146968.108,1758146968108,7.41100001335144,7411,681.75824,710.3663,670.07324,798.20514
1758146968.108,1758146968108,7.41100001335144,7411,802.23444,790.14655,903.36993,799.81683
1758146968.109,1758146968109,7.411999940872192,7412,913.8461,883.6264,1013.36993,805.4579
1758146968.109,1758146968109,7.411999940872192,7412,807.0696,814.7253,716.4103,803.44324
1758146968.109,1758146968109,7.411999940872192,7412,680.54944,705.9341,569.34064,795.78754
1758146968.11,1758146968110,7.412999868392944,7413,763.1502,748.24176,844.5421,798.20514
1758146968.11,1758146968110,7.412999868392944,7413,906.1905,868.315,967.03296,806.6667
1758146968.11,1758146968110,7.412999868392944,7413,848.5714,852.1978,727.28937,809.0842
1758146968.111,1758146968111,7.414000034332275,7414,706.7399,738.5714,647.50916,807.0696
1758146968.179,1758146968179,7.48199987411499,7482,729.304,734.5421,804.65204,806.6667
1758146968.18,1758146968180,7.483000040054321,7483,876.3736,849.7802,937.619,810.293
1758146968.18,1758146968180,7.483000040054321,7483,896.9231,887.25275,853.4066,813.1135
1758146968.18,1758146968180,7.483000040054321,7483,751.06226,775.64105,655.9707,809.0842
1758146968.181,1758146968181,7.483999967575073,7484,709.9634,715.6044,759.12085,802.6374
1758146968.181,1758146968181,7.483999967575073,7484,845.34796,816.7399,1012.5641,806.6667
1758146968.181,1758146968181,7.483999967575073,7484,919.0842,892.49084,921.9048,807.0696
1758146968.181,1758146968181,7.483999967575073,7484,787.326,795.78754,649.5238,796.5934
1758146968.182,1758146968182,7.484999895095825,7485,691.4286,709.5604,673.2967,790.9524
1758146968.182,1758146968182,7.484999895095825,7485,803.0403,782.8938,870.7326,796.1905
1758146968.182,1758146968182,7.484999895095825,7485,925.12823,884.0293,918.68134,803.8461
1758146968.182,1758146968182,7.484999895095825,7485,825.6044,828.4249,725.6777,805.05493
1758146968.219,1758146968219,7.522000074386597,7522,691.02563,718.8278,693.0403,801.8315
1758146968.22,1758146968220,7.523000001907349,7523,757.1062,748.24176,826.0073,799.81683
1758146968.22,1758146968220,7.523000001907349,7523,895.31134,862.27106,911.02563,804.65204
1758146968.22,1758146968220,7.523000001907349,7523,859.45056,860.65936,780.07324,808.2784
1758146968.221,1758146968221,7.523999929428101,7524,712.381,746.63007,702.3077,799.41394
1758146968.221,1758146968221,7.523999929428101,7524,723.663,728.0952,867.9121,796.5934
1758146968.221,1758146968221,7.523999929428101,7524,871.13556,837.28937,960.58606,803.8461
1758146968.221,1758146968221,7.523999929428101,7524,896.9231,877.5824,809.0842,807.47253
1758146968.222,1758146968222,7.5249998569488525,7525,752.674,773.6264,649.12085,802.6374
1758146968.222,1758146968222,7.5249998569488525,7525,689.81683,708.7546,716.4103,794.9817
1758146968.222,1758146968222,7.5249998569488525,7525,822.381,805.05493,886.8498,801.4286
1758146968.223,1758146968223,7.526000022888184,7526,917.47253,896.9231,892.0879,810.293
1758146968.264,1758146968264,7.566999912261963,7567,794.9817,815.5311,720.84247,809.0842
1758146968.264,1758146968264,7.566999912261963,7567,684.17584,716.0073,709.15753,803.8461
1758146968.265,1758146968265,7.568000078201294,7568,782.0879,772.8205,861.8681,802.23444
1758146968.265,1758146968265,7.568000078201294,7568,915.05493,882.8205,918.2784,810.293
1758146968.265,1758146968265,7.568000078201294,7568,840.5128,845.7509,824.3956,813.1135
1758146968.266,1758146968266,7.569000005722046,7569,702.71063,735.7509,721.2454,805.8608
1758146968.266,1758146968266,7.569000005722046,7569,748.6447,752.674,792.96704,801.8315
1758146968.266,1758146968266,7.569000005722046,7569,894.90845,861.8681,969.85345,806.6667
1758146968.267,1758146968267,7.569999933242798,7570,874.35895,868.315,791.3553,806.6667
1758146968.267,1758146968267,7.569999933242798,7570,720.4396,751.4652,572.1612,799.41394
1758146968.267,1758146968267,7.569999933242798,7570,713.9927,721.2454,763.1502,801.02563
1758146968.268,1758146968268,7.57099986076355,7571,856.63007,828.8278,909.41394,808.68134
1758146968.308,1758146968308,7.611000061035156,7611,905.38464,886.8498,913.8461,811.50183
1758146968.309,1758146968309,7.611999988555908,7612,759.92676,782.8938,734.94507,803.44324
1758146968.311,1758146968311,7.614000082015991,7614,684.57874,704.3223,718.8278,793.7729
1758146968.311,1758146968311,7.614000082015991,7614,813.91943,798.20514,878.7912,798.20514
1758146968.311,1758146968311,7.614000082015991,7614,911.4286,892.49084,952.9304,805.05493
1758146968.312,1758146968312,7.615000009536743,7615,801.8315,815.5311,805.05493,805.4579
1758146968.312,1758146968312,7.615000009536743,7615,685.78754,713.5897,650.32965,799.81683
1758146968.312,1758146968312,7.615000009536743,7615,769.19415,764.35895,781.685,797.8022
1758146968.313,1758146968313,7.615999937057495,7616,901.75824,876.3736,887.6557,803.44324
1758146968.313,1758146968313,7.615999937057495,7616,838.49817,853.00366,763.95605,809.89014
1758146968.313,1758146968313,7.615999937057495,7616,699.4872,738.97437,653.1502,805.4579
1758146968.313,1758146968313,7.615999937057495,7616,733.73627,743.00366,794.17584,798.60803
1758146968.34,1758146968340,7.642999887466431,7643,883.6264,857.03296,994.43225,806.26373
1758146968.341,1758146968341,7.644000053405762,7644,883.22345,884.83514,852.6007,814.3223
1758146968.341,1758146968341,7.644000053405762,7644,730.5128,773.22345,668.86444,808.2784
1758146968.342,1758146968342,7.644999980926514,7645,699.89014,727.28937,743.4066,798.60803
1758146968.342,1758146968342,7.644999980926514,7645,837.6923,826.4103,908.60803,803.8461
1758146968.343,1758146968343,7.645999908447266,7646,903.7729,892.0879,935.6044,812.71063
1758146968.343,1758146968343,7.645999908447266,7646,771.2088,796.99634,723.2601,807.8755
1758146968.343,1758146968343,7.645999908447266,7646,674.5055,705.9341,641.8681,799.81683
1758146968.344,1758146968344,7.647000074386597,7647,792.96704,785.31134,872.3443,803.0403
1758146968.344,1758146968344,7.647000074386597,7647,915.05493,894.5055,906.5934,812.71063
1758146968.344,1758146968344,7.647000074386597,7647,809.89014,833.663,774.83514,812.3077
1758146968.345,1758146968345,7.648000001907349,7648,679.34064,720.84247,675.7143,803.44324
1758146968.412,1758146968412,7.7149999141693115,7715,754.2857,758.315,799.81683,799.41394
1758146968.413,1758146968413,7.716000080108643,7716,892.49084,865.09155,963.4066,801.4286
1758146968.413,1758146968413,7.716000080108643,7716,842.52747,840.5128,803.0403,801.8315
1758146968.414,1758146968414,7.7170000076293945,7717,696.26373,722.4542,666.4469,796.1905
1758146968.415,1758146968415,7.7179999351501465,7718,710.3663,714.3956,781.28204,794.17584
1758146968.416,1758146968416,7.718999862670898,7719,862.27106,836.8865,1002.0879,804.2491
1758146968.416,1758146968416,7.718999862670898,7719,883.6264,876.77655,858.6447,805.4579
1758146968.417,1758146968417,7.7200000286102295,7720,732.9304,765.16486,585.8608,796.99634
1758146968.417,1758146968417,7.7200000286102295,7720,693.8461,711.5751,725.2747,798.60803
1758146968.417,1758146968417,7.7200000286102295,7720,833.2601,808.2784,932.7839,803.0403
1758146968.417,1758146968417,7.7200000286102295,7720,910.6227,891.685,898.5348,807.8755
1758146968.418,1758146968418,7.7209999561309814,7721,782.8938,805.4579,702.71063,804.65204
1758146968.441,1758146968441,7.74399995803833,7744,684.17584,710.3663,680.54944,796.5934
1758146968.442,1758146968442,7.744999885559082,7745,788.1319,777.25275,889.67035,798.20514
1758146968.442,1758146968442,7.744999885559082,7745,907.3993,884.83514,966.63007,807.47253
1758146968.442,1758146968442,7.744999885559082,7745,820.3663,834.0659,693.44324,809.89014
1758146968.443,1758146968443,7.746000051498413,7746,689.011,723.2601,645.09155,803.8461
1758146968.443,1758146968443,7.746000051498413,7746,751.4652,755.09155,924.7253,803.8461
1758146968.443,1758146968443,7.746000051498413,7746,895.7143,869.92676,947.6923,810.696
1758146968.444,1758146968444,7.746999979019165,7747,861.4652,866.7033,746.63007,813.1135
1758146968.444,1758146968444,7.746999979019165,7747,718.4249,753.8828,688.20514,807.8755
1758146968.444,1758146968444,7.746999979019165,7747,723.663,731.31866,736.55676,800.6227
1758146968.445,1758146968445,7.747999906539917,7748,865.4945,838.0952,914.2491,803.44324
1758146968.445,1758146968445,7.747999906539917,7748,899.34064,888.86444,873.95605,812.71063
1758146968.506,1758146968506,7.809000015258789,7809,756.7033,784.5055,676.1172,807.0696
1758146968.507,1758146968507,7.809999942779541,7810,693.0403,715.2015,700.293,799.41394
1758146968.507,1758146968507,7.809999942779541,7810,826.8132,809.4872,896.1172,807.0696
1758146968.508,1758146968508,7.810999870300293,7811,924.3223,900.14655,904.9817,815.5311
1758146968.508,1758146968508,7.810999870300293,7811,802.23444,818.3516,739.7802,811.9048
1758146968.508,1758146968508,7.810999870300293,7811,693.0403,716.4103,748.24176,805.05493
1758146968.51,1758146968510,7.812999963760376,7813,786.9231,773.22345,887.6557,803.0403
1758146968.51,1758146968510,7.812999963760376,7813,906.5934,885.2381,922.71063,808.2784
1758146968.51,1758146968510,7.812999963760376,7813,821.978,838.49817,695.8608,808.2784
1758146968.511,1758146968511,7.813999891281128,7814,683.7729,715.6044,607.619,799.011
1758146968.511,1758146968511,7.813999891281128,7814,735.7509,732.52747,801.8315,799.011
1758146968.511,1758146968511,7.813999891281128,7814,884.83514,848.1685,933.9927,805.05493
1758146968.557,1758146968557,7.859999895095825,7860,875.56775,867.50916,820.3663,812.71063
1758146968.557,1758146968557,7.859999895095825,7860,726.8865,753.8828,671.685,806.6667
1758146968.558,1758146968558,7.861000061035156,7861,706.337,716.4103,765.9707,801.02563
1758146968.558,1758146968558,7.861000061035156,7861,845.34796,825.2015,904.17584,805.8608
1758146968.558,1758146968558,7.861000061035156,7861,900.14655,887.6557,907.8022,809.4872
1758146968.559,1758146968559,7.861999988555908,7862,762.3443,788.93774,767.5824,805.05493
1758146968.559,1758146968559,7.861999988555908,7862,684.57874,714.3956,703.5165,800.6227
1758146968.56,1758146968560,7.86299991607666,7863,807.8755,797.8022,886.4469,804.2491
1758146968.56,1758146968560,7.86299991607666,7863,914.65204,888.46155,955.34796,811.50183
1758146968.56,1758146968560,7.86299991607666,7863,809.4872,816.337,692.23444,809.89014
1758146968.561,1758146968561,7.864000082015991,7864,684.9817,708.7546,589.0842,799.41394
1758146968.561,1758146968561,7.864000082015991,7864,765.56775,755.4945,824.3956,797.3993
1758146968.605,1758146968605,7.9079999923706055,7908,902.5641,865.09155,985.9707,803.44324
1758146968.605,1758146968605,7.9079999923706055,7908,841.31866,839.304,772.01465,805.05493
1758146968.605,1758146968605,7.9079999923706055,7908,695.8608,727.28937,653.1502,799.011
1758146968.606,1758146968606,7.908999919891357,7909,732.52747,731.7216,808.68134,794.9817
1758146968.606,1758146968606,7.908999919891357,7909,883.22345,846.55676,960.58606,801.8315
1758146968.606,1758146968606,7.908999919891357,7909,882.8205,875.16486,900.9524,805.8608
1758146968.607,1758146968607,7.9100000858306885,7910,731.7216,767.98535,688.60803,801.4286
1758146968.607,1758146968607,7.9100000858306885,7910,696.6667,718.022,666.4469,797.3993
1758146968.608,1758146968608,7.91100001335144,7911,835.6777,815.9341,876.3736,801.02563
1758146968.609,1758146968609,7.911999940872192,7912,905.38464,884.43225,910.6227,805.8608
1758146968.609,1758146968609,7.911999940872192,7912,770.80585,794.17584,689.011,804.65204
1758146968.609,1758146968609,7.911999940872192,7912,677.326,713.5897,670.4762,799.41394
1758146968.65,1758146968650,7.953000068664551,7953,794.17584,791.3553,937.619,802.23444
1758146968.651,1758146968651,7.953999996185303,7954,916.26373,892.8938,968.6447,808.2784
1758146968.651,1758146968651,7.953999996185303,7954,813.91943,830.0366,701.50183,804.2491
1758146968.651,1758146968651,7.953999996185303,7954,683.7729,723.663,628.1685,799.81683
1758146968.652,1758146968652,7.954999923706055,7955,761.53845,767.98535,855.42126,805.8608
1758146968.652,1758146968652,7.954999923706055,7955,907.8022,886.8498,1043.1868,812.71063
1758146968.652,1758146968652,7.954999923706055,7955,856.63007,865.4945,811.0989,813.5165
1758146968.653,1758146968653,7.956000089645386,7956,700.696,745.0183,613.2601,805.8608
1758146968.653,1758146968653,7.956000089645386,7956,710.3663,734.1392,755.09155,798.20514
1758146968.653,1758146968653,7.956000089645386,7956,856.2271,840.5128,887.25275,799.41394
1758146968.653,1758146968653,7.956000089645386,7956,882.4176,880.0,848.97437,806.6667
1758146968.654,1758146968654,7.957000017166138,7957,734.5421,766.3736,662.01465,801.02563
1758146968.69,1758146968690,7.993000030517578,7993,680.14655,704.7253,709.15753,794.57874
1758146968.69,1758146968690,7.993000030517578,7993,817.9487,804.65204,939.6337,804.2491
1758146968.691,1758146968691,7.99399995803833,7994,901.3553,885.64105,908.60803,810.293
1758146968.691,1758146968691,7.99399995803833,7994,771.2088,795.38464,704.3223,803.0403
1758146968.691,1758146968691,7.99399995803833,7994,670.87915,701.0989,732.9304,796.99634
1758146968.692,1758146968692,7.994999885559082,7995,775.2381,771.6117,884.43225,797.8022
1758146968.692,1758146968692,7.994999885559082,7995,898.5348,878.3883,954.1392,803.8461
1758146968.692,1758146968692,7.994999885559082,7995,809.89014,827.2161,683.7729,805.8608
1758146968.692,1758146968692,7.994999885559082,7995,679.34064,721.2454,590.696,800.6227
1758146968.693,1758146968693,7.996000051498413,7996,749.45056,753.0769,848.1685,799.41394
1758146968.694,1758146968694,7.996999979019165,7997,899.34064,866.30035,994.43225,814.3223
1758146968.695,1758146968695,7.997999906539917,7998,872.74725,865.89746,831.2454,818.3516
1758146968.723,1758146968723,8.026000022888184,8026,704.7253,735.34796,660.0,805.05493
1758146968.723,1758146968723,8.026000022888184,8026,689.41394,699.4872,786.1172,808.68134
1758146968.724,1758146968724,8.026999950408936,8027,834.4689,806.26373,960.18317,815.9341
1758146968.724,1758146968724,8.026999950408936,8027,843.3333,824.7985,878.7912,807.8755
1758146968.724,1758146968724,8.026999950408936,8027,674.5055,687.8022,741.39197,797.8022
1758146968.725,1758146968725,8.027999877929688,8028,585.8608,596.337,818.3516,804.65204
1758146968.725,1758146968725,8.027999877929688,8028,678.5348,650.32965,906.99634,808.2784
1758146968.725,1758146968725,8.027999877929688,8028,739.3773,712.7839,944.87177,804.2491
1758146968.726,1758146968726,8.029000043869019,8029,604.7985,619.707,797.3993,803.8461
1758146968.726,1758146968726,8.029000043869019,8029,476.26373,501.24542,638.24176,802.6374
1758146968.726,1758146968726,8.029000043869019,8029,564.10254,545.16486,860.65936,803.8461
1758146968.727,1758146968727,8.02999997138977,8030,699.0842,652.3443,1007.72894,808.68134
1758146968.762,1758146968762,8.065000057220459,8065,639.85345,624.94507,810.293,814.3223
1758146968.763,1758146968763,8.065999984741211,8066,514.94507,521.79486,680.9524,815.9341
1758146968.763,1758146968763,8.065999984741211,8066,562.8938,538.71796,853.8095,815.12823
1758146968.763,1758146968763,8.065999984741211,8066,718.022,664.0293,975.89746,819.15753
1758146968.764,1758146968764,8.066999912261963,8067,713.5897,690.2198,869.5238,817.5458
1758146968.764,1758146968764,8.066999912261963,8067,572.96704,582.23444,778.0586,811.0989
1758146968.764,1758146968764,8.066999912261963,8067,566.52014,556.8498,836.08057,810.293
1758146968.765,1758146968765,8.068000078201294,8068,718.022,674.90845,895.7143,814.7253
1758146968.765,1758146968765,8.068000078201294,8068,795.38464,759.92676,898.1319,821.978
1758146968.765,1758146968765,8.068000078201294,8068,678.5348,687.8022,779.2674,819.9634
1758146968.766,1758146968766,8.069000005722046,8069,611.2454,622.52747,763.1502,811.9048
1758146968.766,1758146968766,8.069000005722046,8069,747.8388,715.6044,922.71063,807.8755
1758146968.84,1758146968840,8.14299988746643,8143,870.32965,829.6337,911.8315,806.6667
1758146968.84,1758146968840,8.14299988746643,8143,776.4469,780.87915,735.7509,807.0696
1758146968.841,1758146968841,8.144000053405762,8144,670.87915,690.2198,687.3993,802.23444
1758146968.841,1758146968841,8.144000053405762,8144,765.9707,745.42126,847.76556,796.1905
1758146968.841,1758146968841,8.144000053405762,8144,911.8315,869.5238,1004.90845,796.5934
1758146968.842,1758146968842,8.144999980926514,8145,865.4945,853.8095,883.22345,797.3993
1758146968.842,1758146968842,8.144999980926514,8145,728.9011,747.8388,629.7802,794.17584
1758146968.842,1758146968842,8.144999980926514,8145,758.315,760.32965,728.9011,790.9524
1758146968.843,1758146968843,8.145999908447266,8146,915.4579,886.8498,997.25275,794.9817
1758146968.843,1758146968843,8.145999908447266,8146,933.1868,928.7546,825.6044,799.81683
1758146968.843,1758146968843,8.145999908447266,8146,786.9231,824.3956,624.5421,794.57874
1758146968.843,1758146968843,8.145999908447266,8146,750.65936,776.04395,699.0842,789.7436
1758146968.878,1758146968878,8.180999994277954,8181,894.5055,877.5824,903.7729,794.57874
1758146968.879,1758146968879,8.181999921798706,8182,979.12085,960.58606,903.7729,799.011
1758146968.879,1758146968879,8.181999921798706,8182,861.4652,875.16486,724.0659,796.1905
1758146968.88,1758146968880,8.183000087738037,8183,771.6117,786.9231,627.76556,789.7436
1758146968.88,1758146968880,8.183000087738037,8183,888.0586,865.4945,826.8132,792.5641
1758146968.88,1758146968880,8.183000087738037,8183,1018.60803,981.53845,992.8205,799.81683
1758146968.88,1758146968880,8.183000087738037,8183,913.44324,937.2161,712.7839,800.2198
1758146968.881,1758146968881,8.184000015258789,8184,766.77655,826.8132,552.4176,796.99634
1758146968.881,1758146968881,8.184000015258789,8184,828.022,860.2564,790.54944,796.1905
1758146968.881,1758146968881,8.184000015258789,8184,968.24176,978.71796,930.3663,803.44324
1758146968.882,1758146968882,8.184999942779541,8185,927.1429,970.65936,780.07324,803.44324
1758146968.882,1758146968882,8.184999942779541,8185,778.0586,845.34796,593.1135,794.57874
1758146968.914,1758146968914,8.217000007629395,8217,796.99634,823.5897,749.85345,793.36993
1758146968.915,1758146968915,8.217999935150146,8218,951.7216,936.8132,945.6777,798.20514
1758146968.918,1758146968918,8.220999956130981,8221,974.2857,973.8828,838.9011,800.6227
1758146968.918,1758146968918,8.220999956130981,8221,823.1868,863.0769,632.1978,798.20514
1758146968.919,1758146968919,8.221999883651733,8222,779.67035,808.68134,693.0403,794.57874
1758146968.919,1758146968919,8.221999883651733,8222,914.65204,900.9524,962.1978,797.8022
1758146968.92,1758146968920,8.223000049591064,8223,992.8205,973.0769,916.6667,800.6227
1758146968.92,1758146968920,8.223000049591064,8223,871.53845,890.4762,672.8938,795.78754
1758146968.921,1758146968921,8.223999977111816,8224,766.77655,792.5641,661.6117,790.14655
1758146968.921,1758146968921,8.223999977111816,8224,866.7033,851.79486,809.89014,789.7436
1758146968.922,1758146968922,8.224999904632568,8225,992.4176,960.18317,887.25275,794.57874
1758146968.922,1758146968922,8.224999904632568,8225,911.8315,918.2784,735.34796,796.99634
1758146968.949,1758146968949,8.251999855041504,8252,777.25275,800.6227,642.27106,793.7729
1758146968.95,1758146968950,8.253000020980835,8253,832.8571,817.9487,804.2491,790.9524
1758146968.95,1758146968950,8.253000020980835,8253,974.2857,933.9927,956.1539,798.20514
1758146968.95,1758146968950,8.253000020980835,8253,944.4689,940.0366,808.2784,801.02563
1758146968.951,1758146968951,8.253999948501587,8254,788.1319,825.6044,662.8205,794.17584
1758146968.951,1758146968951,8.253999948501587,8254,779.2674,794.9817,793.7729,792.96704
1758146968.952,1758146968952,8.254999876022339,8255,924.7253,894.10254,925.5311,794.9817
1758146968.952,1758146968952,8.254999876022339,8255,965.82416,942.8571,810.293,798.20514
1758146968.952,1758146968952,8.254999876022339,8255,821.978,839.707,670.07324,797.8022
1758146968.952,1758146968952,8.254999876022339,8255,744.61536,764.7619,704.3223,792.96704
1758146968.953,1758146968953,8.25600004196167,8256,867.9121,852.1978,820.3663,796.1905
1758146968.953,1758146968953,8.25600004196167,8256,972.674,943.2601,892.0879,801.02563
1758146969.02,1758146969020,8.322999954223633,8323,854.21246,860.2564,723.663,799.81683
1758146969.021,1758146969021,8.323999881744385,8324,731.7216,755.09155,660.40295,796.99634
1758146969.021,1758146969021,8.323999881744385,8324,821.1722,808.68134,851.79486,797.8022
1758146969.022,1758146969022,8.325000047683716,8325,949.304,912.6374,929.15753,801.02563
1758146969.024,1758146969024,8.32699990272522,8327,876.3736,877.1795,770.40295,803.8461
1758146969.024,1758146969024,8.32699990272522,8327,736.9597,764.35895,712.381,798.20514
1758146969.024,1758146969024,8.32699990272522,8327,774.0293,772.01465,798.60803,792.5641
1758146969.024,1758146969024,8.32699990272522,8327,907.8022,878.3883,899.7436,795.78754
1758146969.025,1758146969025,8.32800006866455,8328,897.326,898.1319,841.7216,799.81683
1758146969.025,1758146969025,8.32800006866455,8328,750.65936,790.9524,598.7546,797.8022
1758146969.025,1758146969025,8.32800006866455,8328,723.663,745.42126,712.381,794.17584
1758146969.026,1758146969026,8.328999996185303,8329,862.27106,842.9304,913.44324,797.8022
1758146969.062,1758146969062,8.365000009536743,8365,929.15753,914.2491,956.55676,806.26373
1758146969.063,1758146969063,8.365999937057495,8366,794.17584,819.9634,744.21246,805.4579
1758146969.063,1758146969063,8.365999937057495,8366,706.7399,735.7509,650.7326,803.8461
1758146969.064,1758146969064,8.366999864578247,8367,828.8278,816.337,857.8388,806.6667
1758146969.064,1758146969064,8.366999864578247,8367,943.663,915.8608,972.674,811.9048
1758146969.064,1758146969064,8.366999864578247,8367,836.8865,853.4066,817.1429,812.3077
1758146969.064,1758146969064,8.366999864578247,8367,709.9634,748.24176,672.8938,806.6667
1758146969.065,1758146969065,8.368000030517578,8368,785.7143,786.52014,786.1172,804.2491
1758146969.065,1758146969065,8.368000030517578,8368,915.8608,891.685,903.7729,805.05493
1758146969.065,1758146969065,8.368000030517578,8368,859.0476,871.9414,782.49084,806.26373
1758146969.066,1758146969066,8.36899995803833,8369,713.9927,754.68866,661.2088,804.2491
1758146969.066,1758146969066,8.36899995803833,8369,734.94507,745.0183,802.6374,802.6374
1758146969.105,1758146969105,8.407999992370605,8408,874.7619,856.63007,944.87177,807.0696
1758146969.105,1758146969105,8.407999992370605,8408,886.4469,888.46155,840.9158,807.8755
1758146969.106,1758146969106,8.408999919891357,8409,743.4066,778.0586,651.53845,799.41394
1758146969.106,1758146969106,8.408999919891357,8409,694.65204,721.2454,688.20514,794.9817
1758146969.106,1758146969106,8.408999919891357,8409,838.49817,827.2161,974.68866,804.2491
1758146969.107,1758146969107,8.410000085830688,8410,919.4872,907.8022,937.619,811.9048
1758146969.108,1758146969108,8.41100001335144,8411,779.67035,810.293,679.7436,810.696
1758146969.109,1758146969109,8.411999940872192,8412,681.3553,716.4103,657.98535,807.0696
1758146969.109,1758146969109,8.411999940872192,8412,794.17584,786.9231,857.4359,806.6667
1758146969.109,1758146969109,8.411999940872192,8412,920.696,894.10254,904.17584,811.9048
1758146969.11,1758146969110,8.412999868392944,8413,821.978,839.304,724.0659,811.0989
1758146969.11,1758146969110,8.412999868392944,8413,682.5641,730.5128,637.8388,805.05493
1758146969.13,1758146969130,8.433000087738037,8433,747.8388,757.1062,822.381,799.41394
1758146969.131,1758146969131,8.434000015258789,8434,890.4762,872.3443,958.5714,806.26373
1758146969.131,1758146969131,8.434000015258789,8434,861.4652,876.3736,809.0842,813.1135
1758146969.131,1758146969131,8.434000015258789,8434,711.978,761.13556,639.0476,808.68134
1758146969.132,1758146969132,8.434999942779541,8435,709.15753,732.1245,767.98535,804.65204
1758146969.132,1758146969132,8.434999942779541,8435,860.65936,843.3333,1010.54944,808.2784
1758146969.132,1758146969132,8.434999942779541,8435,896.1172,896.9231,874.35895,815.9341
1758146969.133,1758146969133,8.435999870300293,8436,754.68866,784.5055,603.9927,807.0696
1758146969.133,1758146969133,8.435999870300293,8436,698.68134,716.4103,669.2674,801.02563
1758146969.133,1758146969133,8.435999870300293,8436,831.6484,811.50183,894.10254,806.26373
1758146969.134,1758146969134,8.437000036239624,8437,925.5311,902.96704,937.619,809.89014
1758146969.134,1758146969134,8.437000036239624,8437,799.011,821.978,711.5751,805.05493
1758146969.2,1758146969200,8.503000020980835,8503,685.78754,718.8278,673.69965,798.60803
1758146969.2,1758146969200,8.503000020980835,8503,784.90845,777.25275,885.64105,802.6374
1758146969.2,1758146969200,8.503000020980835,8503,914.2491,888.86444,966.2271,810.293
1758146969.201,1758146969201,8.503999948501587,8504,832.4542,847.76556,729.304,810.293
1758146969.201,1758146969201,8.503999948501587,8504,696.26373,735.34796,632.6007,805.05493
1758146969.201,1758146969201,8.503999948501587,8504,751.4652,756.7033,910.6227,803.44324
1758146969.202,1758146969202,8.504999876022339,8505,892.49084,871.53845,983.95605,811.0989
1758146969.202,1758146969202,8.504999876022339,8505,873.95605,875.56775,771.6117,813.5165
1758146969.204,1758146969204,8.506999969482422,8507,728.49817,758.315,665.2381,805.8608
1758146969.204,1758146969204,8.506999969482422,8507,710.7692,724.4689,712.7839,798.60803
1758146969.205,1758146969205,8.507999897003174,8508,851.79486,828.4249,936.4103,804.2491
1758146969.205,1758146969205,8.507999897003174,8508,897.326,890.87915,871.53845,806.6667
1758146969.23,1758146969230,8.532999992370605,8533,755.89746,788.93774,661.6117,798.60803
1758146969.23,1758146969230,8.532999992370605,8533,682.96704,709.9634,721.6484,793.7729
1758146969.231,1758146969231,8.533999919891357,8534,809.4872,799.41394,888.86444,795.38464
1758146969.231,1758146969231,8.533999919891357,8534,921.0989,898.1319,925.5311,803.8461
1758146969.231,1758146969231,8.533999919891357,8534,809.4872,823.5897,732.9304,801.02563
1758146969.232,1758146969232,8.535000085830688,8535,682.96704,718.4249,720.4396,793.7729
1758146969.232,1758146969232,8.535000085830688,8535,765.16486,766.77655,875.56775,798.20514
1758146969.232,1758146969232,8.535000085830688,8535,897.72894,877.1795,892.8938,804.65204
1758146969.232,1758146969232,8.535000085830688,8535,838.0952,856.2271,767.5824,806.26373
1758146969.233,1758146969233,8.53600001335144,8536,696.26373,741.39197,669.2674,799.011
1758146969.233,1758146969233,8.53600001335144,8536,722.8571,739.7802,780.4762,792.96704
1758146969.234,1758146969234,8.536999940872192,8537,870.32965,855.82416,931.5751,800.6227
1758146969.299,1758146969299,8.601999998092651,8602,874.7619,881.6117,849.3773,807.47253
1758146969.299,1758146969299,8.601999998092651,8602,728.0952,767.5824,681.3553,803.0403
1758146969.3,1758146969300,8.602999925613403,8603,699.0842,721.2454,749.0476,801.02563
1758146969.3,1758146969300,8.602999925613403,8603,838.9011,827.2161,884.43225,805.05493
1758146969.3,1758146969300,8.602999925613403,8603,908.20514,897.72894,871.9414,805.4579
1758146969.301,1758146969301,8.604000091552734,8604,777.6557,799.81683,766.77655,800.2198
1758146969.301,1758146969301,8.604000091552734,8604,692.6374,716.4103,681.75824,794.57874
1758146969.301,1758146969301,8.604000091552734,8604,809.4872,793.7729,803.44324,798.20514
1758146969.301,1758146969301,8.604000091552734,8604,926.7399,898.1319,943.2601,809.4872
1758146969.302,1758146969302,8.605000019073486,8605,826.8132,834.87177,701.0989,807.8755
1758146969.303,1758146969303,8.605999946594238,8606,702.3077,724.87177,634.61536,800.6227
1758146969.304,1758146969304,8.60699987411499,8607,777.25275,767.1795,805.05493,800.6227
1758146969.331,1758146969331,8.634000062942505,8634,913.44324,880.80585,947.6923,805.05493
1758146969.331,1758146969331,8.634000062942505,8634,870.7326,869.92676,839.707,810.696
1758146969.332,1758146969332,8.634999990463257,8635,722.0513,752.27106,662.4176,808.2784
1758146969.332,1758146969332,8.634999990463257,8635,736.1539,732.1245,765.56775,800.6227
1758146969.332,1758146969332,8.634999990463257,8635,887.6557,842.52747,974.2857,804.65204
1758146969.332,1758146969332,8.634999990463257,8635,906.1905,886.4469,919.4872,811.9048
1758146969.333,1758146969333,8.635999917984009,8636,750.65936,773.22345,688.60803,803.8461
1758146969.333,1758146969333,8.635999917984009,8636,697.8755,708.3516,680.54944,798.60803
1758146969.333,1758146969333,8.635999917984009,8636,836.8865,812.71063,870.32965,808.2784
1758146969.334,1758146969334,8.63700008392334,8637,915.4579,897.326,909.81683,813.91943
1758146969.334,1758146969334,8.63700008392334,8637,786.9231,808.68134,707.1429,805.05493
1758146969.334,1758146969334,8.63700008392334,8637,692.23444,714.3956,700.696,799.81683
1758146969.385,1758146969385,8.687999963760376,8688,794.57874,774.0293,853.8095,801.8315
1758146969.386,1758146969386,8.688999891281128,8689,921.0989,881.6117,943.663,809.89014
1758146969.386,1758146969386,8.688999891281128,8689,834.87177,837.28937,777.25275,811.50183
1758146969.387,1758146969387,8.690000057220459,8690,693.8461,718.022,620.9158,800.6227
1758146969.387,1758146969387,8.690000057220459,8690,750.2564,738.97437,855.82416,798.20514
1758146969.388,1758146969388,8.690999984741211,8691,902.1612,859.0476,1058.4982,806.6667
1758146969.388,1758146969388,8.690999984741211,8691,874.35895,863.47986,809.89014,805.8608
1758146969.388,1758146969388,8.690999984741211,8691,716.0073,745.0183,601.978,796.5934
1758146969.388,1758146969388,8.690999984741211,8691,712.7839,718.8278,801.8315,793.7729
1758146969.389,1758146969389,8.691999912261963,8692,851.79486,822.7839,895.31134,795.38464
1758146969.389,1758146969389,8.691999912261963,8692,886.04395,872.3443,772.8205,802.23444
1758146969.389,1758146969389,8.691999912261963,8692,746.2271,771.2088,679.34064,800.6227
1758146969.414,1758146969414,8.717000007629395,8717,684.9817,701.50183,703.1135,796.1905
1758146969.415,1758146969415,8.717999935150146,8718,821.1722,799.81683,894.5055,803.44324
1758146969.415,1758146969415,8.717999935150146,8718,918.68134,894.5055,948.49817,811.50183
1758146969.416,1758146969416,8.718999862670898,8719,794.57874,812.71063,705.9341,808.68134
1758146969.416,1758146969416,8.718999862670898,8719,680.9524,716.4103,691.8315,802.6374
1758146969.417,1758146969417,8.72000002861023,8720,782.0879,780.87915,936.0073,800.6227
1758146969.417,1758146969417,8.72000002861023,8720,912.23444,880.80585,961.79486,802.6374
1758146969.417,1758146969417,8.72000002861023,8720,832.8571,831.2454,685.38464,797.8022
1758146969.418,1758146969418,8.720999956130981,8721,689.011,716.8132,586.26373,788.93774
1758146969.418,1758146969418,8.720999956130981,8721,734.94507,730.10986,820.3663,788.1319
1758146969.419,1758146969419,8.721999883651733,8722,882.8205,846.55676,967.4359,795.38464
1758146969.419,1758146969419,8.721999883651733,8722,873.1502,864.2857,807.8755,799.81683
1758146969.481,1758146969481,8.783999919891357,8784,724.0659,751.8681,719.2308,791.3553
1758146969.481,1758146969481,8.783999919891357,8784,708.7546,716.8132,785.31134,789.7436
1758146969.481,1758146969481,8.783999919891357,8784,859.85345,826.4103,885.64105,802.23444
1758146969.482,1758146969482,8.785000085830688,8785,917.47253,888.86444,857.4359,807.8755
1758146969.482,1758146969482,8.785000085830688,8785,774.83514,789.34064,704.3223,802.6374
1758146969.482,1758146969482,8.785000085830688,8785,699.0842,717.619,760.32965,801.4286
1758146969.483,1758146969483,8.78600001335144,8786,825.6044,806.6667,909.41394,807.47253
1758146969.483,1758146969483,8.78600001335144,8786,933.5897,903.7729,947.28937,810.293
1758146969.483,1758146969483,8.78600001335144,8786,823.1868,832.4542,729.707,805.4579
1758146969.484,1758146969484,8.786999940872192,8787,693.44324,722.8571,580.6227,797.8022
1758146969.484,1758146969484,8.786999940872192,8787,776.4469,768.7912,824.3956,799.41394
1758146969.484,1758146969484,8.786999940872192,8787,917.0696,878.7912,979.12085,807.0696
1758146969.516,1758146969516,8.819000005722046,8819,850.18317,854.61536,770.0,809.4872
1758146969.517,1758146969517,8.819999933242798,8820,703.91943,745.0183,653.95605,805.4579
1758146969.519,1758146969519,8.82200002670288,8822,730.9158,736.1539,798.60803,798.60803
1758146969.519,1758146969519,8.82200002670288,8822,877.1795,843.73627,933.9927,802.6374
1758146969.519,1758146969519,8.82200002670288,8822,884.0293,877.1795,911.02563,812.71063
1758146969.52,1758146969520,8.822999954223633,8823,734.5421,767.1795,715.6044,807.8755
1758146969.52,1758146969520,8.822999954223633,8823,698.2784,713.1868,753.47986,799.81683
1758146969.52,1758146969520,8.822999954223633,8823,830.84247,807.47253,845.7509,804.2491
1758146969.521,1758146969521,8.823999881744385,8824,900.9524,884.83514,839.707,808.68134
1758146969.521,1758146969521,8.823999881744385,8824,770.0,796.1905,732.1245,803.0403
1758146969.521,1758146969521,8.823999881744385,8824,681.3553,705.9341,680.9524,796.99634
1758146969.522,1758146969522,8.825000047683716,8825,796.5934,776.8498,856.2271,796.99634
1758146969.57,1758146969570,8.872999906539917,8873,912.6374,879.19415,981.53845,803.0403
1758146969.57,1758146969570,8.872999906539917,8873,816.7399,826.8132,779.2674,806.6667
1758146969.571,1758146969571,8.874000072479248,8874,689.81683,720.84247,646.7033,803.44324
1758146969.571,1758146969571,8.874000072479248,8874,760.32965,755.4945,834.0659,803.44324
1758146969.571,1758146969571,8.874000072479248,8874,899.34064,869.12085,961.39197,808.2784
1758146969.572,1758146969572,8.875,8875,859.0476,861.06226,859.45056,807.47253
1758146969.572,1758146969572,8.875,8875,709.5604,740.58606,652.74725,801.8315
1758146969.572,1758146969572,8.875,8875,714.7985,713.5897,697.8755,796.5934
1758146969.573,1758146969573,8.875999927520752,8876,862.674,826.0073,956.1539,802.6374
1758146969.573,1758146969573,8.875999927520752,8876,885.2381,875.56775,841.7216,809.89014
1758146969.573,1758146969573,8.875999927520752,8876,738.1685,774.43225,616.8865,807.0696
1758146969.574,1758146969574,8.876999855041504,8877,684.9817,713.9927,712.381,802.6374
1758146969.618,1758146969618,8.921000003814697,8921,819.5604,806.6667,935.2015,808.2784
1758146969.619,1758146969619,8.92199993133545,8922,904.57874,887.6557,923.91943,813.1135
1758146969.619,1758146969619,8.92199993133545,8922,780.87915,806.6667,693.8461,808.2784
1758146969.619,1758146969619,8.92199993133545,8922,675.31134,710.7692,661.6117,801.4286
1758146969.621,1758146969621,8.924000024795532,8924,775.64105,767.5824,868.71796,802.23444
1758146969.621,1758146969621,8.924000024795532,8924,905.78754,877.1795,1018.20514,810.696
1758146969.622,1758146969622,8.924999952316284,8925,820.3663,832.8571,778.86444,809.0842
1758146969.622,1758146969622,8.924999952316284,8925,677.72894,718.022,531.8681,797.8022
1758146969.622,1758146969622,8.924999952316284,8925,738.97437,742.1978,800.2198,795.78754
1758146969.622,1758146969622,8.924999952316284,8925,881.2088,854.21246,958.1685,803.8461
1758146969.623,1758146969623,8.925999879837036,8926,850.989,857.8388,816.337,807.0696
1758146969.623,1758146969623,8.925999879837036,8926,711.1722,746.2271,664.0293,801.02563
1758146969.66,1758146969660,8.963000059127808,8963,705.12823,716.4103,724.87177,795.78754
1758146969.66,1758146969660,8.963000059127808,8963,848.5714,830.4396,960.989,800.2198
1758146969.66,1758146969660,8.963000059127808,8963,899.34064,892.0879,907.3993,807.0696
1758146969.661,1758146969661,8.96399998664856,8964,757.1062,785.31134,638.6447,803.8461
1758146969.661,1758146969661,8.96399998664856,8964,682.1612,708.7546,709.5604,798.60803
1758146969.661,1758146969661,8.96399998664856,8964,813.91943,799.011,985.9707,802.6374
1758146969.662,1758146969662,8.964999914169312,8965,915.8608,890.87915,927.9487,806.26373
1758146969.662,1758146969662,8.964999914169312,8965,799.41394,809.0842,665.64105,799.81683
1758146969.662,1758146969662,8.964999914169312,8965,691.02563,711.5751,657.5824,795.78754
1758146969.663,1758146969663,8.966000080108643,8966,789.34064,763.95605,831.2454,798.60803
1758146969.663,1758146969663,8.966000080108643,8966,926.337,868.315,938.8278,801.02563
1758146969.663,1758146969663,8.966000080108643,8966,856.2271,845.7509,782.49084,801.4286
1758146969.717,1758146969717,9.019999980926514,9020,707.1429,747.8388,627.76556,799.011
1758146969.718,1758146969718,9.020999908447266,9021,734.94507,757.50916,795.78754,799.011
1758146969.718,1758146969718,9.020999908447266,9021,865.09155,865.89746,982.74725,805.8608
1758146969.718,1758146969718,9.020999908447266,9021,859.0476,889.67035,802.23444,811.9048
1758146969.719,1758146969719,9.022000074386597,9022,716.0073,769.59705,675.31134,803.44324
1758146969.719,1758146969719,9.022000074386597,9022,691.8315,720.4396,826.0073,795.38464
1758146969.721,1758146969721,9.0239999294281,9024,840.10986,822.7839,919.4872,798.60803
1758146969.721,1758146969721,9.0239999294281,9024,904.17584,886.4469,807.0696,805.05493
1758146969.721,1758146969721,9.0239999294281,9024,764.35895,786.52014,659.59705,800.6227
1758146969.722,1758146969722,9.024999856948853,9025,679.7436,701.0989,687.8022,792.5641
1758146969.722,1758146969722,9.024999856948853,9025,801.4286,782.0879,905.38464,793.7729
1758146969.722,1758146969722,9.024999856948853,9025,918.2784,886.8498,951.31866,801.02563
1758146969.76,1758146969760,9.062999963760376,9063,816.7399,821.978,736.9597,800.6227
1758146969.761,1758146969761,9.063999891281128,9064,686.5934,709.9634,670.4762,796.99634
1758146969.761,1758146969761,9.063999891281128,9064,758.71796,750.2564,854.21246,797.8022
1758146969.762,1758146969762,9.065000057220459,9065,897.326,858.6447,926.7399,799.41394
1758146969.762,1758146969762,9.065000057220459,9065,848.5714,844.94507,801.8315,801.4286
1758146969.762,1758146969762,9.065000057220459,9065,703.5165,732.1245,724.4689,796.1905
1758146969.762,1758146969762,9.065000057220459,9065,725.2747,722.4542,800.2198,793.7729
1758146969.763,1758146969763,9.065999984741211,9066,873.95605,837.6923,971.4652,802.23444
1758146969.763,1758146969763,9.065999984741211,9066,887.6557,875.56775,843.3333,805.8608
1758146969.764,1758146969764,9.066999912261963,9067,739.7802,761.9414,597.5458,799.011
1758146969.764,1758146969764,9.066999912261963,9067,700.696,705.9341,709.5604,797.3993
1758146969.764,1758146969764,9.066999912261963,9067,833.663,806.26373,913.8461,798.20514
1758146969.798,1758146969798,9.1010000705719,9101,910.2198,886.4469,949.707,805.05493
1758146969.799,1758146969799,9.101999998092651,9102,789.34064,804.2491,743.00366,807.0696
1758146969.799,1758146969799,9.101999998092651,9102,691.8315,714.3956,675.7143,802.6374
1758146969.8,1758146969800,9.102999925613403,9103,796.5934,784.5055,840.10986,806.6667
1758146969.8,1758146969800,9.102999925613403,9103,916.26373,889.2674,967.03296,810.293
1758146969.8,1758146969800,9.102999925613403,9103,828.022,837.28937,830.0366,806.6667
1758146969.801,1758146969801,9.104000091552734,9104,695.8608,728.0952,673.2967,802.23444
1758146969.801,1758146969801,9.104000091552734,9104,748.6447,749.0476,761.53845,801.8315
1758146969.803,1758146969803,9.105999946594238,9106,888.46155,863.47986,937.619,807.47253
1758146969.803,1758146969803,9.105999946594238,9106,855.42126,865.09155,821.5751,814.3223
1758146969.803,1758146969803,9.105999946594238,9106,707.9487,744.61536,595.9341,809.0842
1758146969.804,1758146969804,9.10699987411499,9107,712.381,722.8571,731.7216,800.6227
1758146969.865,1758146969865,9.167999982833862,9168,856.2271,835.2747,947.6923,805.05493
1758146969.865,1758146969865,9.167999982833862,9168,893.2967,888.46155,900.54944,811.9048
1758146969.866,1758146969866,9.168999910354614,9169,751.8681,782.49084,686.99634,808.2784
1758146969.866,1758146969866,9.168999910354614,9169,693.8461,714.7985,668.86444,803.8461
1758146969.866,1758146969866,9.168999910354614,9169,825.2015,808.68134,914.2491,809.4872
1758146969.867,1758146969867,9.170000076293945,9170,921.9048,898.1319,1028.2784,815.9341
1758146969.867,1758146969867,9.170000076293945,9170,804.2491,813.1135,716.0073,810.696
1758146969.867,1758146969867,9.170000076293945,9170,686.5934,714.3956,630.18317,799.81683
1758146969.868,1758146969868,9.171000003814697,9171,784.5055,780.07324,890.07324,801.8315
1758146969.868,1758146969868,9.171000003814697,9171,916.26373,882.01465,917.8755,807.47253
1758146969.868,1758146969868,9.171000003814697,9171,834.0659,834.87177,741.79486,804.65204
1758146969.869,1758146969869,9.17199993133545,9172,695.05493,720.4396,610.4396,797.8022
1758146969.9,1758146969900,9.20300006866455,9203,747.03296,736.9597,840.5128,796.5934
1758146969.9,1758146969900,9.20300006866455,9203,888.86444,855.0183,994.83514,800.6227
1758146969.901,1758146969901,9.203999996185303,9204,869.12085,869.5238,798.20514,803.8461
1758146969.901,1758146969901,9.203999996185303,9204,718.8278,756.30035,662.01465,801.8315
1758146969.901,1758146969901,9.203999996185303,9204,709.9634,729.707,800.6227,799.41394
1758146969.901,1758146969901,9.203999996185303,9204,859.85345,839.304,989.19415,804.2491
1758146969.902,1758146969902,9.204999923706055,9205,904.17584,894.10254,884.43225,809.0842
1758146969.902,1758146969902,9.204999923706055,9205,758.71796,788.5348,615.6777,801.02563
1758146969.902,1758146969902,9.204999923706055,9205,681.75824,710.7692,661.2088,794.57874
1758146969.903,1758146969903,9.206000089645386,9206,809.4872,803.44324,910.6227,800.6227
1758146969.904,1758146969904,9.207000017166138,9207,916.6667,898.5348,934.7985,807.0696
1758146969.904,1758146969904,9.207000017166138,9207,802.23444,823.9927,718.4249,804.65204
1758146969.942,1758146969942,9.244999885559082,9245,680.54944,718.4249,671.685,798.60803
1758146969.943,1758146969943,9.246000051498413,9246,768.3883,764.7619,861.06226,800.6227
1758146969.943,1758146969943,9.246000051498413,9246,905.78754,876.3736,946.8865,803.8461
1758146969.943,1758146969943,9.246000051498413,9246,842.9304,848.5714,793.36993,803.8461
1758146969.944,1758146969944,9.246999979019165,9247,700.696,733.73627,702.71063,801.02563
1758146969.944,1758146969944,9.246999979019165,9247,738.1685,736.1539,832.8571,799.41394
1758146969.944,1758146969944,9.246999979019165,9247,885.2381,854.21246,923.1135,808.68134
1758146969.945,1758146969945,9.247999906539917,9248,884.43225,882.8205,754.68866,814.7253
1758146969.945,1758146969945,9.247999906539917,9248,745.42126,772.01465,702.3077,807.8755
1758146969.945,1758146969945,9.247999906539917,9248,713.1868,726.4835,732.9304,803.8461
1758146969.946,1758146969946,9.249000072479248,9249,846.1539,828.8278,875.9707,811.9048
1758146969.946,1758146969946,9.249000072479248,9249,915.05493,892.8938,894.90845,811.9048
1758146970.011,1758146970011,9.313999891281128,9314,780.07324,792.1612,710.3663,799.011
1758146970.011,1758146970011,9.313999891281128,9314,688.60803,707.5458,701.9048,790.9524
1758146970.012,1758146970012,9.315000057220459,9315,800.2198,782.49084,902.96704,795.38464
1758146970.012,1758146970012,9.315000057220459,9315,914.65204,888.86444,944.0659,806.26373
1758146970.012,1758146970012,9.315000057220459,9315,812.71063,831.6484,752.674,808.68134
1758146970.013,1758146970013,9.315999984741211,9316,687.8022,725.2747,729.707,800.6227
1758146970.013,1758146970013,9.315999984741211,9316,760.32965,761.53845,808.68134,799.81683
1758146970.013,1758146970013,9.315999984741211,9316,900.54944,874.7619,919.4872,807.0696
1758146970.014,1758146970014,9.316999912261963,9317,855.82416,862.674,777.6557,809.4872
1758146970.014,1758146970014,9.316999912261963,9317,707.9487,749.85345,586.6667,804.65204
1758146970.014,1758146970014,9.316999912261963,9317,721.6484,739.3773,768.3883,801.02563
1758146970.015,1758146970015,9.318000078201294,9318,865.09155,851.79486,946.08057,806.26373
1758146970.052,1758146970052,9.355000019073486,9355,883.6264,888.86444,846.9597,810.293
1758146970.053,1758146970053,9.355999946594238,9356,731.31866,776.4469,661.6117,804.2491
1758146970.053,1758146970053,9.355999946594238,9356,682.5641,717.2161,719.2308,799.81683
1758146970.053,1758146970053,9.355999946594238,9356,820.3663,813.1135,885.64105,803.44324
1758146970.054,1758146970054,9.35699987411499,9357,898.5348,889.2674,932.7839,809.4872
1758146970.054,1758146970054,9.35699987411499,9357,771.2088,802.23444,783.2967,803.0403
1758146970.054,1758146970054,9.35699987411499,9357,672.0879,711.978,682.1612,794.9817
1758146970.055,1758146970055,9.358000040054321,9358,775.2381,768.7912,832.0513,795.78754
1758146970.055,1758146970055,9.358000040054321,9358,905.78754,876.3736,946.8865,803.44324
1758146970.055,1758146970055,9.358000040054321,9358,821.1722,830.0366,719.6337,802.23444
1758146970.056,1758146970056,9.358999967575073,9359,687.8022,716.8132,631.39197,791.75824
1758146970.056,1758146970056,9.358999967575073,9359,751.4652,749.85345,838.49817,789.7436
1758146970.081,1758146970081,9.384000062942505,9384,899.34064,862.27106,908.20514,796.5934
1758146970.081,1758146970081,9.384000062942505,9384,865.89746,859.0476,801.4286,801.8315
1758146970.082,1758146970082,9.384999990463257,9385,711.1722,743.4066,665.64105,796.1905
1758146970.082,1758146970082,9.384999990463257,9385,717.2161,716.4103,738.1685,792.1612
1758146970.082,1758146970082,9.384999990463257,9385,866.30035,828.022,954.1392,803.44324
1758146970.083,1758146970083,9.385999917984009,9386,908.20514,888.86444,945.6777,814.7253
1758146970.083,1758146970083,9.385999917984009,9386,764.35895,784.10254,749.85345,810.696
1758146970.083,1758146970083,9.385999917984009,9386,693.0403,710.3663,664.0293,801.4286
1758146970.084,1758146970084,9.38700008392334,9387,815.5311,800.6227,807.8755,801.4286
1758146970.084,1758146970084,9.38700008392334,9387,907.8022,890.07324,902.5641,807.47253
1758146970.084,1758146970084,9.38700008392334,9387,790.14655,812.3077,716.0073,805.4579
1758146970.084,1758146970084,9.38700008392334,9387,673.69965,712.7839,650.32965,799.011
1758146970.126,1758146970126,9.428999900817871,9429,772.8205,770.40295,877.5824,806.6667
1758146970.126,1758146970126,9.428999900817871,9429,907.3993,880.80585,968.6447,812.3077
1758146970.128,1758146970128,9.430999994277954,9431,827.619,843.3333,802.6374,809.0842
1758146970.128,1758146970128,9.430999994277954,9431,685.78754,727.6923,630.58606,804.2491
1758146970.128,1758146970128,9.430999994277954,9431,734.5421,743.00366,808.68134,800.2198
1758146970.129,1758146970129,9.431999921798706,9432,880.40295,859.0476,1010.9524,803.8461
1758146970.129,1758146970129,9.431999921798706,9432,869.12085,869.92676,805.05493,805.05493
1758146970.129,1758146970129,9.431999921798706,9432,724.4689,758.315,658.3883,805.4579
1758146970.13,1758146970130,9.433000087738037,9433,697.0696,718.4249,753.47986,801.4286
1758146970.13,1758146970130,9.433000087738037,9433,831.2454,823.1868,850.58606,799.81683
1758146970.13,1758146970130,9.433000087738037,9433,899.7436,892.0879,877.5824,809.0842
1758146970.131,1758146970131,9.434000015258789,9434,769.19415,789.34064,703.5165,805.05493
1758146970.179,1758146970179,9.48199987411499,9482,685.38464,707.1429,681.3553,796.1905
1758146970.18,1758146970180,9.483000040054321,9483,806.26373,791.75824,913.0403,801.02563
1758146970.18,1758146970180,9.483000040054321,9483,917.0696,888.46155,960.58606,806.6667
1758146970.181,1758146970181,9.483999967575073,9484,810.293,817.9487,700.293,805.8608
1758146970.181,1758146970181,9.483999967575073,9484,695.8608,722.0513,666.8498,807.8755
1758146970.181,1758146970181,9.483999967575073,9484,780.87915,769.59705,920.293,809.0842
1758146970.182,1758146970182,9.484999895095825,9485,911.8315,873.5531,1014.57874,809.4872
1758146970.182,1758146970182,9.484999895095825,9485,849.7802,851.39197,754.68866,809.4872
1758146970.182,1758146970182,9.484999895095825,9485,699.4872,735.34796,560.87915,802.23444
1758146970.183,1758146970183,9.486000061035156,9486,726.4835,728.0952,794.57874,792.96704
1758146970.183,1758146970183,9.486000061035156,9486,870.32965,840.10986,989.59705,799.011
1758146970.183,1758146970183,9.486000061035156,9486,878.7912,871.9414,832.0513,807.8755
1758146970.228,1758146970228,9.530999898910522,9531,729.707,762.3443,638.6447,800.2198
1758146970.229,1758146970229,9.532000064849854,9532,690.6227,713.5897,722.8571,798.20514
1758146970.229,1758146970229,9.532000064849854,9532,829.2308,812.71063,912.6374,806.26373
1758146970.23,1758146970230,9.532999992370605,9533,905.38464,892.0879,911.8315,811.50183
1758146970.231,1758146970231,9.533999919891357,9534,773.22345,800.6227,716.8132,806.26373
1758146970.232,1758146970232,9.535000085830688,9535,681.3553,710.3663,766.3736,798.20514
1758146970.232,1758146970232,9.535000085830688,9535,794.9817,783.69965,886.8498,801.8315
1758146970.232,1758146970232,9.535000085830688,9535,911.8315,884.0293,878.7912,809.89014
1758146970.233,1758146970233,9.53600001335144,9536,809.89014,823.5897,766.3736,805.4579
1758146970.233,1758146970233,9.53600001335144,9536,679.7436,714.3956,650.32965,799.81683
1758146970.233,1758146970233,9.53600001335144,9536,753.47986,749.0476,786.52014,800.6227
1758146970.233,1758146970233,9.53600001335144,9536,896.1172,861.06226,923.5165,803.44324
1758146970.263,1758146970263,9.565999984741211,9566,857.8388,856.63007,772.01465,809.0842
1758146970.263,1758146970263,9.565999984741211,9566,713.9927,742.6007,653.1502,803.44324
1758146970.264,1758146970264,9.566999912261963,9567,724.4689,726.08057,773.22345,796.99634
1758146970.265,1758146970265,9.568000078201294,9568,866.30035,837.28937,904.57874,799.41394
1758146970.265,1758146970265,9.568000078201294,9568,896.1172,882.01465,896.9231,805.05493
1758146970.266,1758146970266,9.569000005722046,9569,757.1062,776.04395,794.57874,805.05493
1758146970.266,1758146970266,9.569000005722046,9569,702.3077,712.381,728.9011,796.99634
1758146970.267,1758146970267,9.569999933242798,9570,824.7985,802.6374,776.4469,792.96704
1758146970.267,1758146970267,9.569999933242798,9570,909.81683,884.43225,894.10254,799.41394
1758146970.268,1758146970268,9.57099986076355,9571,789.34064,801.8315,761.9414,801.4286
1758146970.268,1758146970268,9.57099986076355,9571,686.1905,709.5604,687.8022,795.78754
1758146970.269,1758146970269,9.57200002670288,9572,790.54944,778.46155,883.22345,799.011
1758146970.341,1758146970341,9.644000053405762,9644,917.47253,884.83514,992.01465,809.0842
1758146970.341,1758146970341,9.644000053405762,9644,830.0366,839.707,765.56775,808.68134
1758146970.342,1758146970342,9.644999980926514,9645,689.011,727.28937,622.9304,801.02563
1758146970.342,1758146970342,9.644999980926514,9645,747.8388,751.8681,796.99634,800.2198
1758146970.342,1758146970342,9.644999980926514,9645,895.31134,869.5238,962.1978,809.89014
1758146970.343,1758146970343,9.645999908447266,9646,871.53845,869.5238,902.1612,812.71063
1758146970.344,1758146970344,9.647000074386597,9647,723.2601,753.47986,658.3883,801.4286
1758146970.344,1758146970344,9.647000074386597,9647,710.3663,727.28937,701.50183,799.011
1758146970.345,1758146970345,9.648000001907349,9648,852.1978,831.6484,956.55676,807.0696
1758146970.345,1758146970345,9.648000001907349,9648,900.9524,885.64105,842.9304,810.696
1758146970.345,1758146970345,9.648000001907349,9648,757.9121,782.49084,653.5531,805.4579
1758146970.345,1758146970345,9.648000001907349,9648,683.36993,703.5165,700.696,794.57874
1758146970.386,1758146970386,9.688999891281128,9689,813.1135,792.5641,883.22345,799.81683
1758146970.386,1758146970386,9.688999891281128,9689,919.0842,891.28204,928.7546,811.0989
1758146970.387,1758146970387,9.690000057220459,9690,803.44324,821.978,730.5128,802.6374
1758146970.387,1758146970387,9.690000057220459,9690,680.54944,712.7839,626.55676,795.38464
1758146970.387,1758146970387,9.690000057220459,9690,777.25275,761.53845,911.4286,799.011
1758146970.388,1758146970388,9.690999984741211,9691,911.4286,878.3883,1007.326,802.6374
1758146970.388,1758146970388,9.690999984741211,9691,834.87177,842.1245,728.0952,801.02563
1758146970.388,1758146970388,9.690999984741211,9691,695.4579,724.4689,569.34064,792.1612
1758146970.389,1758146970389,9.691999912261963,9692,737.76556,730.10986,766.77655,790.9524
1758146970.389,1758146970389,9.691999912261963,9692,884.43225,840.5128,958.97437,799.011
1758146970.389,1758146970389,9.691999912261963,9692,875.56775,858.24176,811.0989,799.81683
1758146970.39,1758146970390,9.693000078201294,9693,726.8865,747.8388,680.14655,795.38464
1758146970.421,1758146970421,9.723999977111816,9724,709.5604,718.4249,791.75824,799.011
1758146970.422,1758146970422,9.724999904632568,9725,851.79486,826.8132,936.4103,806.26373
1758146970.422,1758146970422,9.724999904632568,9725,907.8022,892.8938,892.0879,807.0696
1758146970.423,1758146970423,9.7260000705719,9726,772.8205,795.78754,678.93774,803.8461
1758146970.423,1758146970423,9.7260000705719,9726,684.9817,708.3516,703.91943,800.6227
1758146970.423,1758146970423,9.7260000705719,9726,796.1905,787.72894,927.5458,802.23444
1758146970.424,1758146970424,9.726999998092651,9727,907.8022,891.685,947.6923,809.4872
1758146970.424,1758146970424,9.726999998092651,9727,801.8315,825.2015,694.2491,808.2784
1758146970.426,1758146970426,9.729000091552734,9729,675.31134,713.9927,651.9414,801.02563
1758146970.426,1758146970426,9.729000091552734,9729,753.8828,760.7326,815.9341,801.02563
1758146970.426,1758146970426,9.729000091552734,9729,897.326,878.7912,906.99634,808.68134
1758146970.427,1758146970427,9.730000019073486,9730,847.76556,857.03296,769.59705,808.68134
1758146970.454,1758146970454,9.756999969482422,9757,702.3077,745.0183,654.35895,801.8315
1758146970.455,1758146970455,9.757999897003174,9758,727.28937,742.1978,805.4579,799.81683
1758146970.455,1758146970455,9.757999897003174,9758,876.3736,857.03296,956.1539,805.05493
1758146970.456,1758146970456,9.759000062942505,9759,891.28204,892.0879,846.9597,808.68134
1758146970.456,1758146970456,9.759000062942505,9759,743.00366,778.46155,690.2198,803.8461
1758146970.456,1758146970456,9.759000062942505,9759,701.9048,728.49817,778.86444,799.81683
1758146970.457,1758146970457,9.759999990463257,9760,839.304,825.2015,918.68134,801.8315
1758146970.457,1758146970457,9.759999990463257,9760,912.23444,896.1172,870.7326,808.68134
1758146970.457,1758146970457,9.759999990463257,9760,778.86444,801.8315,707.1429,806.6667
1758146970.457,1758146970457,9.759999990463257,9760,682.1612,711.5751,695.8608,800.6227
1758146970.458,1758146970458,9.760999917984009,9761,794.57874,788.5348,931.978,805.05493
1758146970.458,1758146970458,9.760999917984009,9761,915.05493,891.685,970.2564,811.50183
1758146970.523,1758146970523,9.825999975204468,9826,818.7546,835.2747,708.3516,806.26373
1758146970.523,1758146970523,9.825999975204468,9826,687.8022,726.08057,655.56775,798.20514
1758146970.524,1758146970524,9.82699990272522,9827,752.674,752.27106,830.4396,795.78754
1758146970.524,1758146970524,9.82699990272522,9827,894.5055,867.1062,963.4066,804.65204
1758146970.524,1758146970524,9.82699990272522,9827,856.2271,857.8388,801.8315,808.2784
1758146970.525,1758146970525,9.82800006866455,9828,716.0073,741.39197,693.8461,800.6227
1758146970.525,1758146970525,9.82800006866455,9828,733.3333,726.8865,801.02563,794.9817
1758146970.526,1758146970526,9.828999996185303,9829,880.40295,829.6337,918.68134,799.011
1758146970.526,1758146970526,9.828999996185303,9829,913.8461,871.9414,844.1392,803.8461
1758146970.526,1758146970526,9.828999996185303,9829,765.16486,781.28204,633.8095,798.60803
1758146970.528,1758146970528,9.831000089645386,9831,698.68134,723.663,716.0073,794.17584
1758146970.528,1758146970528,9.831000089645386,9831,818.7546,814.7253,902.1612,800.2198
1758146970.563,1758146970563,9.865999937057495,9866,902.5641,902.1612,929.9634,806.26373
1758146970.564,1758146970564,9.866999864578247,9867,781.685,821.5751,722.0513,802.23444
1758146970.564,1758146970564,9.866999864578247,9867,680.14655,728.49817,709.15753,797.8022
1758146970.564,1758146970564,9.866999864578247,9867,786.1172,783.2967,864.68866,799.011
1758146970.565,1758146970565,9.868000030517578,9868,917.47253,883.6264,942.8571,808.68134
1758146970.565,1758146970565,9.868000030517578,9868,838.49817,839.304,823.5897,809.0842
1758146970.565,1758146970565,9.868000030517578,9868,695.8608,722.8571,653.95605,796.1905
1758146970.566,1758146970566,9.86899995803833,9869,741.79486,736.1539,743.8095,794.9817
1758146970.566,1758146970566,9.86899995803833,9869,886.8498,853.00366,933.5897,802.6374
1758146970.566,1758146970566,9.86899995803833,9869,874.35895,869.12085,857.03296,808.2784
1758146970.566,1758146970566,9.86899995803833,9869,730.10986,754.68866,662.4176,809.89014
1758146970.567,1758146970567,9.869999885559082,9870,711.1722,717.2161,707.1429,800.6227
1758146970.593,1758146970593,9.895999908447266,9896,849.7802,823.1868,920.696,799.41394
1758146970.594,1758146970594,9.897000074386597,9897,902.5641,886.4469,918.68134,806.6667
1758146970.594,1758146970594,9.897000074386597,9897,759.92676,783.2967,694.65204,804.2491
1758146970.595,1758146970595,9.898000001907349,9898,679.34064,699.89014,655.16486,797.3993
1758146970.595,1758146970595,9.898000001907349,9898,805.4579,783.2967,937.2161,799.81683
1758146970.595,1758146970595,9.898000001907349,9898,917.47253,884.83514,1037.1428,810.696
1758146970.596,1758146970596,9.8989999294281,9899,804.65204,818.7546,742.1978,811.0989
1758146970.596,1758146970596,9.8989999294281,9899,683.7729,712.381,669.2674,801.02563
1758146970.596,1758146970596,9.8989999294281,9899,769.59705,755.4945,820.3663,796.99634
1758146970.596,1758146970596,9.8989999294281,9899,900.14655,861.06226,870.32965,801.8315
1758146970.597,1758146970597,9.899999856948853,9900,836.8865,830.84247,743.4066,802.6374
1758146970.597,1758146970597,9.899999856948853,9900,698.68134,719.6337,644.68866,795.38464
1758146970.631,1758146970631,9.934000015258789,9934,736.55676,730.9158,817.1429,796.99634
1758146970.632,1758146970632,9.934999942779541,9935,884.83514,848.1685,975.4945,805.05493
1758146970.632,1758146970632,9.934999942779541,9935,890.07324,873.95605,851.39197,809.0842
1758146970.632,1758146970632,9.934999942779541,9935,741.39197,763.5531,621.31866,805.8608
1758146970.633,1758146970633,9.935999870300293,9936,707.9487,717.2161,754.2857,801.02563
1758146970.633,1758146970633,9.935999870300293,9936,844.5421,817.5458,1006.1172,803.8461
1758146970.633,1758146970633,9.935999870300293,9936,900.54944,883.6264,885.64105,804.65204
1758146970.633,1758146970633,9.935999870300293,9936,758.315,790.14655,591.50183,801.4286
1758146970.634,1758146970634,9.937000036239624,9937,671.28204,702.71063,681.75824,798.20514
1758146970.634,1758146970634,9.937000036239624,9937,792.1612,781.685,938.8278,800.6227
1758146970.634,1758146970634,9.937000036239624,9937,912.6374,888.86444,906.1905,809.89014
1758146970.635,1758146970635,9.937999963760376,9938,811.50183,824.3956,684.17584,809.89014
1758146970.696,1758146970696,9.999000072479248,9999,681.75824,716.4103,657.1795,799.41394
1758146970.697,1758146970697,10.0,10000,758.71796,756.30035,842.9304,799.41394
1758146970.697,1758146970697,10.0,10000,904.57874,872.74725,952.9304,808.68134
1758146970.697,1758146970697,10.0,10000,859.0476,850.989,780.87915,805.4579
1758146970.698,1758146970698,10.000999927520752,10001,710.3663,732.52747,701.50183,796.5934
1758146970.698,1758146970698,10.000999927520752,10001,722.4542,723.663,860.65936,789.7436
1758146970.698,1758146970698,10.000999927520752,10001,864.68866,834.4689,898.93774,793.36993
1758146970.698,1758146970698,10.000999927520752,10001,886.8498,874.35895,827.2161,802.6374
1758146970.699,1758146970699,10.001999855041504,10002,742.6007,767.1795,700.696,799.011
1758146970.699,1758146970699,10.001999855041504,10002,690.6227,705.9341,653.95605,792.96704
1758146970.7,1758146970700,10.003000020980835,10003,828.4249,800.6227,875.9707,799.011
1758146970.7,1758146970700,10.003000020980835,10003,912.6374,886.4469,904.17584,806.26373
1758146970.729,1758146970729,10.032000064849854,10032,786.52014,801.8315,764.35895,802.6374
1758146970.729,1758146970729,10.032000064849854,10032,685.78754,709.5604,725.6777,794.57874
1758146970.731,1758146970731,10.033999919891357,10034,787.326,774.0293,856.63007,794.57874
1758146970.731,1758146970731,10.033999919891357,10034,912.6374,879.59705,929.15753,803.8461
1758146970.731,1758146970731,10.033999919891357,10034,826.8132,829.6337,755.09155,807.47253
1758146970.732,1758146970732,10.035000085830688,10035,695.4579,718.4249,724.4689,799.81683
1758146970.732,1758146970732,10.035000085830688,10035,755.4945,745.82416,865.4945,795.78754
1758146970.732,1758146970732,10.035000085830688,10035,896.1172,859.85345,915.05493,801.4286
1758146970.732,1758146970732,10.035000085830688,10035,866.7033,862.674,774.43225,807.0696
1758146970.733,1758146970733,10.03600001335144,10036,721.6484,749.0476,653.5531,798.60803
1758146970.733,1758146970733,10.03600001335144,10036,722.8571,723.2601,747.03296,796.5934
1758146970.733,1758146970733,10.03600001335144,10036,869.12085,836.4835,896.52014,807.8755
1758146970.797,1758146970797,10.099999904632568,10100,907.8022,891.685,873.1502,813.5165
1758146970.797,1758146970797,10.099999904632568,10100,766.77655,784.5055,708.7546,807.8755
1758146970.798,1758146970798,10.1010000705719,10101,704.3223,715.2015,728.49817,800.6227
1758146970.798,1758146970798,10.1010000705719,10101,830.84247,807.0696,892.0879,805.05493
1758146970.798,1758146970798,10.1010000705719,10101,929.9634,893.69965,969.85345,812.71063
1758146970.799,1758146970799,10.101999998092651,10102,809.4872,813.5165,767.5824,805.05493
1758146970.799,1758146970799,10.101999998092651,10102,688.60803,716.8132,624.5421,799.81683
1758146970.799,1758146970799,10.101999998092651,10102,785.31134,774.0293,777.6557,800.6227
1758146970.799,1758146970799,10.101999998092651,10102,919.89014,883.6264,960.989,804.65204
1758146970.8,1758146970800,10.102999925613403,10103,836.8865,842.52747,736.9597,804.2491
1758146970.8,1758146970800,10.102999925613403,10103,699.0842,728.9011,626.9597,797.3993
1758146970.8,1758146970800,10.102999925613403,10103,748.6447,743.00366,800.2198,796.1905
1758146970.828,1758146970828,10.13100004196167,10131,897.72894,857.8388,952.9304,802.6374
1758146970.829,1758146970829,10.131999969482422,10132,890.07324,876.77655,844.5421,807.0696
1758146970.829,1758146970829,10.131999969482422,10132,732.9304,763.95605,672.8938,801.8315
1758146970.829,1758146970829,10.131999969482422,10132,711.1722,724.87177,746.2271,801.4286
1758146970.831,1758146970831,10.134000062942505,10134,853.4066,829.2308,921.9048,805.8608
1758146970.831,1758146970831,10.134000062942505,10134,906.99634,897.72894,943.2601,811.0989
1758146970.832,1758146970832,10.134999990463257,10135,770.80585,801.8315,730.5128,805.8608
1758146970.832,1758146970832,10.134999990463257,10135,686.99634,719.6337,705.12823,799.81683
1758146970.832,1758146970832,10.134999990463257,10135,804.65204,801.4286,844.1392,803.8461
1758146970.833,1758146970833,10.135999917984009,10136,908.20514,893.2967,862.27106,805.8608
1758146970.833,1758146970833,10.135999917984009,10136,802.6374,821.5751,739.7802,802.23444
1758146970.833,1758146970833,10.135999917984009,10136,683.7729,713.1868,661.2088,797.3993
1758146970.881,1758146970881,10.184000015258789,10184,762.74725,755.09155,829.2308,801.4286
1758146970.881,1758146970881,10.184000015258789,10184,906.5934,873.1502,968.6447,813.1135
1758146970.882,1758146970882,10.184999942779541,10185,846.55676,848.1685,800.6227,818.7546
1758146970.882,1758146970882,10.184999942779541,10185,698.2784,732.1245,649.12085,817.1429
1758146970.882,1758146970882,10.184999942779541,10185,733.3333,740.18317,848.5714,816.337
1758146970.883,1758146970883,10.185999870300293,10186,864.68866,840.10986,1014.17584,811.9048
1758146970.883,1758146970883,10.185999870300293,10186,853.8095,854.21246,846.9597,813.1135
1758146970.883,1758146970883,10.185999870300293,10186,691.4286,722.4542,684.9817,809.89014
1758146970.883,1758146970883,10.185999870300293,10186,628.5714,639.85345,752.27106,801.4286
1758146970.884,1758146970884,10.187000036239624,10187,737.3626,709.5604,847.3626,795.78754
1758146970.884,1758146970884,10.187000036239624,10187,782.8938,764.35895,901.75824,810.293
1758146970.884,1758146970884,10.187000036239624,10187,616.4835,641.06226,749.45056,810.293
1758146970.912,1758146970912,10.214999914169312,10215,486.73993,509.70697,682.1612,786.9231
1758146970.912,1758146970912,10.214999914169312,10215,577.8022,563.2967,923.5165,786.1172
1758146970.913,1758146970913,10.216000080108643,10216,681.75824,657.1795,1016.1905,798.60803
1758146970.913,1758146970913,10.216000080108643,10216,579.41394,600.3663,763.95605,806.6667
1758146970.913,1758146970913,10.216000080108643,10216,458.5348,492.78387,720.0366,807.8755
1758146970.914,1758146970914,10.217000007629395,10217,537.1062,529.0476,945.6777,810.293
1758146970.915,1758146970915,10.217999935150146,10218,683.36993,649.92676,1002.8938,818.7546
1758146970.915,1758146970915,10.217999935150146,10218,650.7326,649.92676,779.67035,817.5458
1758146970.916,1758146970916,10.218999862670898,10219,512.52747,546.77655,675.31134,807.8755
1758146970.916,1758146970916,10.218999862670898,10219,538.71796,552.4176,857.03296,809.0842
1758146970.916,1758146970916,10.218999862670898,10219,705.5311,684.17584,1002.49084,816.7399
1758146970.917,1758146970917,10.22000002861023,10220,751.4652,746.2271,910.6227,817.1429
1758146970.978,1758146970978,10.280999898910522,10281,622.52747,655.56775,701.0989,810.696
1758146970.979,1758146970979,10.282000064849854,10282,582.6374,606.8132,755.4945,805.05493
1758146970.979,1758146970979,10.282000064849854,10282,737.76556,721.6484,1006.1172,811.0989
1758146970.979,1758146970979,10.282000064849854,10282,843.3333,826.4103,918.2784,817.1429
1758146970.98,1758146970980,10.282999992370605,10283,726.08057,752.27106,742.6007,806.6667
1758146970.98,1758146970980,10.282999992370605,10283,633.4066,670.87915,801.02563,798.20514
1758146970.98,1758146970980,10.282999992370605,10283,757.50916,751.4652,875.56775,799.81683
1758146970.98,1758146970980,10.282999992370605,10283,894.90845,873.1502,914.2491,805.8608
1758146970.981,1758146970981,10.283999919891357,10284,819.15753,838.0952,782.0879,805.8608
1758146970.981,1758146970981,10.283999919891357,10284,693.44324,732.52747,605.6044,799.011
1758146970.981,1758146970981,10.283999919891357,10284,763.5531,768.3883,841.31866,799.011
1758146970.982,1758146970982,10.285000085830688,10285,919.89014,895.7143,983.5531,806.6667
1758146971.015,1758146971015,10.318000078201294,10318,902.1612,905.38464,816.337,805.05493
1758146971.016,1758146971016,10.319000005722046,10319,765.16486,804.65204,667.6557,795.38464
1758146971.016,1758146971016,10.319000005722046,10319,765.9707,786.1172,738.1685,792.1612
1758146971.016,1758146971016,10.319000005722046,10319,915.8608,894.5055,917.0696,799.41394
1758146971.016,1758146971016,10.319000005722046,10319,955.34796,945.6777,899.7436,803.8461
1758146971.017,1758146971017,10.319999933242798,10320,817.5458,847.3626,721.6484,797.8022
1758146971.017,1758146971017,10.319999933242798,10320,762.3443,791.75824,730.10986,795.38464
1758146971.017,1758146971017,10.319999933242798,10320,887.25275,876.77655,814.3223,794.17584
1758146971.019,1758146971019,10.32200002670288,10322,988.7912,962.6007,830.4396,797.8022
1758146971.019,1758146971019,10.32200002670288,10322,875.9707,893.2967,715.2015,799.011
1758146971.019,1758146971019,10.32200002670288,10322,760.7326,795.38464,628.97437,790.9524
1758146971.02,1758146971020,10.322999954223633,10323,859.85345,849.7802,829.6337,795.38464
1758146971.067,1758146971067,10.369999885559082,10370,990.0,959.3773,956.9597,801.8315
1758146971.068,1758146971068,10.371000051498413,10371,915.05493,928.7546,745.42126,801.4286
1758146971.068,1758146971068,10.371000051498413,10371,778.86444,816.7399,602.7839,792.96704
1758146971.068,1758146971068,10.371000051498413,10371,821.1722,820.3663,736.1539,786.52014
1758146971.069,1758146971069,10.371999979019165,10372,965.42126,933.5897,950.5128,795.38464
1758146971.069,1758146971069,10.371999979019165,10372,959.7802,954.5421,911.02563,800.6227
1758146971.069,1758146971069,10.371999979019165,10372,809.4872,844.94507,614.4689,793.7729
1758146971.07,1758146971070,10.372999906539917,10373,775.64105,801.8315,623.3333,786.1172
1758146971.07,1758146971070,10.372999906539917,10373,920.293,906.1905,962.1978,791.3553
1758146971.07,1758146971070,10.372999906539917,10373,988.7912,975.09155,880.40295,803.44324
1758146971.07,1758146971070,10.372999906539917,10373,847.3626,875.56775,609.2308,796.99634
1758146971.071,1758146971071,10.374000072479248,10374,759.12085,791.75824,622.1245,786.9231
1758146971.137,1758146971137,10.440000057220459,10440,880.40295,871.13556,859.0476,792.96704
1758146971.138,1758146971138,10.440999984741211,10441,995.2381,970.65936,945.2747,801.02563
1758146971.138,1758146971138,10.440999984741211,10441,887.6557,903.7729,727.28937,799.81683
1758146971.139,1758146971139,10.441999912261963,10442,759.12085,793.36993,645.09155,792.5641
1758146971.139,1758146971139,10.441999912261963,10442,838.0952,829.6337,830.84247,787.72894
1758146971.139,1758146971139,10.441999912261963,10442,973.8828,936.8132,971.8681,794.9817
1758146971.14,1758146971140,10.443000078201294,10443,911.8315,912.23444,767.1795,798.60803
1758146971.14,1758146971140,10.443000078201294,10443,760.7326,788.93774,543.1502,788.93774
1758146971.14,1758146971140,10.443000078201294,10443,788.5348,783.2967,754.2857,786.9231
1758146971.14,1758146971140,10.443000078201294,10443,938.022,898.93774,963.8095,792.5641
1758146971.142,1758146971142,10.444999933242798,10445,943.663,928.3516,816.337,796.99634
1758146971.143,1758146971143,10.44599986076355,10446,791.75824,813.1135,618.0952,793.36993
1758146971.167,1758146971167,10.47000002861023,10470,746.2271,761.9414,786.1172,786.9231
1758146971.167,1758146971167,10.47000002861023,10470,878.7912,861.4652,950.9158,793.7729
1758146971.168,1758146971168,10.470999956130981,10471,951.31866,936.0073,826.4103,804.2491
1758146971.168,1758146971168,10.470999956130981,10471,820.7692,846.9597,671.28204,803.0403
1758146971.168,1758146971168,10.470999956130981,10471,724.87177,755.89746,697.47253,795.38464
1758146971.169,1758146971169,10.471999883651733,10472,834.0659,827.619,925.9341,796.99634
1758146971.169,1758146971169,10.471999883651733,10472,954.1392,930.3663,925.9341,804.65204
1758146971.169,1758146971169,10.471999883651733,10472,859.45056,872.3443,691.02563,801.8315
1758146971.169,1758146971169,10.471999883651733,10472,730.5128,763.1502,662.4176,796.5934
1758146971.17,1758146971170,10.473000049591064,10473,791.3553,790.54944,788.93774,794.9817
1758146971.17,1758146971170,10.473000049591064,10473,931.1722,901.3553,919.89014,800.6227
1758146971.17,1758146971170,10.473000049591064,10473,895.7143,898.1319,794.9817,805.8608
1758146971.203,1758146971203,10.50600004196167,10506,743.8095,777.25275,639.85345,795.78754
1758146971.203,1758146971203,10.50600004196167,10506,752.674,759.5238,788.93774,792.96704
1758146971.204,1758146971204,10.506999969482422,10507,894.10254,869.92676,959.7802,800.6227
1758146971.204,1758146971204,10.506999969482422,10507,917.0696,909.011,836.8865,804.2491
1758146971.204,1758146971204,10.506999969482422,10507,772.8205,804.2491,704.3223,801.02563
1758146971.205,1758146971205,10.507999897003174,10508,712.381,740.18317,728.9011,796.1905
1758146971.205,1758146971205,10.507999897003174,10508,837.28937,828.022,886.8498,797.3993
1758146971.205,1758146971205,10.507999897003174,10508,934.7985,915.4579,864.2857,804.2491
1758146971.206,1758146971206,10.509000062942505,10509,815.12823,829.6337,658.3883,802.6374
1758146971.206,1758146971206,10.509000062942505,10509,705.5311,729.304,657.5824,796.99634
1758146971.206,1758146971206,10.509000062942505,10509,808.68134,791.3553,887.25275,802.23444
1758146971.206,1758146971206,10.509000062942505,10509,936.0073,900.54944,997.25275,808.68134
1758146971.256,1758146971256,10.559000015258789,10559,847.3626,855.0183,742.6007,807.0696
1758146971.257,1758146971257,10.559999942779541,10560,707.5458,737.76556,610.4396,801.4286
1758146971.257,1758146971257,10.559999942779541,10560,767.5824,758.315,826.0073,802.6374
1758146971.258,1758146971258,10.560999870300293,10561,909.011,870.32965,962.1978,806.26373
1758146971.258,1758146971258,10.560999870300293,10561,887.6557,879.19415,853.4066,808.2784
1758146971.258,1758146971258,10.560999870300293,10561,740.58606,768.3883,728.49817,803.8461
1758146971.258,1758146971258,10.560999870300293,10561,728.0952,741.39197,758.71796,800.2198
1758146971.259,1758146971259,10.562000036239624,10562,866.7033,847.76556,884.0293,802.6374
1758146971.259,1758146971259,10.562000036239624,10562,911.8315,901.3553,863.8828,805.4579
1758146971.259,1758146971259,10.562000036239624,10562,768.7912,795.78754,620.9158,801.02563
1758146971.26,1758146971260,10.562999963760376,10563,694.2491,717.619,653.1502,797.8022
1758146971.26,1758146971260,10.562999963760376,10563,823.5897,807.0696,891.685,805.05493
1758146971.295,1758146971295,10.598000049591064,10598,922.3077,904.57874,931.5751,808.2784
1758146971.296,1758146971296,10.598999977111816,10599,804.2491,832.0513,740.58606,808.68134
1758146971.296,1758146971296,10.598999977111816,10599,682.96704,727.28937,674.90845,803.0403
1758146971.296,1758146971296,10.598999977111816,10599,772.4176,771.2088,825.6044,800.6227
1758146971.297,1758146971297,10.599999904632568,10600,906.1905,878.7912,973.47986,806.6667
1758146971.297,1758146971297,10.599999904632568,10600,840.5128,851.39197,850.989,806.26373
1758146971.297,1758146971297,10.599999904632568,10600,701.9048,738.5714,655.9707,801.02563
1758146971.298,1758146971298,10.6010000705719,10601,732.1245,742.1978,737.3626,799.011
1758146971.298,1758146971298,10.6010000705719,10601,875.16486,851.79486,914.65204,802.23444
1758146971.298,1758146971298,10.6010000705719,10601,876.77655,878.7912,837.28937,805.8608
1758146971.299,1758146971299,10.601999998092651,10602,734.5421,774.83514,661.6117,804.65204
1758146971.299,1758146971299,10.601999998092651,10602,709.9634,732.9304,732.1245,803.8461
1758146971.348,1758146971348,10.651000022888184,10651,845.7509,830.0366,877.1795,807.8755
1758146971.349,1758146971349,10.651999950408936,10652,911.4286,901.3553,882.4176,813.91943
1758146971.35,1758146971350,10.652999877929688,10653,776.4469,805.8608,686.5934,811.0989
1758146971.351,1758146971351,10.654000043869019,10654,686.5934,719.6337,639.85345,803.44324
1758146971.351,1758146971351,10.654000043869019,10654,806.6667,799.011,902.5641,803.8461
1758146971.352,1758146971352,10.65499997138977,10655,930.3663,904.9817,1033.1135,814.3223
1758146971.352,1758146971352,10.65499997138977,10655,830.0366,843.3333,724.4689,814.3223
1758146971.352,1758146971352,10.65499997138977,10655,697.47253,730.5128,630.989,803.44324
1758146971.352,1758146971352,10.65499997138977,10655,777.25275,769.59705,890.4762,805.4579
1758146971.353,1758146971353,10.655999898910522,10656,918.68134,877.1795,903.7729,811.0989
1758146971.353,1758146971353,10.655999898910522,10656,857.8388,862.27106,729.304,808.2784
1758146971.353,1758146971353,10.655999898910522,10656,707.1429,745.42126,615.2747,799.41394
1758146971.387,1758146971387,10.690000057220459,10690,732.1245,731.31866,804.65204,797.8022
1758146971.387,1758146971387,10.690000057220459,10690,880.0,845.7509,984.7619,803.8461
1758146971.388,1758146971388,10.690999984741211,10691,899.7436,885.2381,880.0,811.50183
1758146971.388,1758146971388,10.690999984741211,10691,749.85345,770.80585,631.79486,807.0696
1758146971.388,1758146971388,10.690999984741211,10691,698.68134,709.9634,681.3553,796.99634
1758146971.389,1758146971389,10.691999912261963,10692,840.9158,808.68134,986.3736,803.44324
1758146971.389,1758146971389,10.691999912261963,10692,931.1722,888.0586,952.1245,809.0842
1758146971.389,1758146971389,10.691999912261963,10692,798.60803,786.1172,600.3663,798.20514
1758146971.39,1758146971390,10.693000078201294,10693,694.65204,697.0696,642.674,791.3553
1758146971.39,1758146971390,10.693000078201294,10693,803.0403,785.31134,914.2491,797.3993
1758146971.39,1758146971390,10.693000078201294,10693,920.696,901.75824,968.24176,808.68134
1758146971.39,1758146971390,10.693000078201294,10693,820.7692,853.4066,711.978,811.50183
1758146971.456,1758146971456,10.759000062942505,10759,686.99634,742.6007,635.42126,805.05493
1758146971.456,1758146971456,10.759000062942505,10759,754.68866,764.7619,841.31866,804.2491
1758146971.457,1758146971457,10.759999990463257,10760,897.326,872.74725,935.2015,809.0842
1758146971.457,1758146971457,10.759999990463257,10760,865.09155,871.9414,794.9817,809.89014
1758146971.459,1758146971459,10.76200008392334,10762,720.0366,753.8828,651.53845,803.44324
1758146971.459,1758146971459,10.76200008392334,10762,724.87177,728.9011,829.2308,798.60803
1758146971.459,1758146971459,10.76200008392334,10762,868.71796,840.9158,969.85345,803.0403
1758146971.46,1758146971460,10.763000011444092,10763,905.78754,888.0586,815.9341,805.4579
1758146971.46,1758146971460,10.763000011444092,10763,765.56775,779.2674,693.8461,802.6374
1758146971.46,1758146971460,10.763000011444092,10763,699.89014,714.7985,689.41394,803.8461
1758146971.461,1758146971461,10.763999938964844,10764,826.0073,805.4579,862.674,807.8755
1758146971.461,1758146971461,10.763999938964844,10764,917.47253,896.52014,907.3993,813.91943
1758146971.498,1758146971498,10.800999879837036,10801,797.8022,821.5751,703.5165,812.71063
1758146971.499,1758146971499,10.802000045776367,10802,689.011,717.619,684.57874,805.4579
1758146971.499,1758146971499,10.802000045776367,10802,788.93774,770.80585,866.7033,799.41394
1758146971.5,1758146971500,10.80299997329712,10803,920.696,883.22345,947.6923,804.65204
1758146971.5,1758146971500,10.80299997329712,10803,839.707,848.5714,794.57874,812.3077
1758146971.5,1758146971500,10.80299997329712,10803,697.8755,733.73627,701.50183,808.68134
1758146971.501,1758146971501,10.803999900817871,10804,741.39197,742.1978,796.1905,801.4286
1758146971.501,1758146971501,10.803999900817871,10804,885.64105,852.6007,845.34796,804.2491
1758146971.501,1758146971501,10.803999900817871,10804,874.35895,870.7326,816.7399,813.1135
1758146971.502,1758146971502,10.805000066757202,10805,726.8865,757.9121,693.44324,805.4579
1758146971.502,1758146971502,10.805000066757202,10805,712.381,719.2308,704.7253,797.8022
1758146971.502,1758146971502,10.805000066757202,10805,851.79486,823.1868,918.2784,802.6374
1758146971.539,1758146971539,10.842000007629395,10842,898.1319,884.0293,900.9524,806.26373
1758146971.539,1758146971539,10.842000007629395,10842,755.4945,784.90845,684.17584,806.6667
1758146971.54,1758146971540,10.842999935150146,10843,680.14655,705.9341,703.1135,803.8461
1758146971.54,1758146971540,10.842999935150146,10843,803.0403,788.5348,863.8828,803.8461
1758146971.54,1758146971540,10.842999935150146,10843,913.8461,887.6557,950.5128,812.3077
1758146971.541,1758146971541,10.843999862670898,10844,800.2198,819.9634,794.17584,811.50183
1758146971.542,1758146971542,10.84500002861023,10845,676.9231,716.0073,640.2564,799.81683
1758146971.543,1758146971543,10.845999956130981,10846,761.9414,759.12085,786.1172,796.5934
1758146971.543,1758146971543,10.845999956130981,10846,898.1319,873.1502,965.82416,805.4579
1758146971.543,1758146971543,10.845999956130981,10846,837.6923,853.4066,750.2564,809.0842
1758146971.544,1758146971544,10.846999883651733,10847,693.8461,735.34796,618.0952,803.0403
1758146971.544,1758146971544,10.846999883651733,10847,729.707,734.1392,821.1722,801.02563
1758146971.594,1758146971594,10.897000074386597,10897,878.7912,850.58606,998.46155,805.4579
1758146971.595,1758146971595,10.898000001907349,10898,880.80585,875.56775,863.47986,804.2491
1758146971.595,1758146971595,10.898000001907349,10898,724.87177,759.92676,628.5714,796.5934
1758146971.596,1758146971596,10.8989999294281,10899,689.81683,708.7546,682.96704,792.96704
1758146971.596,1758146971596,10.8989999294281,10899,834.87177,812.71063,944.87177,799.81683
1758146971.596,1758146971596,10.8989999294281,10899,911.02563,894.10254,998.0586,807.47253
1758146971.596,1758146971596,10.8989999294281,10899,776.04395,801.02563,751.06226,800.2198
1758146971.597,1758146971597,10.899999856948853,10900,676.1172,708.3516,628.1685,797.8022
1758146971.597,1758146971597,10.899999856948853,10900,788.93774,782.49084,824.7985,802.6374
1758146971.597,1758146971597,10.899999856948853,10900,906.5934,886.4469,956.55676,807.47253
1758146971.598,1758146971598,10.901000022888184,10901,805.4579,825.2015,753.8828,807.0696
1758146971.598,1758146971598,10.901000022888184,10901,670.87915,714.3956,631.39197,802.6374
1758146971.638,1758146971638,10.940999984741211,10941,743.00366,753.0769,843.73627,801.8315
1758146971.639,1758146971639,10.941999912261963,10942,889.2674,868.315,987.5824,808.2784
1758146971.639,1758146971639,10.941999912261963,10942,842.1245,855.82416,774.43225,811.0989
1758146971.64,1758146971640,10.943000078201294,10943,693.0403,737.3626,620.10986,802.6374
1758146971.64,1758146971640,10.943000078201294,10943,707.1429,720.0366,831.6484,796.5934
1758146971.64,1758146971640,10.943000078201294,10943,855.0183,826.0073,971.8681,800.2198
1758146971.641,1758146971641,10.944000005722046,10944,880.80585,870.7326,847.3626,805.8608
1758146971.641,1758146971641,10.944000005722046,10944,735.7509,768.7912,698.68134,802.6374
1758146971.643,1758146971643,10.94599986076355,10946,684.57874,708.3516,699.0842,798.60803
1758146971.643,1758146971643,10.94599986076355,10946,815.12823,801.4286,813.91943,797.8022
1758146971.643,1758146971643,10.94599986076355,10946,904.17584,892.0879,925.12823,805.4579
1758146971.644,1758146971644,10.94700002670288,10947,777.6557,814.3223,715.6044,805.05493
1758146971.682,1758146971682,10.984999895095825,10985,668.0586,709.9634,668.46155,794.57874
1758146971.683,1758146971683,10.986000061035156,10986,772.4176,770.0,904.9817,793.36993
1758146971.683,1758146971683,10.986000061035156,10986,901.3553,879.59705,958.97437,802.23444
1758146971.684,1758146971684,10.986999988555908,10987,813.91943,832.8571,706.337,803.8461
1758146971.684,1758146971684,10.986999988555908,10987,676.9231,724.4689,647.9121,799.81683
1758146971.684,1758146971684,10.986999988555908,10987,742.1978,754.68866,890.07324,803.0403
1758146971.685,1758146971685,10.98799991607666,10988,886.04395,863.8828,973.0769,807.8755
1758146971.685,1758146971685,10.98799991607666,10988,852.6007,857.8388,751.8681,807.8755
1758146971.685,1758146971685,10.98799991607666,10988,703.91943,743.00366,606.8132,801.4286
1758146971.686,1758146971686,10.989000082015991,10989,702.3077,714.3956,781.685,799.011
1758146971.686,1758146971686,10.989000082015991,10989,848.1685,820.3663,928.7546,802.23444
1758146971.686,1758146971686,10.989000082015991,10989,895.7143,882.01465,847.76556,809.89014
1758146971.718,1758146971718,11.020999908447266,11021,752.27106,779.67035,692.23444,807.8755
1758146971.719,1758146971719,11.022000074386597,11022,678.1319,700.696,726.4835,801.02563
1758146971.719,1758146971719,11.022000074386597,11022,805.8608,791.75824,915.4579,807.47253
1758146971.72,1758146971720,11.023000001907349,11023,913.0403,890.07324,973.0769,818.3516
1758146971.72,1758146971720,11.023000001907349,11023,797.8022,809.4872,735.34796,814.3223
1758146971.721,1758146971721,11.0239999294281,11024,680.9524,708.3516,693.0403,805.05493
1758146971.721,1758146971721,11.0239999294281,11024,775.2381,765.9707,893.69965,801.4286
1758146971.722,1758146971722,11.024999856948853,11025,906.99634,872.74725,911.02563,804.65204
1758146971.722,1758146971722,11.024999856948853,11025,837.28937,846.1539,777.25275,806.6667
1758146971.723,1758146971723,11.026000022888184,11026,705.9341,736.9597,626.1539,801.8315
1758146971.725,1758146971725,11.027999877929688,11028,748.24176,747.03296,829.6337,798.60803
1758146971.726,1758146971726,11.029000043869019,11029,886.8498,860.2564,974.68866,803.44324
1758146971.755,1758146971755,11.058000087738037,11058,877.98535,874.35895,808.2784,808.2784
1758146971.756,1758146971756,11.059000015258789,11059,729.304,763.95605,657.5824,803.44324
1758146971.756,1758146971756,11.059000015258789,11059,704.3223,722.4542,752.27106,798.60803
1758146971.756,1758146971756,11.059000015258789,11059,849.3773,824.7985,938.022,804.65204
1758146971.757,1758146971757,11.059999942779541,11060,913.0403,891.28204,934.7985,809.0842
1758146971.757,1758146971757,11.059999942779541,11060,775.64105,792.5641,780.4762,803.8461
1758146971.757,1758146971757,11.059999942779541,11060,688.60803,708.7546,656.77655,797.3993
1758146971.757,1758146971757,11.059999942779541,11060,802.6374,787.326,764.7619,799.81683
1758146971.758,1758146971758,11.060999870300293,11061,912.23444,884.83514,936.8132,804.65204
1758146971.758,1758146971758,11.060999870300293,11061,806.26373,822.7839,752.27106,805.4579
1758146971.758,1758146971758,11.060999870300293,11061,685.78754,717.2161,641.06226,801.4286
1758146971.759,1758146971759,11.062000036239624,11062,763.95605,755.4945,851.79486,796.99634
1758146971.808,1758146971808,11.111000061035156,11111,897.72894,867.1062,974.2857,801.8315
1758146971.809,1758146971809,11.111999988555908,11112,846.55676,848.5714,789.34064,807.47253
1758146971.809,1758146971809,11.111999988555908,11112,703.5165,732.1245,654.35895,801.8315
1758146971.81,1758146971810,11.11299991607666,11113,724.0659,724.87177,748.6447,793.7729
1758146971.81,1758146971810,11.11299991607666,11113,873.5531,842.1245,966.2271,801.8315
1758146971.81,1758146971810,11.11299991607666,11113,890.87915,877.5824,963.00366,812.3077
1758146971.811,1758146971811,11.114000082015991,11114,741.39197,764.35895,669.2674,807.47253
1758146971.811,1758146971811,11.114000082015991,11114,703.5165,711.1722,660.0,805.8608
1758146971.812,1758146971812,11.115000009536743,11115,848.5714,810.696,943.663,811.0989
1758146971.812,1758146971812,11.115000009536743,11115,928.3516,893.69965,890.87915,814.3223
1758146971.813,1758146971813,11.115999937057495,11116,795.78754,801.8315,653.95605,809.4872
1758146971.813,1758146971813,11.115999937057495,11116,691.4286,709.15753,655.16486,801.02563
1758146971.875,1758146971875,11.17799997329712,11178,804.2491,786.9231,884.0293,803.44324
1758146971.876,1758146971876,11.178999900817871,11179,927.1429,886.4469,963.4066,808.68134
1758146971.876,1758146971876,11.178999900817871,11179,823.9927,830.4396,751.06226,802.23444
1758146971.876,1758146971876,11.178999900817871,11179,684.57874,721.6484,612.0513,799.81683
1758146971.877,1758146971877,11.180000066757202,11180,753.0769,751.8681,849.3773,805.4579
1758146971.877,1758146971877,11.180000066757202,11180,899.34064,871.9414,1041.5751,809.0842
1758146971.877,1758146971877,11.180000066757202,11180,857.8388,867.50916,813.91943,808.68134
1758146971.878,1758146971878,11.180999994277954,11181,699.4872,747.4359,627.3626,801.4286
1758146971.878,1758146971878,11.180999994277954,11181,701.50183,726.08057,722.8571,794.17584
1758146971.878,1758146971878,11.180999994277954,11181,855.0183,839.707,910.6227,799.81683
1758146971.879,1758146971879,11.181999921798706,11182,889.2674,887.25275,861.8681,804.2491
1758146971.879,1758146971879,11.181999921798706,11182,743.00366,774.43225,654.7619,800.6227
1758146971.914,1758146971914,11.217000007629395,11217,679.7436,707.1429,690.6227,796.99634
1758146971.914,1758146971914,11.217000007629395,11217,808.2784,805.8608,911.4286,801.02563
1758146971.914,1758146971914,11.217000007629395,11217,901.75824,890.4762,938.4249,804.65204
1758146971.915,1758146971915,11.217999935150146,11218,779.2674,810.696,684.17584,801.8315
1758146971.915,1758146971915,11.217999935150146,11218,667.6557,716.0073,701.9048,799.011
1758146971.915,1758146971915,11.217999935150146,11218,771.2088,774.83514,947.6923,800.6227
1758146971.916,1758146971916,11.218999862670898,11219,910.6227,887.25275,948.0952,808.2784
1758146971.916,1758146971916,11.218999862670898,11219,820.7692,838.9011,681.75824,802.23444
1758146971.916,1758146971916,11.218999862670898,11219,680.9524,727.6923,676.9231,796.5934
1758146971.917,1758146971917,11.22000002861023,11220,734.94507,749.0476,806.26373,799.011
1758146971.917,1758146971917,11.22000002861023,11220,874.7619,853.8095,867.50916,797.8022
1758146971.917,1758146971917,11.22000002861023,11220,864.68866,868.71796,789.7436,805.05493
1758146971.942,1758146971942,11.244999885559082,11245,718.022,759.12085,655.16486,807.47253
1758146971.943,1758146971943,11.246000051498413,11246,704.7253,725.2747,774.83514,799.81683
1758146971.946,1758146971946,11.249000072479248,11249,857.4359,834.0659,936.4103,798.20514
1758146971.946,1758146971946,11.249000072479248,11249,905.38464,892.49084,851.39197,804.2491
1758146971.947,1758146971947,11.25,11250,758.315,788.93774,730.10986,802.23444
1758146971.947,1758146971947,11.25,11250,686.1905,715.2015,775.64105,797.8022
1758146971.948,1758146971948,11.250999927520752,11251,810.696,802.6374,913.8461,799.011
1758146971.948,1758146971948,11.250999927520752,11251,910.2198,894.5055,899.34064,802.6374
1758146971.949,1758146971949,11.251999855041504,11252,792.5641,819.15753,656.77655,807.0696
1758146971.949,1758146971949,11.251999855041504,11252,673.2967,716.8132,627.3626,802.23444
1758146971.95,1758146971950,11.253000020980835,11253,764.35895,763.5531,865.4945,797.3993
1758146971.95,1758146971950,11.253000020980835,11253,900.9524,869.5238,951.7216,804.2491
1758146972.004,1758146972004,11.306999921798706,11307,836.08057,848.97437,826.0073,807.8755
1758146972.005,1758146972005,11.308000087738037,11308,693.44324,736.55676,644.2857,800.2198
1758146972.005,1758146972005,11.308000087738037,11308,733.3333,740.58606,757.9121,797.3993
1758146972.005,1758146972005,11.308000087738037,11308,884.83514,857.03296,938.8278,800.6227
1758146972.006,1758146972006,11.309000015258789,11309,879.59705,874.7619,850.58606,804.65204
1758146972.006,1758146972006,11.309000015258789,11309,731.7216,766.3736,753.8828,802.6374
1758146972.006,1758146972006,11.309000015258789,11309,707.1429,724.4689,774.83514,801.8315
1758146972.007,1758146972007,11.309999942779541,11310,844.1392,817.5458,912.23444,806.26373
1758146972.007,1758146972007,11.309999942779541,11310,908.20514,888.86444,909.41394,810.696
1758146972.007,1758146972007,11.309999942779541,11310,764.7619,794.17584,629.3773,806.26373
1758146972.008,1758146972008,11.310999870300293,11311,674.10254,709.15753,666.8498,801.02563
1758146972.008,1758146972008,11.310999870300293,11311,792.5641,789.34064,881.2088,803.8461
1758146972.071,1758146972071,11.374000072479248,11374,909.41394,887.6557,942.4542,804.2491
1758146972.072,1758146972072,11.375,11375,814.7253,821.1722,765.56775,800.2198
1758146972.072,1758146972072,11.375,11375,683.7729,709.15753,640.2564,795.38464
1758146972.073,1758146972073,11.375999927520752,11376,763.5531,752.27106,877.5824,796.1905
1758146972.074,1758146972074,11.376999855041504,11377,907.8022,867.50916,1012.1612,805.8608
1758146972.074,1758146972074,11.376999855041504,11377,855.82416,849.7802,799.011,808.2784
1758146972.074,1758146972074,11.376999855041504,11377,710.3663,731.7216,671.28204,800.2198
1758146972.075,1758146972075,11.378000020980835,11378,731.31866,724.4689,729.707,799.41394
1758146972.075,1758146972075,11.378000020980835,11378,880.80585,839.707,898.5348,809.0842
1758146972.076,1758146972076,11.378999948501587,11379,898.1319,876.77655,875.9707,813.91943
1758146972.076,1758146972076,11.378999948501587,11379,749.45056,769.19415,668.0586,802.6374
1758146972.076,1758146972076,11.378999948501587,11379,701.50183,714.3956,687.3993,795.38464
1758146972.113,1758146972113,11.41599988937378,11416,840.10986,810.293,921.0989,802.6374
1758146972.114,1758146972114,11.41700005531311,11417,925.12823,894.5055,943.2601,809.0842
1758146972.114,1758146972114,11.41700005531311,11417,793.36993,809.0842,717.2161,804.65204
1758146972.114,1758146972114,11.41700005531311,11417,690.6227,715.6044,680.9524,796.99634
1758146972.115,1758146972115,11.417999982833862,11418,799.41394,780.07324,891.28204,800.6227
1758146972.115,1758146972115,11.417999982833862,11418,920.293,887.25275,996.8498,805.4579
1758146972.115,1758146972115,11.417999982833862,11418,832.4542,835.2747,746.2271,806.6667
1758146972.116,1758146972116,11.418999910354614,11419,699.0842,719.2308,610.0366,799.81683
1758146972.116,1758146972116,11.418999910354614,11419,759.5238,745.42126,815.12823,795.78754
1758146972.116,1758146972116,11.418999910354614,11419,907.3993,859.85345,912.23444,807.0696
1758146972.117,1758146972117,11.420000076293945,11420,883.22345,856.2271,757.1062,809.89014
1758146972.117,1758146972117,11.420000076293945,11420,736.55676,743.00366,614.0659,802.6374
1758146972.144,1758146972144,11.44700002670288,11447,735.34796,723.2601,763.95605,799.81683
1758146972.145,1758146972145,11.447999954223633,11448,884.0293,829.6337,978.71796,803.0403
1758146972.145,1758146972145,11.447999954223633,11448,920.293,877.98535,900.54944,805.4579
1758146972.146,1758146972146,11.448999881744385,11449,774.0293,775.2381,683.36993,798.20514
1758146972.146,1758146972146,11.448999881744385,11449,712.381,712.7839,748.6447,794.9817
1758146972.147,1758146972147,11.450000047683716,11450,838.9011,803.8461,980.32965,797.8022
1758146972.149,1758146972149,11.45199990272522,11452,931.978,888.86444,954.5421,803.44324
1758146972.149,1758146972149,11.45199990272522,11452,807.8755,808.68134,615.6777,806.26373
1758146972.15,1758146972150,11.45300006866455,11453,691.8315,709.9634,645.89746,797.8022
1758146972.15,1758146972150,11.45300006866455,11453,787.326,767.5824,891.685,795.78754
1758146972.151,1758146972151,11.453999996185303,11454,916.6667,879.59705,1003.69965,807.0696
1758146972.151,1758146972151,11.453999996185303,11454,842.9304,842.1245,816.7399,810.696
1758146972.193,1758146972193,11.496000051498413,11496,700.293,721.6484,579.41394,801.02563
1758146972.194,1758146972194,11.496999979019165,11497,751.06226,736.9597,810.293,799.41394
1758146972.194,1758146972194,11.496999979019165,11497,896.52014,858.24176,967.03296,810.696
1758146972.195,1758146972195,11.497999906539917,11498,871.53845,866.30035,772.4176,813.5165
1758146972.195,1758146972195,11.497999906539917,11498,720.84247,746.63007,660.40295,806.26373
1758146972.195,1758146972195,11.497999906539917,11498,711.1722,712.7839,866.7033,802.6374
1758146972.196,1758146972196,11.499000072479248,11499,855.42126,822.381,917.0696,805.4579
1758146972.196,1758146972196,11.499000072479248,11499,902.5641,880.40295,774.43225,805.4579
1758146972.196,1758146972196,11.499000072479248,11499,760.7326,777.25275,743.4066,801.8315
1758146972.196,1758146972196,11.499000072479248,11499,681.75824,703.5165,682.1612,799.81683
1758146972.197,1758146972197,11.5,11500,807.0696,791.75824,856.63007,800.2198
1758146972.197,1758146972197,11.5,11500,915.05493,886.04395,922.3077,804.65204
1758146972.257,1758146972257,11.559999942779541,11560,801.4286,816.7399,728.0952,804.65204
1758146972.258,1758146972258,11.560999870300293,11561,682.96704,715.2015,686.1905,800.2198
1758146972.258,1758146972258,11.560999870300293,11561,770.40295,761.53845,882.01465,803.0403
1758146972.259,1758146972259,11.562000036239624,11562,900.9524,868.71796,917.47253,809.4872
1758146972.259,1758146972259,11.562000036239624,11562,836.08057,838.9011,747.8388,807.47253
1758146972.259,1758146972259,11.562000036239624,11562,699.4872,727.28937,720.84247,801.8315
1758146972.26,1758146972260,11.562999963760376,11563,731.31866,729.304,790.9524,798.20514
1758146972.26,1758146972260,11.562999963760376,11563,876.3736,844.94507,857.03296,803.44324
1758146972.261,1758146972261,11.563999891281128,11564,886.04395,873.1502,810.293,807.0696
1758146972.262,1758146972262,11.565000057220459,11565,743.4066,760.7326,675.7143,798.20514
1758146972.262,1758146972262,11.565000057220459,11565,715.2015,715.2015,745.42126,792.5641
1758146972.262,1758146972262,11.565000057220459,11565,852.1978,827.2161,873.5531,801.8315
1758146972.307,1758146972307,11.609999895095825,11610,917.0696,909.81683,913.0403,813.91943
1758146972.308,1758146972308,11.611000061035156,11611,769.59705,820.3663,722.4542,811.9048
1758146972.308,1758146972308,11.611000061035156,11611,662.01465,728.0952,637.8388,802.6374
1758146972.308,1758146972308,11.611000061035156,11611,783.2967,797.8022,838.9011,806.26373
1758146972.309,1758146972309,11.611999988555908,11612,915.4579,900.14655,1029.0842,813.91943
1758146972.309,1758146972309,11.611999988555908,11612,815.5311,838.9011,827.619,806.26373
1758146972.309,1758146972309,11.611999988555908,11612,678.1319,725.6777,619.707,801.02563
1758146972.31,1758146972310,11.61299991607666,11613,753.8828,757.1062,848.5714,804.2491
1758146972.31,1758146972310,11.61299991607666,11613,900.54944,867.50916,925.5311,810.696
1758146972.31,1758146972310,11.61299991607666,11613,850.58606,856.2271,697.8755,814.7253
1758146972.31,1758146972310,11.61299991607666,11613,699.89014,743.8095,633.8095,808.68134
1758146972.311,1758146972311,11.614000082015991,11614,721.2454,731.31866,797.8022,802.6374
1758146972.342,1758146972342,11.644999980926514,11645,867.1062,840.9158,948.9011,805.4579
1758146972.343,1758146972343,11.645999908447266,11646,884.0293,879.59705,858.6447,807.8755
1758146972.344,1758146972344,11.647000074386597,11647,737.3626,769.59705,690.2198,798.60803
1758146972.344,1758146972344,11.647000074386597,11647,685.38464,707.5458,699.4872,794.17584
1758146972.345,1758146972345,11.648000001907349,11648,819.15753,806.26373,909.011,800.6227
1758146972.345,1758146972345,11.648000001907349,11648,910.2198,891.28204,1008.93774,809.89014
1758146972.346,1758146972346,11.6489999294281,11649,792.96704,800.2198,757.50916,807.8755
1758146972.346,1758146972346,11.6489999294281,11649,685.78754,699.4872,602.381,796.1905
1758146972.347,1758146972347,11.649999856948853,11650,791.3553,763.95605,853.4066,800.2198
1758146972.347,1758146972347,11.649999856948853,11650,922.3077,871.53845,973.0769,808.68134
1758146972.35,1758146972350,11.652999877929688,11653,834.0659,828.8278,698.68134,806.6667
1758146972.35,1758146972350,11.652999877929688,11653,699.89014,720.0366,624.1392,796.99634
1758146972.389,1758146972389,11.691999912261963,11692,762.74725,740.18317,848.5714,794.9817
1758146972.39,1758146972390,11.693000078201294,11693,906.99634,857.8388,998.86444,804.2491
1758146972.39,1758146972390,11.693000078201294,11693,873.5531,861.8681,828.8278,803.44324
1758146972.39,1758146972390,11.693000078201294,11693,727.6923,747.4359,666.8498,797.8022
1758146972.391,1758146972391,11.694000005722046,11694,726.08057,724.4689,752.674,801.02563
1758146972.391,1758146972391,11.694000005722046,11694,870.32965,832.4542,974.68866,808.2784
1758146972.392,1758146972392,11.694999933242798,11695,911.8315,890.4762,895.31134,815.12823
1758146972.392,1758146972392,11.694999933242798,11695,771.6117,782.49084,660.40295,809.0842
1758146972.392,1758146972392,11.694999933242798,11695,703.1135,706.337,709.5604,798.60803
1758146972.392,1758146972392,11.694999933242798,11695,827.619,799.011,845.7509,801.4286
1758146972.393,1758146972393,11.69599986076355,11696,933.1868,894.90845,901.75824,809.4872
1758146972.393,1758146972393,11.69599986076355,11696,815.5311,819.5604,707.9487,806.6667
1758146972.419,1758146972419,11.721999883651733,11722,697.47253,720.0366,722.0513,799.011
1758146972.419,1758146972419,11.721999883651733,11722,787.326,776.04395,877.1795,801.4286
1758146972.42,1758146972420,11.723000049591064,11723,915.05493,879.19415,909.011,811.50183
1758146972.42,1758146972420,11.723000049591064,11723,842.52747,838.49817,738.5714,808.68134
1758146972.42,1758146972420,11.723000049591064,11723,698.2784,723.663,681.3553,795.38464
1758146972.42,1758146972420,11.723000049591064,11723,738.97437,730.5128,894.90845,791.3553
1758146972.421,1758146972421,11.723999977111816,11724,884.43225,845.7509,992.8205,799.011
1758146972.421,1758146972421,11.723999977111816,11724,875.16486,869.5238,804.65204,807.47253
1758146972.421,1758146972421,11.723999977111816,11724,719.2308,753.0769,595.5311,801.8315
1758146972.422,1758146972422,11.724999904632568,11725,693.8461,714.7985,745.0183,797.3993
1758146972.422,1758146972422,11.724999904632568,11725,840.10986,816.7399,948.9011,802.23444
1758146972.422,1758146972422,11.724999904632568,11725,899.7436,882.8205,915.8608,808.2784
1758146972.46,1758146972460,11.763000011444092,11763,765.9707,785.31134,709.9634,805.05493
1758146972.46,1758146972460,11.763000011444092,11763,680.14655,703.5165,682.5641,805.4579
1758146972.461,1758146972461,11.763999938964844,11764,789.34064,784.5055,882.01465,809.4872
1758146972.461,1758146972461,11.763999938964844,11764,901.75824,877.98535,933.9927,813.1135
1758146972.461,1758146972461,11.763999938964844,11764,800.2198,815.9341,799.011,811.9048
1758146972.462,1758146972462,11.764999866485596,11765,678.1319,711.1722,705.12823,801.4286
1758146972.462,1758146972462,11.764999866485596,11765,753.8828,754.68866,842.9304,797.3993
1758146972.462,1758146972462,11.764999866485596,11765,882.4176,863.8828,931.5751,800.6227
1758146972.463,1758146972463,11.766000032424927,11766,830.84247,841.7216,799.011,801.8315
1758146972.463,1758146972463,11.766000032424927,11766,689.81683,731.7216,599.5604,801.8315
1758146972.463,1758146972463,11.766000032424927,11766,710.7692,722.4542,740.58606,799.011
1758146972.464,1758146972464,11.766999959945679,11767,867.50916,843.3333,980.32965,803.8461
1758146972.514,1758146972514,11.816999912261963,11817,878.7912,877.98535,824.7985,811.0989
1758146972.515,1758146972515,11.818000078201294,11818,724.0659,758.71796,645.4945,806.26373
1758146972.516,1758146972516,11.819000005722046,11819,689.011,712.7839,759.5238,799.81683
1758146972.516,1758146972516,11.819000005722046,11819,827.2161,819.5604,925.5311,806.6667
1758146972.516,1758146972516,11.819000005722046,11819,898.93774,891.685,948.9011,815.12823
1758146972.517,1758146972517,11.819999933242798,11820,774.0293,799.81683,794.17584,809.0842
1758146972.517,1758146972517,11.819999933242798,11820,674.10254,708.7546,662.8205,795.78754
1758146972.517,1758146972517,11.819999933242798,11820,774.83514,774.0293,740.18317,795.78754
1758146972.518,1758146972518,11.82099986076355,11821,898.5348,883.22345,895.7143,807.8755
1758146972.518,1758146972518,11.82099986076355,11821,811.50183,830.4396,778.46155,807.47253
1758146972.518,1758146972518,11.82099986076355,11821,682.5641,718.022,653.95605,799.011
1758146972.519,1758146972519,11.82200002670288,11822,753.8828,755.89746,826.0073,799.41394
1758146972.58,1758146972580,11.882999897003174,11883,898.1319,873.95605,998.46155,805.8608
1758146972.581,1758146972581,11.884000062942505,11884,853.8095,861.4652,818.3516,805.05493
1758146972.582,1758146972582,11.884999990463257,11885,703.1135,739.3773,643.47986,798.60803
1758146972.582,1758146972582,11.884999990463257,11885,711.5751,720.84247,755.4945,797.3993
1758146972.583,1758146972583,11.885999917984009,11886,857.03296,830.84247,968.24176,799.41394
1758146972.583,1758146972583,11.885999917984009,11886,887.25275,881.6117,948.49817,803.8461
1758146972.583,1758146972583,11.885999917984009,11886,745.82416,782.0879,691.02563,801.8315
1758146972.583,1758146972583,11.885999917984009,11886,687.8022,721.2454,697.0696,799.011
1758146972.584,1758146972584,11.88700008392334,11887,821.978,815.5311,909.81683,807.0696
1758146972.584,1758146972584,11.88700008392334,11887,913.8461,898.93774,880.40295,812.3077
1758146972.585,1758146972585,11.888000011444092,11888,786.52014,815.9341,710.3663,804.65204
1758146972.585,1758146972585,11.888000011444092,11888,679.7436,726.08057,676.9231,796.99634
1758146972.62,1758146972620,11.922999858856201,11923,783.69965,787.326,826.8132,800.2198
1758146972.621,1758146972621,11.924000024795532,11924,913.8461,890.87915,941.6484,809.89014
1758146972.621,1758146972621,11.924000024795532,11924,828.4249,844.94507,740.58606,806.26373
1758146972.622,1758146972622,11.924999952316284,11925,696.6667,734.94507,633.00366,800.2198
1758146972.622,1758146972622,11.924999952316284,11925,753.47986,749.45056,845.7509,803.8461
1758146972.622,1758146972622,11.924999952316284,11925,896.1172,864.2857,1046.0073,808.2784
1758146972.622,1758146972622,11.924999952316284,11925,877.5824,876.3736,832.4542,808.2784
1758146972.623,1758146972623,11.925999879837036,11926,724.87177,752.27106,568.5348,800.6227
1758146972.623,1758146972623,11.925999879837036,11926,711.5751,716.8132,731.31866,797.8022
1758146972.623,1758146972623,11.925999879837036,11926,856.63007,829.2308,936.0073,801.4286
1758146972.624,1758146972624,11.927000045776367,11927,905.38464,892.8938,872.74725,806.26373
1758146972.624,1758146972624,11.927000045776367,11927,759.5238,790.14655,681.75824,803.0403
1758146972.662,1758146972662,11.964999914169312,11965,678.93774,710.7692,718.8278,794.57874
1758146972.663,1758146972663,11.966000080108643,11966,806.26373,789.7436,905.78754,800.2198
1758146972.663,1758146972663,11.966000080108643,11966,912.23444,888.0586,960.18317,811.0989
1758146972.663,1758146972663,11.966000080108643,11966,792.5641,819.5604,733.3333,805.05493
1758146972.665,1758146972665,11.967999935150146,11968,676.1172,714.3956,624.1392,796.1905
1758146972.665,1758146972665,11.967999935150146,11968,771.2088,774.43225,907.3993,806.26373
1758146972.665,1758146972665,11.967999935150146,11968,905.78754,883.6264,983.1502,815.9341
1758146972.666,1758146972666,11.968999862670898,11969,835.6777,837.28937,682.96704,807.47253
1758146972.666,1758146972666,11.968999862670898,11969,702.3077,723.2601,662.8205,799.41394
1758146972.666,1758146972666,11.968999862670898,11969,734.94507,730.5128,774.43225,796.5934
1758146972.667,1758146972667,11.97000002861023,11970,873.5531,848.97437,905.78754,806.26373
1758146972.667,1758146972667,11.97000002861023,11970,875.56775,879.59705,812.71063,811.9048
1758146972.74,1758146972740,12.042999982833862,12043,726.08057,761.53845,647.1062,801.02563
1758146972.74,1758146972740,12.042999982833862,12043,697.8755,716.0073,745.82416,798.60803
1758146972.741,1758146972741,12.043999910354614,12044,834.0659,816.7399,908.20514,797.8022
1758146972.741,1758146972741,12.043999910354614,12044,896.1172,883.6264,882.8205,796.99634
1758146972.741,1758146972741,12.043999910354614,12044,763.95605,792.96704,736.1539,801.02563
1758146972.742,1758146972742,12.045000076293945,12045,683.36993,705.12823,737.3626,798.20514
1758146972.742,1758146972742,12.045000076293945,12045,796.99634,773.22345,904.9817,796.99634
1758146972.742,1758146972742,12.045000076293945,12045,898.1319,877.5824,911.02563,801.02563
1758146972.743,1758146972743,12.046000003814697,12046,795.78754,817.9487,660.80585,797.3993
1758146972.743,1758146972743,12.046000003814697,12046,681.3553,713.9927,639.0476,790.14655
1758146972.743,1758146972743,12.046000003814697,12046,760.32965,758.315,812.71063,792.1612
1758146972.744,1758146972744,12.04699993133545,12047,898.5348,870.32965,935.6044,803.8461
1758146972.779,1758146972779,12.082000017166138,12082,848.5714,857.8388,823.9927,806.26373
1758146972.78,1758146972780,12.08299994468689,12083,702.3077,744.61536,686.5934,798.20514
1758146972.78,1758146972780,12.08299994468689,12083,725.6777,740.58606,792.96704,798.60803
1758146972.78,1758146972780,12.08299994468689,12083,867.50916,849.7802,901.3553,802.6374
1758146972.781,1758146972781,12.083999872207642,12084,882.01465,880.80585,906.99634,808.2784
1758146972.781,1758146972781,12.083999872207642,12084,735.7509,771.6117,767.98535,807.0696
1758146972.782,1758146972782,12.085000038146973,12085,682.1612,710.7692,695.05493,799.41394
1758146972.783,1758146972783,12.085999965667725,12086,815.12823,803.8461,883.22345,799.81683
1758146972.783,1758146972783,12.085999965667725,12086,901.3553,887.6557,990.80585,805.05493
1758146972.783,1758146972783,12.085999965667725,12086,772.8205,798.60803,658.7912,801.4286
1758146972.784,1758146972784,12.086999893188477,12087,669.67035,696.6667,533.0769,793.7729
1758146972.784,1758146972784,12.086999893188477,12087,780.07324,763.5531,905.38464,796.1905
1758146972.817,1758146972817,12.119999885559082,12120,904.17584,874.35895,973.47986,800.2198
1758146972.818,1758146972818,12.121000051498413,12121,811.50183,826.0073,711.1722,800.2198
1758146972.818,1758146972818,12.121000051498413,12121,678.1319,710.7692,631.39197,796.5934
1758146972.819,1758146972819,12.121999979019165,12122,744.21246,743.8095,810.293,799.011
1758146972.819,1758146972819,12.121999979019165,12122,892.49084,860.65936,1044.7986,807.0696
1758146972.819,1758146972819,12.121999979019165,12122,864.2857,860.2564,918.2784,810.696
1758146972.819,1758146972819,12.121999979019165,12122,716.4103,743.4066,641.06226,806.26373
1758146972.82,1758146972820,12.122999906539917,12123,708.7546,713.5897,684.9817,799.41394
1758146972.82,1758146972820,12.122999906539917,12123,855.0183,823.1868,911.8315,801.02563
1758146972.82,1758146972820,12.122999906539917,12123,897.72894,876.3736,904.9817,802.6374
1758146972.821,1758146972821,12.124000072479248,12124,755.09155,776.4469,675.7143,796.1905
1758146972.821,1758146972821,12.124000072479248,12124,691.4286,711.5751,651.9414,795.38464
1758146972.856,1758146972856,12.158999919891357,12159,820.3663,800.6227,973.0769,800.6227
1758146972.857,1758146972857,12.160000085830688,12160,914.65204,888.46155,995.2381,806.6667
1758146972.857,1758146972857,12.160000085830688,12160,794.57874,814.3223,672.49084,804.2491
1758146972.857,1758146972857,12.160000085830688,12160,681.75824,720.84247,612.0513,795.78754
1758146972.858,1758146972858,12.16100001335144,12161,783.2967,778.86444,919.89014,799.41394
1758146972.858,1758146972858,12.16100001335144,12161,923.91943,883.6264,1102.8206,810.696
1758146972.858,1758146972858,12.16100001335144,12161,849.3773,843.73627,738.97437,814.3223
1758146972.859,1758146972859,12.161999940872192,12162,705.5311,730.9158,555.2381,807.8755
1758146972.86,1758146972860,12.162999868392944,12163,746.63007,742.6007,813.5165,802.23444
1758146972.86,1758146972860,12.162999868392944,12163,892.0879,858.24176,946.08057,807.8755
1758146972.861,1758146972861,12.164000034332275,12164,882.01465,874.35895,799.011,812.71063
1758146972.861,1758146972861,12.164000034332275,12164,730.5128,749.85345,616.4835,803.0403
1758146972.889,1758146972889,12.191999912261963,12192,713.9927,715.2015,782.49084,798.60803
1758146972.89,1758146972890,12.193000078201294,12193,863.0769,823.5897,1005.31134,803.44324
1758146972.89,1758146972890,12.193000078201294,12193,919.4872,880.80585,896.52014,807.8755
1758146972.89,1758146972890,12.193000078201294,12193,773.6264,782.8938,640.65936,803.8461
1758146972.891,1758146972891,12.194000005722046,12194,694.65204,703.5165,738.5714,796.5934
1758146972.891,1758146972891,12.194000005722046,12194,821.1722,785.7143,969.85345,796.99634
1758146972.891,1758146972891,12.194000005722046,12194,928.3516,883.6264,952.9304,803.8461
1758146972.892,1758146972892,12.194999933242798,12195,813.5165,817.1429,633.00366,803.0403
1758146972.892,1758146972892,12.194999933242798,12195,686.5934,708.7546,582.23444,791.75824
1758146972.892,1758146972892,12.194999933242798,12195,777.6557,761.13556,885.64105,793.36993
1758146972.893,1758146972893,12.19599986076355,12196,917.47253,877.5824,987.98535,802.6374
1758146972.893,1758146972893,12.19599986076355,12196,846.1539,848.1685,724.87177,805.05493
1758146972.947,1758146972947,12.25,12250,704.7253,739.7802,629.7802,800.2198
1758146972.948,1758146972948,12.250999927520752,12251,739.3773,737.76556,846.1539,796.5934
1758146972.948,1758146972948,12.250999927520752,12251,881.2088,846.1539,1009.7436,804.65204
1758146972.948,1758146972948,12.250999927520752,12251,884.43225,872.74725,817.5458,808.68134
1758146972.948,1758146972948,12.250999927520752,12251,735.7509,758.315,618.0952,801.02563
1758146972.948,1758146972948,12.250999927520752,12251,707.9487,713.1868,821.978,798.20514
1758146972.948,1758146972948,12.250999927520752,12251,844.1392,815.12823,995.64105,802.6374
1758146972.948,1758146972948,12.250999927520752,12251,906.5934,894.10254,865.4945,809.4872
1758146972.948,1758146972948,12.250999927520752,12251,779.2674,798.20514,670.87915,807.0696
1758146972.948,1758146972948,12.250999927520752,12251,688.20514,709.5604,651.53845,797.8022
1758146972.949,1758146972949,12.251999855041504,12252,797.8022,788.1319,856.63007,801.02563
1758146972.949,1758146972949,12.251999855041504,12252,916.6667,889.2674,958.1685,809.0842
1758146972.974,1758146972974,12.276999950408936,12277,820.3663,831.6484,770.40295,811.50183
1758146972.974,1758146972974,12.276999950408936,12277,690.2198,728.0952,651.53845,804.2491
1758146972.975,1758146972975,12.277999877929688,12278,761.13556,761.9414,845.7509,798.60803
1758146972.975,1758146972975,12.277999877929688,12278,901.3553,868.71796,1016.5934,808.2784
1758146972.976,1758146972976,12.279000043869019,12279,850.989,851.39197,755.89746,814.3223
1758146972.976,1758146972976,12.279000043869019,12279,704.3223,737.76556,624.94507,806.26373
1758146972.976,1758146972976,12.279000043869019,12279,721.6484,729.707,846.55676,803.0403
1758146972.976,1758146972976,12.279000043869019,12279,866.30035,838.49817,890.07324,808.2784
1758146972.977,1758146972977,12.27999997138977,12280,884.83514,879.59705,813.1135,808.68134
1758146972.977,1758146972977,12.27999997138977,12280,740.58606,772.4176,651.13556,804.2491
1758146972.977,1758146972977,12.27999997138977,12280,690.6227,705.9341,706.337,796.1905
1758146972.978,1758146972978,12.280999898910522,12281,821.978,796.1905,898.93774,794.57874
1758146973.042,1758146973042,12.34500002861023,12345,911.4286,882.8205,909.81683,807.8755
1758146973.042,1758146973042,12.34500002861023,12345,787.72894,802.6374,716.0073,808.68134
1758146973.043,1758146973043,12.345999956130981,12346,685.78754,708.7546,653.95605,799.41394
1758146973.043,1758146973043,12.345999956130981,12346,795.38464,780.87915,879.19415,804.65204
1758146973.043,1758146973043,12.345999956130981,12346,926.337,893.2967,1005.7143,817.1429
1758146973.044,1758146973044,12.346999883651733,12347,842.1245,846.9597,819.9634,817.5458
1758146973.044,1758146973044,12.346999883651733,12347,694.65204,730.5128,582.6374,800.6227
1758146973.044,1758146973044,12.346999883651733,12347,749.0476,749.85345,747.4359,796.5934
1758146973.045,1758146973045,12.348000049591064,12348,896.9231,866.30035,1030.2931,811.0989
1758146973.045,1758146973045,12.348000049591064,12348,863.8828,869.92676,758.71796,815.12823
1758146973.045,1758146973045,12.348000049591064,12348,716.8132,755.4945,578.20514,804.65204
1758146973.046,1758146973046,12.348999977111816,12349,712.7839,724.0659,769.19415,801.8315
1758146973.073,1758146973073,12.375999927520752,12376,857.4359,835.2747,951.31866,808.2784
1758146973.074,1758146973074,12.376999855041504,12377,907.8022,896.52014,865.89746,812.71063
1758146973.074,1758146973074,12.376999855041504,12377,763.95605,787.72894,691.8315,804.65204
1758146973.074,1758146973074,12.376999855041504,12377,686.1905,708.7546,636.2271,798.20514
1758146973.075,1758146973075,12.378000020980835,12378,815.5311,803.0403,909.81683,802.6374
1758146973.075,1758146973075,12.378000020980835,12378,922.3077,903.36993,1044.3956,812.71063
1758146973.075,1758146973075,12.378000020980835,12378,802.6374,825.6044,693.0403,810.696
1758146973.075,1758146973075,12.378000020980835,12378,681.75824,716.4103,535.89746,799.41394
1758146973.076,1758146973076,12.378999948501587,12379,778.46155,771.2088,810.696,798.60803
1758146973.076,1758146973076,12.378999948501587,12379,920.696,886.4469,1022.6374,809.89014
1758146973.076,1758146973076,12.378999948501587,12379,844.5421,847.3626,806.26373,808.2784
1758146973.077,1758146973077,12.379999876022339,12380,691.02563,723.2601,599.5604,793.7729
1758146973.131,1758146973131,12.434000015258789,12434,733.3333,725.6777,797.8022,791.3553
1758146973.131,1758146973131,12.434000015258789,12434,879.59705,845.7509,976.30035,803.44324
1758146973.132,1758146973132,12.434999942779541,12435,871.9414,868.71796,796.5934,810.293
1758146973.133,1758146973133,12.435999870300293,12436,728.0952,752.674,623.3333,801.4286
1758146973.133,1758146973133,12.435999870300293,12436,708.3516,715.2015,788.1319,802.6374
1758146973.133,1758146973133,12.435999870300293,12436,852.1978,818.3516,1021.02563,808.2784
1758146973.134,1758146973134,12.437000036239624,12437,913.8461,886.04395,906.5934,813.91943
1758146973.134,1758146973134,12.437000036239624,12437,770.80585,786.1172,653.5531,808.2784
1758146973.135,1758146973135,12.437999963760376,12438,682.96704,697.8755,682.1612,799.011
1758146973.135,1758146973135,12.437999963760376,12438,805.8608,783.2967,851.39197,804.2491
1758146973.136,1758146973136,12.438999891281128,12439,931.1722,895.31134,933.5897,820.7692
1758146973.136,1758146973136,12.438999891281128,12439,821.5751,820.3663,777.6557,821.1722
1758146973.167,1758146973167,12.47000002861023,12470,665.2381,686.1905,709.5604,804.65204
1758146973.168,1758146973168,12.470999956130981,12471,741.79486,720.84247,913.0403,803.8461
1758146973.169,1758146973169,12.471999883651733,12472,879.19415,822.381,1040.7693,817.5458
1758146973.169,1758146973169,12.471999883651733,12472,784.10254,758.71796,746.2271,808.68134
1758146973.17,1758146973170,12.473000049591064,12473,602.381,612.4542,607.619,805.05493
1758146973.17,1758146973170,12.473000049591064,12473,584.2491,584.2491,877.5824,810.293
1758146973.17,1758146973170,12.473000049591064,12473,683.7729,666.8498,1052.0513,804.65204
1758146973.171,1758146973171,12.473999977111816,12474,658.7912,678.1319,858.6447,812.3077
1758146973.171,1758146973171,12.473999977111816,12474,477.87546,545.16486,687.8022,808.2784
1758146973.171,1758146973171,12.473999977111816,12474,429.92673,486.337,808.68134,805.05493
1758146973.171,1758146973171,12.473999977111816,12474,567.326,583.44324,911.8315,810.293
1758146973.172,1758146973172,12.474999904632568,12475,645.4945,658.3883,900.54944,818.3516
1758146973.231,1758146973231,12.533999919891357,12534,521.79486,568.5348,742.1978,820.3663
1758146973.232,1758146973232,12.535000085830688,12535,421.86813,477.0696,715.6044,810.696
1758146973.232,1758146973232,12.535000085830688,12535,541.13556,557.6557,915.8608,808.68134
1758146973.233,1758146973233,12.53600001335144,12536,684.17584,680.54944,934.7985,820.7692
1758146973.233,1758146973233,12.53600001335144,12536,607.2161,642.674,752.674,818.7546
1758146973.233,1758146973233,12.53600001335144,12536,478.27838,551.2088,812.71063,807.8755
1758146973.234,1758146973234,12.536999940872192,12537,554.0293,596.337,956.1539,815.5311
1758146973.234,1758146973234,12.536999940872192,12537,711.1722,723.2601,1115.3114,827.2161
1758146973.234,1758146973234,12.536999940872192,12537,678.93774,736.1539,854.61536,829.6337
1758146973.235,1758146973235,12.537999868392944,12538,543.5531,646.7033,490.76923,823.1868
1758146973.235,1758146973235,12.537999868392944,12538,571.3553,649.12085,809.0842,807.0696
1758146973.235,1758146973235,12.537999868392944,12538,734.5421,776.8498,1085.4945,804.65204
1758146973.264,1758146973264,12.566999912261963,12567,780.87915,845.7509,1080.6593,810.293
1758146973.265,1758146973265,12.568000078201294,12568,638.6447,750.65936,686.99634,804.65204
1758146973.265,1758146973265,12.568000078201294,12568,587.0696,693.0403,664.43225,797.3993
1758146973.266,1758146973266,12.569000005722046,12569,739.7802,801.02563,1007.72894,801.4286
1758146973.268,1758146973268,12.57099986076355,12571,851.39197,903.36993,956.9597,807.8755
1758146973.268,1758146973268,12.57099986076355,12571,743.4066,834.0659,743.8095,800.6227
1758146973.269,1758146973269,12.57200002670288,12572,643.0769,746.2271,713.9927,791.3553
1758146973.269,1758146973269,12.57200002670288,12572,756.7033,815.12823,836.08057,791.75824
1758146973.27,1758146973270,12.572999954223633,12573,902.1612,933.5897,971.4652,796.5934
1758146973.27,1758146973270,12.572999954223633,12573,833.663,902.1612,724.4689,794.9817
1758146973.271,1758146973271,12.573999881744385,12574,706.337,791.3553,541.9414,784.90845
1758146973.271,1758146973271,12.573999881744385,12574,770.40295,812.71063,816.7399,784.5055
1758146973.299,1758146973299,12.601999998092651,12602,933.1868,939.2308,1089.1208,793.7729
1758146973.299,1758146973299,12.601999998092651,12602,931.978,960.58606,855.42126,796.5934
1758146973.3,1758146973300,12.602999925613403,12603,794.17584,847.76556,537.50916,788.93774
1758146973.3,1758146973300,12.602999925613403,12603,792.1612,815.12823,768.7912,783.69965
1758146973.3,1758146973300,12.602999925613403,12603,943.2601,920.293,1164.4689,793.36993
1758146973.301,1758146973301,12.604000091552734,12604,994.0293,971.06226,1006.1172,799.81683
1758146973.301,1758146973301,12.604000091552734,12604,852.6007,875.56775,535.09155,794.57874
1758146973.301,1758146973301,12.604000091552734,12604,776.4469,803.8461,502.85715,784.10254
1758146973.301,1758146973301,12.604000091552734,12604,909.41394,895.31134,968.6447,787.72894
1758146973.302,1758146973302,12.605000019073486,12605,1021.02563,994.0293,969.45056,800.2198
1758146973.302,1758146973302,12.605000019073486,12605,905.38464,919.89014,599.5604,800.6227
1758146973.302,1758146973302,12.605000019073486,12605,788.1319,818.3516,502.85715,792.96704
1758146973.361,1758146973361,12.664000034332275,12664,880.80585,870.32965,856.63007,793.7729
1758146973.361,1758146973361,12.664000034332275,12664,1014.57874,977.1062,1016.99634,800.2198
1758146973.362,1758146973362,12.664999961853027,12665,946.4835,942.8571,733.73627,798.60803
1758146973.362,1758146973362,12.664999961853027,12665,801.8315,830.4396,543.95605,795.78754
1758146973.362,1758146973362,12.664999961853027,12665,839.304,832.4542,854.61536,796.5934
1758146973.363,1758146973363,12.66599988937378,12666,990.0,946.4835,1136.2638,802.6374
1758146973.365,1758146973365,12.667999982833862,12668,986.77655,965.42126,793.36993,806.26373
1758146973.365,1758146973365,12.667999982833862,12668,833.663,849.7802,545.56775,803.44324
1758146973.365,1758146973365,12.667999982833862,12668,799.81683,804.2491,678.1319,798.20514
1758146973.366,1758146973366,12.668999910354614,12669,939.6337,901.75824,871.53845,799.81683
1758146973.366,1758146973366,12.668999910354614,12669,1007.326,972.674,881.2088,808.2784
1758146973.366,1758146973366,12.668999910354614,12669,870.7326,876.3736,638.6447,807.8755
1758146973.447,1758146973447,12.75,12750,775.2381,784.5055,634.61536,801.4286
1758146973.448,1758146973448,12.750999927520752,12751,891.685,859.45056,886.8498,799.81683
1758146973.448,1758146973448,12.750999927520752,12751,1008.1319,962.6007,950.5128,802.6374
1758146973.449,1758146973449,12.751999855041504,12752,902.1612,896.1172,672.49084,798.60803
1758146973.449,1758146973449,12.751999855041504,12752,764.7619,782.0879,628.97437,792.1612
1758146973.449,1758146973449,12.751999855041504,12752,840.5128,820.7692,911.8315,796.1905
1758146973.45,1758146973450,12.753000020980835,12753,979.5238,927.5458,970.65936,799.81683
1758146973.45,1758146973450,12.753000020980835,12753,923.5165,910.6227,690.6227,800.6227
1758146973.45,1758146973450,12.753000020980835,12753,772.8205,796.99634,613.663,796.99634
1758146973.451,1758146973451,12.753999948501587,12754,786.1172,783.2967,726.8865,792.96704
1758146973.451,1758146973451,12.753999948501587,12754,930.7692,893.69965,965.42126,797.3993
1758146973.451,1758146973451,12.753999948501587,12754,951.31866,932.381,889.2674,801.4286
1758146973.481,1758146973481,12.783999919891357,12784,802.6374,824.3956,578.60803,797.8022
1758146973.482,1758146973482,12.785000085830688,12785,749.85345,764.7619,707.5458,791.3553
1758146973.482,1758146973482,12.785000085830688,12785,882.01465,859.0476,907.8022,796.1905
1758146973.483,1758146973483,12.78600001335144,12786,957.3626,937.2161,846.1539,801.02563
1758146973.483,1758146973483,12.78600001335144,12786,823.1868,847.3626,705.9341,796.99634
1758146973.483,1758146973483,12.78600001335144,12786,719.6337,753.0769,736.1539,790.9524
1758146973.483,1758146973483,12.78600001335144,12786,828.4249,819.5604,887.6557,796.1905
1758146973.484,1758146973484,12.786999940872192,12787,951.7216,919.0842,921.9048,802.6374
1758146973.485,1758146973485,12.787999868392944,12788,855.0183,859.0476,668.0586,799.011
1758146973.485,1758146973485,12.787999868392944,12788,719.2308,750.65936,595.5311,796.99634
1758146973.486,1758146973486,12.789000034332275,12789,782.0879,780.87915,845.34796,800.6227
1758146973.486,1758146973486,12.789000034332275,12789,930.3663,894.10254,973.8828,811.0989
1758146973.514,1758146973514,12.816999912261963,12817,900.54944,893.2967,813.91943,815.12823
1758146973.515,1758146973515,12.818000078201294,12818,746.2271,774.43225,629.3773,802.23444
1758146973.515,1758146973515,12.818000078201294,12818,744.61536,751.06226,763.1502,795.78754
1758146973.515,1758146973515,12.818000078201294,12818,888.0586,858.6447,894.10254,798.60803
1758146973.516,1758146973516,12.819000005722046,12819,930.3663,906.1905,883.22345,802.23444
1758146973.516,1758146973516,12.819000005722046,12819,789.7436,796.99634,759.12085,798.20514
1758146973.516,1758146973516,12.819000005722046,12819,723.663,728.0952,694.65204,790.9524
1758146973.516,1758146973516,12.819000005722046,12819,851.79486,819.9634,922.3077,794.9817
1758146973.517,1758146973517,12.819999933242798,12820,938.4249,902.96704,941.6484,809.0842
1758146973.517,1758146973517,12.819999933242798,12820,818.3516,828.022,604.3956,806.26373
1758146973.517,1758146973517,12.819999933242798,12820,708.7546,732.52747,614.4689,795.38464
1758146973.518,1758146973518,12.82099986076355,12821,806.26373,787.326,889.2674,797.8022
1758146973.548,1758146973548,12.8510000705719,12851,939.2308,896.1172,1027.0696,803.0403
1758146973.548,1758146973548,12.8510000705719,12851,862.27106,857.8388,742.1978,800.6227
1758146973.548,1758146973548,12.8510000705719,12851,713.1868,742.6007,614.0659,792.5641
1758146973.549,1758146973549,12.851999998092651,12852,759.5238,755.89746,835.2747,794.9817
1758146973.549,1758146973549,12.851999998092651,12852,896.9231,866.30035,992.01465,804.65204
1758146973.549,1758146973549,12.851999998092651,12852,875.9707,882.01465,867.1062,806.26373
1758146973.55,1758146973550,12.852999925613403,12853,738.97437,774.83514,655.56775,799.41394
1758146973.55,1758146973550,12.852999925613403,12853,721.2454,737.76556,637.8388,798.20514
1758146973.55,1758146973550,12.852999925613403,12853,854.61536,832.0513,801.02563,801.02563
1758146973.55,1758146973550,12.852999925613403,12853,913.8461,896.52014,937.2161,806.6667
1758146973.552,1758146973552,12.855000019073486,12855,782.49084,807.47253,724.87177,803.0403
1758146973.552,1758146973552,12.855000019073486,12855,699.0842,724.4689,641.8681,796.5934
1758146973.601,1758146973601,12.904000043869019,12904,815.5311,803.44324,907.3993,799.011
1758146973.601,1758146973601,12.904000043869019,12904,922.71063,898.1319,956.9597,804.2491
1758146973.602,1758146973602,12.90499997138977,12905,813.1135,821.978,689.011,800.6227
1758146973.602,1758146973602,12.90499997138977,12905,689.41394,718.4249,648.315,791.3553
1758146973.602,1758146973602,12.90499997138977,12905,773.22345,770.40295,902.1612,794.9817
1758146973.602,1758146973602,12.90499997138977,12905,915.05493,889.67035,1031.5018,805.8608
1758146973.603,1758146973603,12.905999898910522,12906,853.8095,863.47986,778.46155,808.2784
1758146973.603,1758146973603,12.905999898910522,12906,701.50183,739.7802,580.2198,802.6374
1758146973.603,1758146973603,12.905999898910522,12906,738.1685,748.6447,830.4396,801.02563
1758146973.604,1758146973604,12.907000064849854,12907,890.87915,863.47986,950.9158,806.6667
1758146973.604,1758146973604,12.907000064849854,12907,888.86444,883.22345,765.9707,811.9048
1758146973.605,1758146973605,12.907999992370605,12908,738.1685,772.4176,622.52747,806.26373
1758146973.63,1758146973630,12.933000087738037,12933,707.9487,724.4689,737.76556,799.41394
1758146973.631,1758146973631,12.934000015258789,12934,846.9597,823.1868,935.2015,803.44324
1758146973.631,1758146973631,12.934000015258789,12934,918.68134,898.1319,893.2967,809.0842
1758146973.632,1758146973632,12.934999942779541,12935,791.3553,805.4579,708.7546,804.65204
1758146973.632,1758146973632,12.934999942779541,12935,695.8608,713.5897,693.0403,797.8022
1758146973.632,1758146973632,12.934999942779541,12935,807.0696,791.3553,948.9011,801.8315
1758146973.632,1758146973632,12.934999942779541,12935,929.15753,898.1319,963.4066,812.71063
1758146973.633,1758146973633,12.935999870300293,12936,824.3956,833.663,603.5897,811.9048
1758146973.633,1758146973633,12.935999870300293,12936,693.8461,721.6484,607.2161,803.0403
1758146973.633,1758146973633,12.935999870300293,12936,772.4176,758.71796,880.40295,802.23444
1758146973.634,1758146973634,12.937000036239624,12937,912.6374,873.5531,986.77655,807.47253
1758146973.634,1758146973634,12.937000036239624,12937,865.09155,861.4652,795.78754,809.0842
1758146973.699,1758146973699,13.001999855041504,13002,720.0366,739.7802,674.5055,805.05493
1758146973.7,1758146973700,13.003000020980835,13003,729.304,724.87177,801.02563,805.05493
1758146973.7,1758146973700,13.003000020980835,13003,866.7033,837.6923,909.011,812.3077
1758146973.7,1758146973700,13.003000020980835,13003,887.25275,878.7912,820.3663,814.3223
1758146973.701,1758146973701,13.003999948501587,13004,744.21246,773.22345,671.28204,807.0696
1758146973.701,1758146973701,13.003999948501587,13004,695.05493,721.2454,796.1905,808.68134
1758146973.701,1758146973701,13.003999948501587,13004,824.3956,813.91943,946.08057,810.696
1758146973.702,1758146973702,13.004999876022339,13005,909.011,887.6557,890.07324,805.05493
1758146973.702,1758146973702,13.004999876022339,13005,786.1172,806.26373,739.7802,803.0403
1758146973.702,1758146973702,13.004999876022339,13005,676.9231,710.7692,657.1795,803.8461
1758146973.703,1758146973703,13.00600004196167,13006,780.07324,772.01465,864.68866,802.23444
1758146973.703,1758146973703,13.00600004196167,13006,913.44324,881.2088,966.2271,806.6667
1758146973.752,1758146973752,13.055000066757202,13055,834.87177,832.4542,697.47253,806.6667
1758146973.752,1758146973752,13.055000066757202,13055,697.47253,721.6484,609.6337,795.78754
1758146973.753,1758146973753,13.055999994277954,13056,755.89746,748.24176,861.06226,798.60803
1758146973.753,1758146973753,13.055999994277954,13056,896.1172,857.4359,958.5714,806.26373
1758146973.753,1758146973753,13.055999994277954,13056,870.32965,865.4945,923.1135,809.89014
1758146973.754,1758146973754,13.056999921798706,13057,725.2747,756.30035,757.9121,803.44324
1758146973.754,1758146973754,13.056999921798706,13057,715.2015,718.4249,711.1722,793.7729
1758146973.754,1758146973754,13.056999921798706,13057,855.82416,820.3663,846.1539,796.5934
1758146973.755,1758146973755,13.058000087738037,13058,901.3553,880.0,871.13556,807.0696
1758146973.755,1758146973755,13.058000087738037,13058,761.9414,781.685,716.8132,801.02563
1758146973.755,1758146973755,13.058000087738037,13058,693.0403,709.15753,667.6557,790.14655
1758146973.756,1758146973756,13.059000015258789,13059,815.12823,798.60803,879.59705,791.75824
1758146973.792,1758146973792,13.09500002861023,13095,916.26373,894.90845,991.2088,803.0403
1758146973.793,1758146973793,13.095999956130981,13096,805.8608,823.1868,686.1905,801.8315
1758146973.795,1758146973795,13.098000049591064,13098,689.011,719.6337,610.0366,796.5934
1758146973.795,1758146973795,13.098000049591064,13098,780.4762,772.4176,856.2271,804.65204
1758146973.796,1758146973796,13.098999977111816,13099,914.65204,886.04395,1038.7546,811.0989
1758146973.796,1758146973796,13.098999977111816,13099,847.3626,852.6007,833.2601,812.3077
1758146973.796,1758146973796,13.098999977111816,13099,709.9634,741.39197,565.7143,806.6667
1758146973.796,1758146973796,13.098999977111816,13099,747.4359,747.4359,807.0696,800.2198
1758146973.797,1758146973797,13.099999904632568,13100,886.04395,854.21246,1022.6374,803.8461
1758146973.797,1758146973797,13.099999904632568,13100,878.3883,874.35895,755.09155,809.0842
1758146973.798,1758146973798,13.1010000705719,13101,727.6923,760.32965,509.70697,800.2198
1758146973.798,1758146973798,13.1010000705719,13101,699.4872,714.3956,692.23444,796.1905
1758146973.834,1758146973834,13.13700008392334,13137,845.7509,825.6044,1033.9194,805.4579
1758146973.834,1758146973834,13.13700008392334,13137,911.8315,895.7143,941.2454,809.89014
1758146973.835,1758146973835,13.138000011444092,13138,773.22345,790.54944,629.3773,808.68134
1758146973.835,1758146973835,13.138000011444092,13138,689.011,707.9487,635.82416,804.65204
1758146973.835,1758146973835,13.138000011444092,13138,814.7253,791.3553,956.55676,804.2491
1758146973.836,1758146973836,13.138999938964844,13139,927.5458,894.10254,1064.9451,811.0989
1758146973.836,1758146973836,13.138999938964844,13139,815.9341,824.7985,718.8278,811.50183
1758146973.836,1758146973836,13.138999938964844,13139,686.5934,717.2161,566.52014,805.8608
1758146973.837,1758146973837,13.139999866485596,13140,766.3736,761.9414,826.0073,801.02563
1758146973.837,1758146973837,13.139999866485596,13140,903.36993,872.74725,986.3736,801.8315
1758146973.837,1758146973837,13.139999866485596,13140,848.1685,854.61536,821.978,805.8608
1758146973.837,1758146973837,13.139999866485596,13140,707.5458,743.00366,629.7802,801.02563
1758146973.874,1758146973874,13.177000045776367,13177,732.52747,736.55676,749.45056,794.57874
1758146973.874,1758146973874,13.177000045776367,13177,875.56775,844.5421,971.8681,799.011
1758146973.875,1758146973875,13.17799997329712,13178,886.8498,879.19415,871.53845,801.8315
1758146973.875,1758146973875,13.17799997329712,13178,740.58606,768.3883,649.92676,795.78754
1758146973.876,1758146973876,13.178999900817871,13179,699.89014,710.3663,733.3333,795.38464
1758146973.877,1758146973877,13.180000066757202,13180,838.0952,812.3077,986.77655,803.8461
1758146973.877,1758146973877,13.180000066757202,13180,911.4286,894.5055,890.07324,811.0989
1758146973.877,1758146973877,13.180000066757202,13180,777.6557,801.8315,631.39197,804.2491
1758146973.878,1758146973878,13.180999994277954,13181,681.3553,706.337,710.3663,793.36993
1758146973.878,1758146973878,13.180999994277954,13181,789.7436,773.6264,868.71796,792.5641
1758146973.878,1758146973878,13.180999994277954,13181,910.2198,876.3736,926.7399,801.02563
1758146973.878,1758146973878,13.180999994277954,13181,818.7546,821.5751,718.4249,803.44324
1758146973.941,1758146973941,13.24399995803833,13244,689.41394,708.7546,604.7985,796.99634
1758146973.941,1758146973941,13.24399995803833,13244,755.89746,737.76556,841.7216,796.99634
1758146973.942,1758146973942,13.244999885559082,13245,898.5348,855.82416,1043.1868,809.4872
1758146973.942,1758146973942,13.244999885559082,13245,857.03296,855.82416,790.14655,813.91943
1758146973.943,1758146973943,13.246000051498413,13246,704.7253,740.58606,624.94507,803.8461
1758146973.943,1758146973943,13.246000051498413,13246,713.5897,725.6777,857.03296,801.02563
1758146973.943,1758146973943,13.246000051498413,13246,862.674,837.6923,968.24176,806.6667
1758146973.944,1758146973944,13.246999979019165,13247,896.1172,879.59705,792.1612,809.4872
1758146973.944,1758146973944,13.246999979019165,13247,754.2857,779.67035,654.7619,802.6374
1758146973.944,1758146973944,13.246999979019165,13247,699.0842,716.4103,734.5421,796.1905
1758146973.945,1758146973945,13.247999906539917,13248,830.4396,807.0696,910.6227,803.0403
1758146973.945,1758146973945,13.247999906539917,13248,922.3077,892.8938,887.25275,810.696
1758146973.97,1758146973970,13.273000001907349,13273,801.02563,810.293,682.96704,813.1135
1758146973.971,1758146973971,13.2739999294281,13274,690.6227,715.2015,648.315,805.4579
1758146973.971,1758146973971,13.2739999294281,13274,789.7436,772.4176,901.3553,798.20514
1758146973.971,1758146973971,13.2739999294281,13274,920.696,883.6264,987.98535,808.68134
1758146973.972,1758146973972,13.274999856948853,13275,836.8865,839.707,771.2088,810.696
1758146973.972,1758146973972,13.274999856948853,13275,697.8755,725.2747,725.6777,797.8022
1758146973.973,1758146973973,13.276000022888184,13276,754.2857,749.85345,833.663,797.3993
1758146973.974,1758146973974,13.276999950408936,13277,896.1172,864.2857,956.55676,808.68134
1758146973.974,1758146973974,13.276999950408936,13277,871.53845,871.53845,762.74725,809.89014
1758146973.974,1758146973974,13.276999950408936,13277,719.2308,753.8828,535.09155,805.4579
1758146973.975,1758146973975,13.277999877929688,13278,710.3663,721.2454,713.5897,806.6667
1758146973.975,1758146973975,13.277999877929688,13278,855.82416,830.4396,968.6447,809.0842
1758146974.007,1758146974007,13.309999942779541,13310,899.7436,889.2674,913.44324,811.9048
1758146974.008,1758146974008,13.310999870300293,13311,758.315,788.1319,673.2967,811.50183
1758146974.008,1758146974008,13.310999870300293,13311,693.0403,715.6044,687.8022,807.47253
1758146974.008,1758146974008,13.310999870300293,13311,817.1429,798.20514,850.989,804.65204
1758146974.009,1758146974009,13.312000036239624,13312,917.0696,887.6557,961.39197,812.3077
1758146974.009,1758146974009,13.312000036239624,13312,808.68134,817.1429,823.9927,814.3223
1758146974.009,1758146974009,13.312000036239624,13312,688.60803,714.7985,613.663,801.8315
1758146974.009,1758146974009,13.312000036239624,13312,776.4469,766.3736,730.10986,799.011
1758146974.01,1758146974010,13.312999963760376,13313,921.0989,880.80585,993.22345,805.8608
1758146974.01,1758146974010,13.312999963760376,13313,855.42126,846.1539,828.4249,805.4579
1758146974.011,1758146974011,13.313999891281128,13314,707.1429,730.9158,583.44324,799.011
1758146974.011,1758146974011,13.313999891281128,13314,739.3773,737.3626,781.28204,796.5934
1758146974.072,1758146974072,13.375,13375,881.6117,850.989,988.3883,802.23444
1758146974.072,1758146974072,13.375,13375,881.2088,873.1502,816.7399,804.65204
1758146974.073,1758146974073,13.375999927520752,13376,735.7509,759.5238,629.3773,801.02563
1758146974.073,1758146974073,13.375999927520752,13376,706.7399,714.7985,717.619,800.2198
1758146974.073,1758146974073,13.375999927520752,13376,842.9304,813.1135,974.68866,805.05493
1758146974.074,1758146974074,13.376999855041504,13377,914.2491,880.80585,1039.5604,813.1135
1758146974.074,1758146974074,13.376999855041504,13377,782.8938,790.54944,674.90845,807.8755
1758146974.074,1758146974074,13.376999855041504,13377,692.23444,703.5165,523.00366,799.41394
1758146974.076,1758146974076,13.378999948501587,13379,810.293,786.1172,952.1245,803.0403
1758146974.076,1758146974076,13.378999948501587,13379,918.2784,898.1319,939.2308,811.50183
1758146974.077,1758146974077,13.379999876022339,13380,803.44324,841.31866,659.59705,814.3223
1758146974.077,1758146974077,13.379999876022339,13380,670.07324,733.73627,634.61536,808.68134
1758146974.107,1758146974107,13.410000085830688,13410,749.45056,774.0293,916.26373,811.50183
1758146974.107,1758146974107,13.410000085830688,13410,889.67035,882.8205,1033.1135,812.3077
1758146974.108,1758146974108,13.41100001335144,13411,831.6484,855.82416,737.3626,801.02563
1758146974.108,1758146974108,13.41100001335144,13411,691.4286,743.00366,605.2015,800.6227
1758146974.108,1758146974108,13.41100001335144,13411,724.0659,734.94507,815.5311,800.2198
1758146974.109,1758146974109,13.411999940872192,13412,876.77655,846.9597,1052.4542,799.81683
1758146974.109,1758146974109,13.411999940872192,13412,891.685,882.4176,876.77655,805.05493
1758146974.109,1758146974109,13.411999940872192,13412,743.00366,768.3883,572.1612,804.2491
1758146974.109,1758146974109,13.411999940872192,13412,697.8755,705.9341,669.2674,797.3993
1758146974.11,1758146974110,13.412999868392944,13413,832.4542,793.36993,925.12823,796.1905
1758146974.11,1758146974110,13.412999868392944,13413,913.0403,871.9414,915.8608,801.4286
1758146974.11,1758146974110,13.412999868392944,13413,786.52014,782.49084,673.69965,797.8022
1758146974.175,1758146974175,13.477999925613403,13478,687.8022,694.65204,660.0,789.7436
1758146974.176,1758146974176,13.479000091552734,13479,792.96704,767.1795,911.02563,794.57874
1758146974.176,1758146974176,13.479000091552734,13479,917.8755,869.92676,994.43225,805.05493
1758146974.176,1758146974176,13.479000091552734,13479,832.4542,822.381,709.15753,806.6667
1758146974.177,1758146974177,13.480000019073486,13480,695.8608,712.381,713.9927,797.8022
1758146974.177,1758146974177,13.480000019073486,13480,754.2857,744.21246,931.5751,796.99634
1758146974.177,1758146974177,13.480000019073486,13480,896.52014,862.27106,913.8461,802.6374
1758146974.178,1758146974178,13.480999946594238,13481,861.4652,863.8828,741.39197,803.44324
1758146974.178,1758146974178,13.480999946594238,13481,719.6337,754.2857,679.7436,803.0403
1758146974.178,1758146974178,13.480999946594238,13481,714.3956,722.8571,749.45056,798.20514
1758146974.18,1758146974180,13.483000040054321,13483,855.42126,834.0659,892.49084,805.05493
1758146974.181,1758146974181,13.483999967575073,13484,908.20514,896.9231,849.3773,811.0989
1758146974.215,1758146974215,13.51799988746643,13518,768.7912,790.54944,701.9048,801.4286
1758146974.216,1758146974216,13.519000053405762,13519,700.293,719.2308,726.4835,799.81683
1758146974.216,1758146974216,13.519000053405762,13519,828.4249,813.1135,877.5824,805.8608
1758146974.216,1758146974216,13.519000053405762,13519,929.15753,906.1905,906.1905,809.89014
1758146974.217,1758146974217,13.519999980926514,13520,807.0696,819.15753,754.2857,803.8461
1758146974.217,1758146974217,13.519999980926514,13520,689.41394,713.9927,740.58606,799.41394
1758146974.217,1758146974217,13.519999980926514,13520,788.93774,773.6264,898.1319,803.0403
1758146974.218,1758146974218,13.520999908447266,13521,919.4872,877.1795,886.8498,807.8755
1758146974.218,1758146974218,13.520999908447266,13521,840.10986,836.4835,668.0586,807.8755
1758146974.218,1758146974218,13.520999908447266,13521,701.0989,720.84247,619.304,796.5934
1758146974.219,1758146974219,13.522000074386597,13522,745.82416,728.0952,819.15753,787.72894
1758146974.219,1758146974219,13.522000074386597,13522,882.8205,838.0952,942.4542,793.36993
1758146974.258,1758146974258,13.560999870300293,13561,869.5238,857.03296,854.21246,803.0403
1758146974.259,1758146974259,13.562000036239624,13562,722.4542,740.58606,681.3553,794.9817
1758146974.259,1758146974259,13.562000036239624,13562,700.696,699.4872,719.6337,790.14655
1758146974.26,1758146974260,13.562999963760376,13563,843.3333,812.71063,922.3077,802.23444
1758146974.26,1758146974260,13.562999963760376,13563,894.90845,876.3736,938.4249,805.4579
1758146974.26,1758146974260,13.562999963760376,13563,754.2857,783.2967,764.35895,798.20514
1758146974.261,1758146974261,13.563999891281128,13564,680.54944,719.6337,684.9817,797.3993
1758146974.261,1758146974261,13.563999891281128,13564,800.2198,799.81683,863.8828,799.41394
1758146974.261,1758146974261,13.563999891281128,13564,908.20514,897.72894,998.86444,806.26373
1758146974.262,1758146974262,13.565000057220459,13565,810.696,835.2747,672.0879,802.6374
1758146974.262,1758146974262,13.565000057220459,13565,686.5934,725.6777,645.4945,795.78754
1758146974.262,1758146974262,13.565000057220459,13565,763.5531,775.64105,887.25275,803.8461
1758146974.285,1758146974285,13.588000059127808,13588,904.57874,888.86444,924.3223,812.3077
1758146974.286,1758146974286,13.58899998664856,13589,848.5714,867.50916,770.80585,811.50183
1758146974.286,1758146974286,13.58899998664856,13589,703.1135,754.2857,646.30035,803.0403
1758146974.287,1758146974287,13.589999914169312,13590,729.707,749.85345,753.0769,796.5934
1758146974.287,1758146974287,13.589999914169312,13590,873.1502,859.85345,990.0,802.6374
1758146974.288,1758146974288,13.591000080108643,13591,882.01465,890.4762,955.7509,809.0842
1758146974.288,1758146974288,13.591000080108643,13591,733.3333,780.07324,664.83514,800.6227
1758146974.288,1758146974288,13.591000080108643,13591,697.8755,728.0952,639.45056,796.99634
1758146974.289,1758146974289,13.592000007629395,13592,842.52747,828.022,897.72894,807.0696
1758146974.289,1758146974289,13.592000007629395,13592,916.26373,906.1905,960.58606,815.5311
1758146974.289,1758146974289,13.592000007629395,13592,780.87915,807.8755,691.4286,808.68134
1758146974.29,1758146974290,13.592999935150146,13593,690.2198,714.7985,674.90845,798.20514
1758146974.356,1758146974356,13.658999919891357,13659,808.68134,786.52014,900.14655,799.011
1758146974.357,1758146974357,13.660000085830688,13660,926.7399,887.25275,948.0952,805.8608
1758146974.357,1758146974357,13.660000085830688,13660,828.8278,834.0659,751.8681,805.4579
1758146974.358,1758146974358,13.66100001335144,13661,699.89014,719.6337,579.81683,797.3993
1758146974.358,1758146974358,13.66100001335144,13661,769.19415,755.09155,858.24176,798.60803
1758146974.358,1758146974358,13.66100001335144,13661,907.8022,871.9414,1078.6447,805.05493
1758146974.358,1758146974358,13.66100001335144,13661,866.30035,859.85345,768.3883,803.44324
1758146974.359,1758146974359,13.661999940872192,13662,721.6484,743.00366,582.23444,797.3993
1758146974.359,1758146974359,13.661999940872192,13662,734.94507,730.9158,744.61536,801.02563
1758146974.359,1758146974359,13.661999940872192,13662,876.3736,843.73627,885.64105,806.26373
1758146974.36,1758146974360,13.662999868392944,13663,895.31134,884.43225,892.49084,806.26373
1758146974.36,1758146974360,13.662999868392944,13663,754.2857,771.2088,645.4945,806.6667
1758146974.397,1758146974397,13.700000047683716,13700,705.12823,708.7546,730.5128,802.23444
1758146974.397,1758146974397,13.700000047683716,13700,833.663,809.89014,995.2381,802.6374
1758146974.398,1758146974398,13.700999975204468,13701,921.50183,894.5055,952.9304,810.293
1758146974.399,1758146974399,13.70199990272522,13702,800.6227,805.05493,668.86444,810.293
1758146974.399,1758146974399,13.70199990272522,13702,689.011,703.5165,639.85345,797.8022
1758146974.399,1758146974399,13.70199990272522,13702,793.36993,766.77655,971.4652,796.99634
1758146974.4,1758146974400,13.70300006866455,13703,920.696,874.35895,1029.0842,807.47253
1758146974.4,1758146974400,13.70300006866455,13703,832.4542,834.0659,683.36993,809.4872
1758146974.4,1758146974400,13.70300006866455,13703,698.2784,725.6777,538.315,800.2198
1758146974.401,1758146974401,13.703999996185303,13704,759.5238,749.45056,826.0073,798.20514
1758146974.401,1758146974401,13.703999996185303,13704,905.78754,862.27106,1010.9524,807.47253
1758146974.401,1758146974401,13.703999996185303,13704,876.3736,863.47986,769.19415,806.26373
1758146974.439,1758146974439,13.741999864578247,13742,725.6777,751.4652,626.9597,796.1905
1758146974.439,1758146974439,13.741999864578247,13742,725.2747,726.08057,791.75824,799.011
1758146974.44,1758146974440,13.743000030517578,13743,865.4945,830.84247,963.8095,807.8755
1758146974.44,1758146974440,13.743000030517578,13743,902.96704,887.25275,857.4359,807.47253
1758146974.44,1758146974440,13.743000030517578,13743,763.1502,788.1319,675.7143,800.2198
1758146974.441,1758146974441,13.74399995803833,13744,694.2491,717.2161,817.1429,804.2491
1758146974.441,1758146974441,13.74399995803833,13744,813.5165,803.0403,919.4872,808.2784
1758146974.441,1758146974441,13.74399995803833,13744,908.20514,891.685,856.63007,807.0696
1758146974.441,1758146974441,13.74399995803833,13744,789.7436,815.5311,733.73627,805.05493
1758146974.442,1758146974442,13.744999885559082,13745,676.1172,714.3956,602.7839,801.4286
1758146974.442,1758146974442,13.744999885559082,13745,775.2381,772.4176,796.99634,801.8315
1758146974.442,1758146974442,13.744999885559082,13745,910.2198,882.8205,955.7509,809.4872
1758146974.514,1758146974514,13.816999912261963,13817,835.2747,847.76556,786.1172,811.50183
1758146974.515,1758146974515,13.818000078201294,13818,692.6374,734.94507,655.9707,805.05493
1758146974.515,1758146974515,13.818000078201294,13818,736.55676,745.0183,808.68134,804.65204
1758146974.515,1758146974515,13.818000078201294,13818,886.4469,861.06226,936.8132,813.91943
1758146974.517,1758146974517,13.819999933242798,13820,879.59705,878.7912,813.5165,814.7253
1758146974.517,1758146974517,13.819999933242798,13820,731.31866,768.3883,734.94507,801.4286
1758146974.517,1758146974517,13.819999933242798,13820,707.5458,724.0659,751.4652,794.57874
1758146974.518,1758146974518,13.82099986076355,13821,847.3626,823.1868,798.20514,803.8461
1758146974.518,1758146974518,13.82099986076355,13821,911.4286,895.7143,893.2967,814.3223
1758146974.518,1758146974518,13.82099986076355,13821,773.6264,801.4286,732.9304,806.6667
1758146974.519,1758146974519,13.82200002670288,13822,681.75824,712.381,659.19415,800.2198
1758146974.519,1758146974519,13.82200002670288,13822,802.23444,788.1319,857.03296,805.8608
1758146974.562,1758146974562,13.865000009536743,13865,924.3223,894.10254,980.32965,811.0989
1758146974.563,1758146974563,13.865999937057495,13866,819.15753,834.0659,753.8828,804.65204
1758146974.563,1758146974563,13.865999937057495,13866,691.02563,724.87177,630.989,801.8315
1758146974.564,1758146974564,13.866999864578247,13867,770.40295,766.3736,862.27106,805.05493
1758146974.564,1758146974564,13.866999864578247,13867,908.20514,873.95605,952.52747,806.6667
1758146974.564,1758146974564,13.866999864578247,13867,858.6447,855.0183,808.68134,810.696
1758146974.565,1758146974565,13.868000030517578,13868,709.9634,738.97437,665.2381,802.23444
1758146974.565,1758146974565,13.868000030517578,13868,730.9158,726.8865,770.80585,797.8022
1758146974.565,1758146974565,13.868000030517578,13868,882.01465,842.9304,942.8571,809.4872
1758146974.566,1758146974566,13.86899995803833,13869,895.7143,883.6264,776.4469,811.9048
1758146974.566,1758146974566,13.86899995803833,13869,746.63007,772.8205,621.7216,803.8461
1758146974.566,1758146974566,13.86899995803833,13869,705.12823,713.9927,723.2601,796.5934
1758146974.601,1758146974601,13.904000043869019,13904,841.7216,808.2784,948.9011,795.78754
1758146974.601,1758146974601,13.904000043869019,13904,918.68134,887.6557,956.9597,807.0696
1758146974.602,1758146974602,13.90499997138977,13905,788.1319,805.4579,707.5458,807.8755
1758146974.602,1758146974602,13.90499997138977,13905,688.20514,708.3516,656.77655,797.8022
1758146974.602,1758146974602,13.90499997138977,13905,801.4286,776.04395,935.2015,800.6227
1758146974.603,1758146974603,13.905999898910522,13906,921.0989,875.9707,957.3626,801.8315
1758146974.604,1758146974604,13.907000064849854,13907,822.7839,818.3516,699.0842,798.20514
1758146974.604,1758146974604,13.907000064849854,13907,683.7729,710.3663,606.4103,793.7729
1758146974.605,1758146974605,13.907999992370605,13908,752.27106,736.55676,814.3223,792.1612
1758146974.605,1758146974605,13.907999992370605,13908,900.9524,851.79486,977.9121,798.20514
1758146974.605,1758146974605,13.907999992370605,13908,858.24176,850.989,796.5934,802.23444
1758146974.605,1758146974605,13.907999992370605,13908,705.5311,736.9597,644.68866,796.1905
1758146974.639,1758146974639,13.941999912261963,13942,712.7839,717.619,796.5934,789.7436
1758146974.64,1758146974640,13.943000078201294,13943,859.45056,827.2161,931.978,791.75824
1758146974.641,1758146974641,13.944000005722046,13944,890.4762,876.3736,844.1392,799.41394
1758146974.641,1758146974641,13.944000005722046,13944,744.61536,770.80585,657.98535,801.02563
1758146974.641,1758146974641,13.944000005722046,13944,689.81683,705.12823,756.7033,796.99634
1758146974.642,1758146974642,13.944999933242798,13945,823.9927,803.44324,1019.81683,796.99634
1758146974.642,1758146974642,13.944999933242798,13945,912.6374,892.49084,932.7839,803.8461
1758146974.642,1758146974642,13.944999933242798,13945,800.6227,810.293,663.22345,805.8608
1758146974.643,1758146974643,13.94599986076355,13946,689.41394,714.3956,651.53845,799.41394
1758146974.643,1758146974643,13.94599986076355,13946,780.4762,771.2088,781.685,796.5934
1758146974.643,1758146974643,13.94599986076355,13946,917.0696,882.4176,906.99634,802.6374
1758146974.643,1758146974643,13.94599986076355,13946,840.9158,848.97437,796.1905,807.0696
1758146974.671,1758146974671,13.973999977111816,13974,698.2784,732.52747,656.77655,805.05493
1758146974.671,1758146974671,13.973999977111816,13974,745.0183,738.97437,839.707,801.02563
1758146974.672,1758146974672,13.974999904632568,13975,891.685,857.03296,1001.28204,806.6667
1758146974.672,1758146974672,13.974999904632568,13975,874.35895,875.9707,790.14655,806.6667
1758146974.672,1758146974672,13.974999904632568,13975,727.6923,760.32965,662.8205,797.3993
1758146974.673,1758146974673,13.9760000705719,13976,717.619,727.28937,805.05493,799.011
1758146974.673,1758146974673,13.9760000705719,13976,860.2564,833.2601,962.1978,807.0696
1758146974.673,1758146974673,13.9760000705719,13976,907.8022,889.67035,805.8608,808.68134
1758146974.675,1758146974675,13.977999925613403,13978,759.12085,786.52014,569.7436,800.2198
1758146974.675,1758146974675,13.977999925613403,13978,677.326,705.5311,687.3993,792.5641
1758146974.675,1758146974675,13.977999925613403,13978,812.3077,796.99634,998.86444,800.6227
1758146974.675,1758146974675,13.977999925613403,13978,924.7253,895.7143,974.2857,809.0842
1758146974.704,1758146974704,14.006999969482422,14007,804.65204,812.71063,660.0,804.65204
1758146974.705,1758146974705,14.007999897003174,14008,682.5641,708.7546,672.49084,794.9817
1758146974.705,1758146974705,14.007999897003174,14008,769.19415,757.1062,882.01465,796.5934
1758146974.705,1758146974705,14.007999897003174,14008,903.7729,865.4945,908.60803,800.6227
1758146974.705,1758146974705,14.007999897003174,14008,834.0659,838.0952,753.0769,796.99634
1758146974.706,1758146974706,14.009000062942505,14009,690.6227,724.87177,707.5458,796.1905
1758146974.706,1758146974706,14.009000062942505,14009,725.2747,732.52747,807.47253,795.38464
1758146974.706,1758146974706,14.009000062942505,14009,875.9707,856.2271,962.1978,799.81683
1758146974.707,1758146974707,14.009999990463257,14010,882.01465,882.01465,845.7509,803.44324
1758146974.707,1758146974707,14.009999990463257,14010,726.8865,764.7619,597.5458,802.23444
1758146974.707,1758146974707,14.009999990463257,14010,695.4579,719.6337,681.3553,805.05493
1758146974.708,1758146974708,14.010999917984009,14011,843.3333,825.2015,896.1172,813.1135
1758146974.774,1758146974774,14.07699990272522,14077,914.65204,896.9231,929.5604,812.3077
1758146974.774,1758146974774,14.07699990272522,14077,779.67035,798.60803,720.0366,803.8461
1758146974.775,1758146974775,14.07800006866455,14078,691.8315,716.4103,733.73627,800.6227
1758146974.775,1758146974775,14.07800006866455,14078,801.4286,794.9817,847.76556,802.23444
1758146974.776,1758146974776,14.078999996185303,14079,910.6227,885.2381,905.78754,809.0842
1758146974.776,1758146974776,14.078999996185303,14079,812.71063,822.381,838.9011,811.9048
1758146974.776,1758146974776,14.078999996185303,14079,689.011,718.022,673.69965,794.57874
1758146974.777,1758146974777,14.079999923706055,14080,764.7619,748.6447,764.35895,790.54944
1758146974.777,1758146974777,14.079999923706055,14080,906.5934,858.24176,949.707,805.4579
1758146974.777,1758146974777,14.079999923706055,14080,861.4652,854.21246,769.59705,805.05493
1758146974.779,1758146974779,14.082000017166138,14082,713.9927,738.1685,639.0476,791.3553
1758146974.779,1758146974779,14.082000017166138,14082,730.10986,724.4689,761.9414,788.93774
1758146974.817,1758146974817,14.119999885559082,14120,880.80585,840.10986,946.8865,803.0403
1758146974.818,1758146974818,14.121000051498413,14121,907.8022,882.8205,894.10254,805.4579
1758146974.818,1758146974818,14.121000051498413,14121,761.53845,775.2381,664.83514,795.38464
1758146974.819,1758146974819,14.121999979019165,14122,705.5311,715.2015,693.0403,799.011
1758146974.819,1758146974819,14.121999979019165,14122,835.2747,811.9048,885.64105,805.8608
1758146974.82,1758146974820,14.122999906539917,14123,922.71063,898.93774,985.16486,815.12823
1758146974.82,1758146974820,14.122999906539917,14123,799.41394,812.3077,748.24176,813.5165
1758146974.82,1758146974820,14.122999906539917,14123,688.20514,711.978,606.8132,795.38464
1758146974.821,1758146974821,14.124000072479248,14124,793.36993,781.685,901.3553,791.75824
1758146974.821,1758146974821,14.124000072479248,14124,916.6667,888.46155,909.81683,809.0842
1758146974.821,1758146974821,14.124000072479248,14124,825.2015,838.49817,668.86444,819.15753
1758146974.822,1758146974822,14.125,14125,689.41394,726.4835,648.71796,809.89014
1758146974.889,1758146974889,14.191999912261963,14192,747.4359,749.45056,882.4176,800.6227
1758146974.89,1758146974890,14.193000078201294,14193,889.67035,866.30035,993.22345,804.65204
1758146974.89,1758146974890,14.193000078201294,14193,855.0183,865.89746,779.2674,814.3223
1758146974.891,1758146974891,14.194000005722046,14194,707.5458,748.6447,607.619,815.5311
1758146974.891,1758146974891,14.194000005722046,14194,710.3663,723.663,749.45056,808.2784
1758146974.891,1758146974891,14.194000005722046,14194,853.4066,830.4396,1035.1282,806.6667
1758146974.892,1758146974892,14.194999933242798,14195,893.2967,881.2088,892.8938,807.0696
1758146974.892,1758146974892,14.194999933242798,14195,746.63007,773.6264,528.24176,800.2198
1758146974.892,1758146974892,14.194999933242798,14195,679.34064,705.5311,684.9817,798.20514
1758146974.893,1758146974893,14.19599986076355,14196,812.71063,799.81683,972.27106,799.41394
1758146974.893,1758146974893,14.19599986076355,14196,911.8315,892.8938,903.36993,804.65204
1758146974.893,1758146974893,14.19599986076355,14196,798.60803,821.5751,649.92676,807.47253
1758146974.931,1758146974931,14.233999967575073,14234,688.20514,718.4249,628.1685,802.23444
1758146974.931,1758146974931,14.233999967575073,14234,786.52014,774.83514,893.2967,799.81683
1758146974.932,1758146974932,14.234999895095825,14235,921.9048,894.5055,980.7326,807.8755
1758146974.932,1758146974932,14.234999895095825,14235,845.34796,863.0769,725.2747,807.47253
1758146974.932,1758146974932,14.234999895095825,14235,704.7253,748.6447,667.6557,797.8022
1758146974.933,1758146974933,14.236000061035156,14236,753.8828,757.1062,917.0696,801.8315
1758146974.933,1758146974933,14.236000061035156,14236,899.7436,869.92676,950.10986,815.9341
1758146974.933,1758146974933,14.236000061035156,14236,888.46155,885.64105,760.32965,819.5604
1758146974.934,1758146974934,14.236999988555908,14237,741.39197,767.5824,684.17584,811.9048
1758146974.934,1758146974934,14.236999988555908,14237,717.619,725.2747,696.6667,807.0696
1758146974.934,1758146974934,14.236999988555908,14237,863.8828,834.87177,912.23444,811.9048
1758146974.934,1758146974934,14.236999988555908,14237,922.3077,900.14655,909.41394,814.3223
1758146974.962,1758146974962,14.264999866485596,14265,784.10254,797.3993,718.022,807.47253
1758146974.963,1758146974963,14.266000032424927,14266,702.3077,714.3956,700.293,797.8022
1758146974.963,1758146974963,14.266000032424927,14266,823.1868,789.34064,859.0476,792.96704
1758146974.963,1758146974963,14.266000032424927,14266,940.0366,887.25275,912.6374,802.6374
1758146974.964,1758146974964,14.266999959945679,14267,833.663,830.0366,782.8938,807.0696
1758146974.964,1758146974964,14.266999959945679,14267,700.293,733.3333,754.68866,800.2198
1758146974.964,1758146974964,14.266999959945679,14267,773.6264,780.4762,878.7912,801.4286
1758146974.965,1758146974965,14.26799988746643,14268,900.54944,892.49084,873.1502,811.0989
1758146974.965,1758146974965,14.26799988746643,14268,836.4835,870.32965,719.2308,818.7546
1758146974.965,1758146974965,14.26799988746643,14268,697.47253,753.47986,666.04395,814.7253
1758146974.966,1758146974966,14.269000053405762,14269,724.0659,749.0476,788.93774,807.47253
1758146974.966,1758146974966,14.269000053405762,14269,873.1502,855.82416,941.6484,807.47253
1758146974.995,1758146974995,14.297999858856201,14298,883.22345,881.2088,859.85345,807.47253
1758146974.996,1758146974996,14.299000024795532,14299,731.7216,762.74725,689.011,800.2198
1758146974.997,1758146974997,14.299999952316284,14300,693.44324,705.9341,705.12823,803.0403
1758146974.998,1758146974998,14.300999879837036,14301,836.08057,809.0842,875.56775,809.89014
1758146974.998,1758146974998,14.300999879837036,14301,907.3993,883.22345,947.6923,807.0696
1758146974.998,1758146974998,14.300999879837036,14301,776.8498,791.75824,749.85345,802.23444
1758146974.999,1758146974999,14.302000045776367,14302,683.7729,708.7546,665.2381,800.6227
1758146974.999,1758146974999,14.302000045776367,14302,798.20514,782.0879,877.5824,802.23444
1758146974.999,1758146974999,14.302000045776367,14302,917.47253,886.4469,899.7436,806.26373
1758146975.0,1758146975000,14.30299997329712,14303,813.1135,826.8132,638.24176,801.02563
1758146975.0,1758146975000,14.30299997329712,14303,694.65204,713.9927,664.0293,792.5641
1758146975.0,1758146975000,14.30299997329712,14303,762.3443,749.0476,847.3626,797.3993
1758146975.064,1758146975064,14.366999864578247,14367,894.10254,865.4945,978.315,806.26373
1758146975.065,1758146975065,14.368000030517578,14368,857.03296,858.24176,830.4396,811.0989
1758146975.065,1758146975065,14.368000030517578,14368,707.5458,738.1685,644.2857,803.8461
1758146975.065,1758146975065,14.368000030517578,14368,716.4103,722.0513,745.0183,794.17584
1758146975.066,1758146975066,14.36899995803833,14369,865.89746,831.6484,956.9597,800.2198
1758146975.066,1758146975066,14.36899995803833,14369,893.2967,878.3883,953.3333,808.2784
1758146975.066,1758146975066,14.36899995803833,14369,745.0183,776.4469,724.4689,802.6374
1758146975.067,1758146975067,14.369999885559082,14370,688.20514,708.3516,650.7326,792.1612
1758146975.067,1758146975067,14.369999885559082,14370,818.3516,800.2198,845.7509,793.7729
1758146975.067,1758146975067,14.369999885559082,14370,913.8461,890.87915,926.337,807.47253
1758146975.068,1758146975068,14.371000051498413,14371,793.36993,807.8755,709.15753,808.2784
1758146975.068,1758146975068,14.371000051498413,14371,683.7729,710.7692,633.00366,796.99634
1758146975.107,1758146975107,14.410000085830688,14410,788.93774,774.83514,850.18317,799.011
1758146975.108,1758146975108,14.41100001335144,14411,917.47253,885.2381,954.1392,811.50183
1758146975.108,1758146975108,14.41100001335144,14411,840.9158,845.34796,772.4176,815.12823
1758146975.109,1758146975109,14.411999940872192,14412,703.91943,729.707,637.4359,806.26373
1758146975.11,1758146975110,14.412999868392944,14413,758.315,749.85345,834.87177,799.41394
1758146975.111,1758146975111,14.414000034332275,14414,904.9817,863.0769,1050.8425,806.26373
1758146975.111,1758146975111,14.414000034332275,14414,873.5531,860.2564,844.5421,809.4872
1758146975.111,1758146975111,14.414000034332275,14414,716.8132,744.61536,648.71796,799.41394
1758146975.112,1758146975112,14.414999961853027,14415,709.5604,721.2454,779.67035,796.5934
1758146975.112,1758146975112,14.414999961853027,14415,855.82416,832.0513,913.0403,807.0696
1758146975.112,1758146975112,14.414999961853027,14415,903.7729,886.4469,923.1135,812.3077
1758146975.113,1758146975113,14.41599988937378,14416,763.1502,786.9231,695.4579,810.696
1758146975.154,1758146975154,14.457000017166138,14457,688.20514,714.3956,646.30035,807.8755
1758146975.155,1758146975155,14.45799994468689,14458,816.337,804.2491,912.23444,807.47253
1758146975.155,1758146975155,14.45799994468689,14458,915.05493,892.0879,931.5751,810.293
1758146975.156,1758146975156,14.458999872207642,14459,793.36993,814.3223,716.4103,803.0403
1758146975.156,1758146975156,14.458999872207642,14459,680.54944,719.2308,700.293,794.9817
1758146975.156,1758146975156,14.458999872207642,14459,775.2381,773.22345,920.696,799.81683
1758146975.157,1758146975157,14.460000038146973,14460,906.1905,878.3883,994.83514,808.2784
1758146975.157,1758146975157,14.460000038146973,14460,830.0366,840.5128,701.50183,808.2784
1758146975.157,1758146975157,14.460000038146973,14460,689.41394,728.49817,594.3223,803.0403
1758146975.157,1758146975157,14.460000038146973,14460,727.6923,736.1539,822.381,799.011
1758146975.158,1758146975158,14.460999965667725,14461,863.8828,840.5128,946.8865,799.81683
1758146975.158,1758146975158,14.460999965667725,14461,855.0183,858.6447,791.3553,801.8315
1758146975.2,1758146975200,14.503000020980835,14503,707.5458,752.674,645.89746,797.8022
1758146975.201,1758146975201,14.503999948501587,14504,683.36993,707.5458,773.22345,793.36993
1758146975.201,1758146975201,14.503999948501587,14504,827.619,804.2491,936.8132,799.81683
1758146975.201,1758146975201,14.503999948501587,14504,901.3553,882.4176,847.76556,808.2784
1758146975.202,1758146975202,14.504999876022339,14505,758.315,789.34064,700.696,806.6667
1758146975.202,1758146975202,14.504999876022339,14505,670.07324,707.5458,785.31134,807.8755
1758146975.204,1758146975204,14.506999969482422,14507,799.41394,785.7143,866.7033,810.293
1758146975.204,1758146975204,14.506999969482422,14507,910.6227,878.7912,863.0769,810.293
1758146975.204,1758146975204,14.506999969482422,14507,810.696,820.3663,792.1612,805.05493
1758146975.204,1758146975204,14.506999969482422,14507,687.8022,713.1868,628.97437,796.5934
1758146975.205,1758146975205,14.507999897003174,14508,758.315,752.27106,762.74725,796.99634
1758146975.205,1758146975205,14.507999897003174,14508,899.7436,865.89746,924.3223,805.8608
1758146975.24,1758146975240,14.542999982833862,14543,851.79486,846.55676,760.32965,809.0842
1758146975.24,1758146975240,14.542999982833862,14543,699.0842,726.4835,643.47986,798.60803
1758146975.241,1758146975241,14.543999910354614,14544,724.0659,722.8571,814.3223,796.1905
1758146975.241,1758146975241,14.543999910354614,14544,874.35895,839.304,939.6337,802.23444
1758146975.241,1758146975241,14.543999910354614,14544,887.25275,878.3883,882.8205,807.0696
1758146975.242,1758146975242,14.545000076293945,14545,749.0476,775.2381,754.2857,804.2491
1758146975.242,1758146975242,14.545000076293945,14545,706.7399,718.022,743.4066,799.41394
1758146975.242,1758146975242,14.545000076293945,14545,837.6923,814.3223,869.92676,803.0403
1758146975.243,1758146975243,14.546000003814697,14546,915.8608,897.326,854.61536,809.89014
1758146975.243,1758146975243,14.546000003814697,14546,789.7436,805.05493,686.5934,807.47253
1758146975.243,1758146975243,14.546000003814697,14546,689.41394,709.15753,661.6117,798.60803
1758146975.244,1758146975244,14.54699993133545,14547,797.8022,780.07324,871.13556,797.3993
1758146975.314,1758146975314,14.616999864578247,14617,925.12823,887.25275,942.0513,804.2491
1758146975.314,1758146975314,14.616999864578247,14617,833.663,834.87177,723.663,808.68134
1758146975.315,1758146975315,14.618000030517578,14618,702.3077,723.2601,669.67035,803.0403
1758146975.315,1758146975315,14.618000030517578,14618,765.56775,749.85345,839.304,799.41394
1758146975.315,1758146975315,14.618000030517578,14618,907.8022,860.2564,967.4359,804.65204
1758146975.316,1758146975316,14.61899995803833,14619,878.7912,862.27106,849.7802,801.8315
1758146975.316,1758146975316,14.61899995803833,14619,727.28937,749.85345,638.6447,798.20514
1758146975.316,1758146975316,14.61899995803833,14619,724.4689,722.4542,716.0073,800.6227
1758146975.318,1758146975318,14.621000051498413,14621,871.9414,830.0366,978.71796,804.65204
1758146975.318,1758146975318,14.621000051498413,14621,908.20514,884.0293,861.4652,815.9341
1758146975.319,1758146975319,14.621999979019165,14622,766.3736,780.4762,579.011,816.7399
1758146975.319,1758146975319,14.621999979019165,14622,697.8755,706.7399,673.69965,806.26373
1758146975.356,1758146975356,14.658999919891357,14659,811.9048,784.5055,958.1685,807.47253
1758146975.357,1758146975357,14.660000085830688,14660,896.52014,862.674,981.9414,813.1135
1758146975.357,1758146975357,14.660000085830688,14660,770.0,780.87915,724.0659,813.5165
1758146975.357,1758146975357,14.660000085830688,14660,640.65936,664.83514,666.4469,800.2198
1758146975.357,1758146975357,14.660000085830688,14660,717.2161,705.12823,953.73627,806.26373
1758146975.358,1758146975358,14.66100001335144,14661,828.4249,801.8315,1048.8279,824.7985
1758146975.358,1758146975358,14.66100001335144,14661,737.3626,736.9597,744.61536,812.71063
1758146975.358,1758146975358,14.66100001335144,14661,568.1319,592.3077,545.56775,803.8461
1758146975.359,1758146975359,14.661999940872192,14662,579.011,583.44324,711.1722,810.293
1758146975.359,1758146975359,14.661999940872192,14662,690.6227,659.19415,955.7509,805.05493
1758146975.359,1758146975359,14.661999940872192,14662,655.16486,645.09155,906.1905,796.5934
1758146975.36,1758146975360,14.662999868392944,14663,505.27472,533.8828,692.23444,807.0696
1758146975.401,1758146975401,14.703999996185303,14704,474.24908,491.17215,872.3443,805.8608
1758146975.401,1758146975401,14.703999996185303,14704,604.7985,594.7253,1038.7546,810.696
1758146975.402,1758146975402,14.704999923706055,14705,649.5238,654.35895,873.5531,828.4249
1758146975.402,1758146975402,14.704999923706055,14705,500.8425,552.4176,615.2747,819.9634
1758146975.402,1758146975402,14.704999923706055,14705,423.47986,481.50183,650.32965,805.8608
1758146975.402,1758146975402,14.704999923706055,14705,540.7326,566.9231,1079.4506,801.8315
1758146975.403,1758146975403,14.706000089645386,14706,643.47986,661.2088,1054.8718,817.1429
1758146975.403,1758146975403,14.706000089645386,14706,545.16486,608.022,748.24176,836.8865
1758146975.404,1758146975404,14.707000017166138,14707,440.0,524.21246,681.3553,828.8278
1758146975.404,1758146975404,14.707000017166138,14707,537.50916,587.8755,826.4103,820.7692
1758146975.406,1758146975406,14.708999872207642,14709,682.1612,720.84247,1019.81683,823.9927
1758146975.406,1758146975406,14.708999872207642,14709,636.63007,701.9048,763.1502,823.1868
1758146975.44,1758146975440,14.743000030517578,14743,500.8425,601.1722,673.2967,814.7253
1758146975.441,1758146975441,14.74399995803833,14744,539.92676,625.34796,892.8938,813.91943
1758146975.441,1758146975441,14.74399995803833,14744,710.3663,756.30035,990.40295,819.5604
1758146975.442,1758146975442,14.744999885559082,14745,737.3626,800.2198,918.2784,813.1135
1758146975.442,1758146975442,14.744999885559082,14745,605.2015,709.9634,768.7912,810.696
1758146975.442,1758146975442,14.744999885559082,14745,585.05493,683.36993,740.58606,813.1135
1758146975.443,1758146975443,14.746000051498413,14746,747.4359,807.47253,957.3626,815.12823
1758146975.443,1758146975443,14.746000051498413,14746,836.08057,894.5055,856.63007,813.91943
1758146975.443,1758146975443,14.746000051498413,14746,720.4396,810.293,652.3443,808.2784
1758146975.444,1758146975444,14.746999979019165,14747,647.50916,735.7509,723.663,797.8022
1758146975.444,1758146975444,14.746999979019165,14747,779.67035,823.5897,945.2747,798.20514
1758146975.444,1758146975444,14.746999979019165,14747,916.26373,935.6044,933.5897,807.0696
1758146975.481,1758146975481,14.783999919891357,14784,830.4396,886.8498,711.978,806.26373
1758146975.482,1758146975482,14.785000085830688,14785,712.381,784.90845,699.89014,797.8022
1758146975.482,1758146975482,14.785000085830688,14785,800.2198,830.4396,877.98535,796.5934
1758146975.483,1758146975483,14.78600001335144,14786,954.5421,952.9304,969.85345,800.6227
1758146975.483,1758146975483,14.78600001335144,14786,923.91943,947.6923,813.91943,799.41394
1758146975.483,1758146975483,14.78600001335144,14786,790.14655,839.707,688.20514,795.78754
1758146975.484,1758146975484,14.786999940872192,14787,806.26373,830.0366,763.95605,787.326
1758146975.484,1758146975484,14.786999940872192,14787,956.9597,946.4835,936.4103,790.54944
1758146975.484,1758146975484,14.786999940872192,14787,987.5824,988.3883,851.79486,796.5934
1758146975.485,1758146975485,14.787999868392944,14788,837.6923,876.3736,555.64105,788.1319
1758146975.485,1758146975485,14.787999868392944,14788,794.17584,815.9341,637.4359,786.52014
1758146975.485,1758146975485,14.787999868392944,14788,928.3516,912.6374,885.2381,784.5055
1758146975.522,1758146975522,14.825000047683716,14825,1006.9231,995.64105,925.5311,789.34064
1758146975.523,1758146975523,14.825999975204468,14826,890.07324,911.02563,671.685,798.60803
1758146975.523,1758146975523,14.825999975204468,14826,788.5348,809.4872,615.6777,791.75824
1758146975.524,1758146975524,14.82699990272522,14827,890.07324,865.4945,831.2454,789.7436
1758146975.524,1758146975524,14.82699990272522,14827,1019.81683,973.0769,1005.7143,793.7729
1758146975.524,1758146975524,14.82699990272522,14827,936.0073,933.9927,833.663,796.99634
1758146975.525,1758146975525,14.82800006866455,14828,797.3993,823.5897,622.1245,792.5641
1758146975.525,1758146975525,14.82800006866455,14828,856.63007,842.9304,706.337,782.8938
1758146975.525,1758146975525,14.82800006866455,14828,1002.0879,953.3333,938.8278,786.1172
1758146975.526,1758146975526,14.828999996185303,14829,974.68866,959.3773,828.022,792.5641
1758146975.526,1758146975526,14.828999996185303,14829,819.15753,841.7216,638.24176,786.9231
1758146975.526,1758146975526,14.828999996185303,14829,811.0989,808.2784,755.09155,784.10254
1758146975.563,1758146975563,14.865999937057495,14866,957.3626,916.26373,890.07324,795.38464
1758146975.563,1758146975563,14.865999937057495,14866,1004.90845,973.0769,883.22345,802.6374
1758146975.564,1758146975564,14.866999864578247,14867,865.09155,870.7326,661.6117,796.1905
1758146975.564,1758146975564,14.866999864578247,14867,792.1612,790.14655,604.7985,788.5348
1758146975.564,1758146975564,14.866999864578247,14867,918.2784,876.3736,906.1905,791.75824
1758146975.565,1758146975565,14.868000030517578,14868,1023.44324,971.06226,1039.1575,798.60803
1758146975.565,1758146975565,14.868000030517578,14868,904.9817,890.07324,689.41394,795.38464
1758146975.565,1758146975565,14.868000030517578,14868,776.8498,786.52014,544.7619,790.9524
1758146975.566,1758146975566,14.86899995803833,14869,868.71796,843.73627,882.01465,793.7729
1758146975.566,1758146975566,14.86899995803833,14869,995.64105,947.6923,933.1868,800.2198
1758146975.566,1758146975566,14.86899995803833,14869,915.8608,907.8022,675.31134,796.5934
1758146975.567,1758146975567,14.869999885559082,14870,775.2381,794.57874,620.5128,788.5348
1758146975.616,1758146975616,14.918999910354614,14919,813.5165,800.2198,805.4579,786.1172
1758146975.617,1758146975617,14.920000076293945,14920,958.97437,914.65204,989.19415,795.38464
1758146975.618,1758146975618,14.921000003814697,14921,948.9011,933.1868,852.1978,802.6374
1758146975.619,1758146975619,14.92199993133545,14922,792.1612,809.4872,578.20514,793.36993
1758146975.619,1758146975619,14.92199993133545,14922,774.43225,770.80585,714.3956,792.1612
1758146975.619,1758146975619,14.92199993133545,14922,921.0989,884.83514,1017.3993,801.02563
1758146975.62,1758146975620,14.922999858856201,14923,966.63007,940.84247,857.03296,799.011
1758146975.62,1758146975620,14.922999858856201,14923,822.7839,835.6777,567.72894,792.96704
1758146975.62,1758146975620,14.922999858856201,14923,741.79486,749.0476,658.3883,793.36993
1758146975.621,1758146975621,14.924000024795532,14924,857.8388,823.5897,893.69965,795.38464
1758146975.621,1758146975621,14.924000024795532,14924,964.61536,926.7399,942.8571,798.60803
1758146975.621,1758146975621,14.924000024795532,14924,851.39197,856.63007,661.2088,795.38464
1758146975.657,1758146975657,14.960000038146973,14960,725.6777,749.85345,647.50916,795.78754
1758146975.658,1758146975658,14.960999965667725,14961,806.26373,800.6227,862.27106,803.0403
1758146975.658,1758146975658,14.960999965667725,14961,939.6337,910.6227,940.0366,806.6667
1758146975.658,1758146975658,14.960999965667725,14961,882.01465,883.22345,774.83514,811.50183
1758146975.659,1758146975659,14.961999893188477,14962,739.7802,771.6117,666.4469,808.68134
1758146975.659,1758146975659,14.961999893188477,14962,766.3736,766.3736,842.9304,803.44324
1758146975.659,1758146975659,14.961999893188477,14962,907.3993,873.5531,952.9304,803.8461
1758146975.66,1758146975660,14.963000059127808,14963,915.05493,904.17584,804.65204,805.8608
1758146975.66,1758146975660,14.963000059127808,14963,772.01465,793.7729,614.4689,799.81683
1758146975.66,1758146975660,14.963000059127808,14963,733.3333,745.82416,675.31134,795.78754
1758146975.661,1758146975661,14.96399998664856,14964,868.71796,839.304,864.2857,802.23444
1758146975.661,1758146975661,14.96399998664856,14964,943.663,908.60803,873.5531,808.68134
1758146975.736,1758146975736,15.039000034332275,15039,810.696,821.5751,720.0366,806.26373
1758146975.736,1758146975736,15.039000034332275,15039,715.6044,732.1245,708.3516,805.4579
1758146975.737,1758146975737,15.039999961853027,15040,822.7839,804.65204,899.7436,806.6667
1758146975.737,1758146975737,15.039999961853027,15040,939.2308,911.8315,924.7253,809.4872
1758146975.738,1758146975738,15.04099988937378,15041,837.28937,849.3773,768.3883,809.0842
1758146975.739,1758146975739,15.04200005531311,15042,704.7253,738.5714,730.9158,803.44324
1758146975.739,1758146975739,15.04200005531311,15042,778.86444,778.46155,861.4652,805.05493
1758146975.739,1758146975739,15.04200005531311,15042,921.50183,886.4469,882.8205,809.0842
1758146975.74,1758146975740,15.042999982833862,15043,881.6117,876.3736,757.1062,812.71063
1758146975.74,1758146975740,15.042999982833862,15043,735.7509,762.3443,663.22345,806.26373
1758146975.74,1758146975740,15.042999982833862,15043,743.4066,740.989,736.9597,797.8022
1758146975.741,1758146975741,15.043999910354614,15044,890.87915,854.21246,936.0073,801.4286
1758146975.768,1758146975768,15.07099986076355,15071,920.696,896.9231,890.4762,800.6227
1758146975.769,1758146975769,15.07200002670288,15072,772.8205,789.34064,706.7399,794.17584
1758146975.769,1758146975769,15.07200002670288,15072,713.1868,725.2747,722.4542,791.3553
1758146975.77,1758146975770,15.072999954223633,15073,844.5421,819.15753,937.2161,802.6374
1758146975.77,1758146975770,15.072999954223633,15073,927.1429,904.57874,947.28937,809.89014
1758146975.77,1758146975770,15.072999954223633,15073,801.8315,819.5604,794.9817,807.47253
1758146975.77,1758146975770,15.072999954223633,15073,691.4286,716.4103,637.8388,796.99634
1758146975.771,1758146975771,15.073999881744385,15074,793.36993,779.2674,833.663,800.2198
1758146975.771,1758146975771,15.073999881744385,15074,921.50183,885.64105,1010.14655,801.8315
1758146975.771,1758146975771,15.073999881744385,15074,832.8571,834.0659,663.6264,796.1905
1758146975.772,1758146975772,15.075000047683716,15075,699.0842,730.10986,599.15753,799.41394
1758146975.772,1758146975772,15.075000047683716,15075,749.45056,742.1978,820.3663,794.17584
1758146975.802,1758146975802,15.105000019073486,15105,895.7143,856.2271,1058.9011,799.81683
1758146975.802,1758146975802,15.105000019073486,15105,880.0,877.5824,850.58606,805.4579
1758146975.803,1758146975803,15.105999946594238,15106,726.08057,755.89746,566.1172,799.81683
1758146975.803,1758146975803,15.105999946594238,15106,718.022,722.4542,763.1502,801.02563
1758146975.803,1758146975803,15.105999946594238,15106,860.2564,836.4835,1018.60803,805.8608
1758146975.804,1758146975804,15.10699987411499,15107,913.0403,897.72894,952.9304,812.3077
1758146975.805,1758146975805,15.108000040054321,15108,770.80585,787.72894,688.60803,807.47253
1758146975.805,1758146975805,15.108000040054321,15108,687.8022,703.1135,642.27106,801.02563
1758146975.806,1758146975806,15.108999967575073,15109,814.7253,787.72894,910.2198,803.44324
1758146975.806,1758146975806,15.108999967575073,15109,917.8755,881.2088,995.2381,805.8608
1758146975.806,1758146975806,15.108999967575073,15109,805.8608,806.26373,700.293,803.8461
1758146975.807,1758146975807,15.109999895095825,15110,688.60803,703.1135,630.18317,794.17584
1758146975.835,1758146975835,15.138000011444092,15138,770.80585,749.0476,909.81683,790.9524
1758146975.835,1758146975835,15.138000011444092,15138,917.47253,863.8828,1035.5311,796.99634
1758146975.836,1758146975836,15.138999938964844,15139,863.47986,843.3333,764.7619,803.0403
1758146975.836,1758146975836,15.138999938964844,15139,715.2015,727.6923,598.3516,801.8315
1758146975.836,1758146975836,15.138999938964844,15139,750.65936,746.63007,907.3993,798.20514
1758146975.837,1758146975837,15.139999866485596,15140,880.80585,863.8828,1088.7179,799.81683
1758146975.837,1758146975837,15.139999866485596,15140,863.47986,881.2088,845.34796,804.65204
1758146975.837,1758146975837,15.139999866485596,15140,716.4103,767.98535,609.6337,800.6227
1758146975.838,1758146975838,15.141000032424927,15141,690.2198,721.2454,743.00366,791.3553
1758146975.838,1758146975838,15.141000032424927,15141,836.4835,819.5604,919.4872,790.54944
1758146975.838,1758146975838,15.141000032424927,15141,906.5934,888.0586,942.8571,796.1905
1758146975.839,1758146975839,15.141999959945679,15142,778.46155,801.4286,705.9341,800.6227
1758146975.908,1758146975908,15.210999965667725,15211,685.78754,715.2015,666.04395,796.5934
1758146975.909,1758146975909,15.211999893188477,15212,799.81683,782.0879,933.1868,794.17584
1758146975.909,1758146975909,15.211999893188477,15212,923.1135,882.01465,977.1062,800.6227
1758146975.909,1758146975909,15.211999893188477,15212,828.022,830.0366,688.60803,802.23444
1758146975.91,1758146975910,15.213000059127808,15213,703.5165,727.6923,668.46155,795.38464
1758146975.91,1758146975910,15.213000059127808,15213,772.01465,764.7619,954.1392,795.78754
1758146975.91,1758146975910,15.213000059127808,15213,911.4286,874.7619,992.8205,794.17584
1758146975.911,1758146975911,15.21399998664856,15214,866.30035,855.82416,699.89014,789.34064
1758146975.913,1758146975913,15.216000080108643,15216,718.8278,742.6007,591.50183,787.326
1758146975.913,1758146975913,15.216000080108643,15216,735.7509,739.7802,813.1135,786.9231
1758146975.913,1758146975913,15.216000080108643,15216,890.07324,859.45056,976.7033,792.96704
1758146975.913,1758146975913,15.216000080108643,15216,913.0403,893.69965,827.619,791.3553
1758146975.948,1758146975948,15.250999927520752,15251,769.59705,781.28204,695.8608,787.72894
1758146975.948,1758146975948,15.250999927520752,15251,728.9011,725.6777,794.57874,784.90845
1758146975.949,1758146975949,15.251999855041504,15252,863.0769,822.381,966.2271,790.14655
1758146975.949,1758146975949,15.251999855041504,15252,943.663,905.38464,919.0842,801.02563
1758146975.949,1758146975949,15.251999855041504,15252,814.7253,818.3516,686.1905,795.78754
1758146975.949,1758146975949,15.251999855041504,15252,715.6044,730.10986,742.1978,790.54944
1758146975.95,1758146975950,15.253000020980835,15253,821.5751,800.2198,953.3333,795.38464
1758146975.95,1758146975950,15.253000020980835,15253,944.0659,900.9524,961.79486,800.2198
1758146975.951,1758146975951,15.253999948501587,15254,857.03296,852.6007,725.2747,800.6227
1758146975.951,1758146975951,15.253999948501587,15254,720.84247,736.9597,547.5824,793.7729
1758146975.951,1758146975951,15.253999948501587,15254,780.07324,759.5238,867.1062,790.9524
1758146975.952,1758146975952,15.254999876022339,15255,923.91943,877.1795,1025.0549,795.38464
1758146975.978,1758146975978,15.280999898910522,15281,891.685,872.3443,747.8388,796.1905
1758146975.978,1758146975978,15.280999898910522,15281,740.58606,758.71796,665.64105,796.99634
1758146975.979,1758146975979,15.282000064849854,15282,743.8095,739.3773,801.8315,798.60803
1758146975.98,1758146975980,15.282999992370605,15283,889.67035,850.58606,901.3553,803.0403
1758146975.98,1758146975980,15.282999992370605,15283,925.9341,904.9817,882.01465,810.293
1758146975.981,1758146975981,15.283999919891357,15284,788.93774,806.6667,796.1905,806.6667
1758146975.981,1758146975981,15.283999919891357,15284,725.2747,742.1978,703.91943,797.3993
1758146975.982,1758146975982,15.285000085830688,15285,849.3773,822.7839,821.5751,795.78754
1758146975.982,1758146975982,15.285000085830688,15285,947.28937,905.38464,954.94507,797.3993
1758146975.983,1758146975983,15.28600001335144,15286,820.7692,827.619,724.87177,799.41394
1758146975.985,1758146975985,15.287999868392944,15288,701.0989,730.9158,608.8278,802.6374
1758146975.985,1758146975985,15.287999868392944,15288,793.7729,787.326,866.30035,807.0696
1758146976.049,1758146976049,15.351999998092651,15352,921.50183,890.4762,1016.1905,811.0989
1758146976.05,1758146976050,15.352999925613403,15353,844.1392,848.1685,784.5055,806.26373
1758146976.05,1758146976050,15.352999925613403,15353,707.1429,731.31866,671.685,798.20514
1758146976.051,1758146976051,15.354000091552734,15354,753.47986,745.82416,806.26373,796.99634
1758146976.051,1758146976051,15.354000091552734,15354,903.36993,872.74725,893.69965,811.9048
1758146976.051,1758146976051,15.354000091552734,15354,900.54944,894.5055,864.68866,823.9927
1758146976.052,1758146976052,15.355000019073486,15355,743.4066,772.4176,678.93774,811.50183
1758146976.052,1758146976052,15.355000019073486,15355,711.5751,725.2747,718.022,801.8315
1758146976.052,1758146976052,15.355000019073486,15355,853.8095,833.663,985.56775,808.2784
1758146976.053,1758146976053,15.355999946594238,15356,907.8022,903.36993,838.9011,816.337
1758146976.053,1758146976053,15.355999946594238,15356,765.56775,801.02563,618.9011,807.47253
1758146976.053,1758146976053,15.355999946594238,15356,682.5641,715.2015,652.74725,791.3553
1758146976.074,1758146976074,15.376999855041504,15377,803.0403,798.20514,915.8608,792.5641
1758146976.075,1758146976075,15.378000020980835,15378,913.8461,899.34064,1006.52014,803.44324
1758146976.075,1758146976075,15.378000020980835,15378,809.0842,831.2454,742.6007,805.8608
1758146976.075,1758146976075,15.378000020980835,15378,687.8022,723.2601,647.50916,799.41394
1758146976.076,1758146976076,15.378999948501587,15379,771.6117,770.80585,926.7399,796.1905
1758146976.076,1758146976076,15.378999948501587,15379,907.8022,886.4469,1056.8865,805.4579
1758146976.076,1758146976076,15.378999948501587,15379,841.31866,862.27106,761.9414,811.0989
1758146976.077,1758146976077,15.379999876022339,15380,693.44324,743.8095,527.8388,803.8461
1758146976.077,1758146976077,15.379999876022339,15380,725.6777,744.21246,730.9158,798.60803
1758146976.077,1758146976077,15.379999876022339,15380,869.92676,857.8388,995.2381,799.81683
1758146976.078,1758146976078,15.38100004196167,15381,876.77655,886.04395,869.5238,807.47253
1758146976.078,1758146976078,15.38100004196167,15381,728.49817,776.8498,648.315,808.2784
1758146976.15,1758146976150,15.45300006866455,15453,680.9524,716.0073,728.9011,801.4286
1758146976.151,1758146976151,15.453999996185303,15454,815.9341,813.1135,973.47986,803.0403
1758146976.151,1758146976151,15.453999996185303,15454,889.2674,892.0879,915.4579,807.47253
1758146976.152,1758146976152,15.454999923706055,15455,761.9414,805.05493,598.7546,806.6667
1758146976.152,1758146976152,15.454999923706055,15455,668.0586,716.4103,671.685,804.2491
1758146976.152,1758146976152,15.454999923706055,15455,781.685,785.7143,1000.87915,807.0696
1758146976.153,1758146976153,15.456000089645386,15456,906.1905,889.67035,973.0769,804.65204
1758146976.153,1758146976153,15.456000089645386,15456,804.2491,828.4249,649.5238,795.38464
1758146976.153,1758146976153,15.456000089645386,15456,667.25275,716.4103,660.80585,799.81683
1758146976.154,1758146976154,15.457000017166138,15457,728.49817,749.0476,877.5824,802.23444
1758146976.154,1758146976154,15.457000017166138,15457,866.30035,861.06226,935.2015,808.68134
1758146976.154,1758146976154,15.457000017166138,15457,832.0513,862.27106,738.97437,819.9634
1758146976.192,1758146976192,15.494999885559082,15495,673.2967,742.1978,603.5897,806.6667
1758146976.193,1758146976193,15.496000051498413,15496,672.49084,715.2015,821.5751,796.1905
1758146976.193,1758146976193,15.496000051498413,15496,826.0073,835.6777,987.5824,807.8755
1758146976.193,1758146976193,15.496000051498413,15496,853.00366,882.4176,805.4579,814.7253
1758146976.194,1758146976194,15.496999979019165,15497,695.8608,767.1795,663.6264,805.05493
1758146976.194,1758146976194,15.496999979019165,15497,638.24176,703.1135,807.8755,795.78754
1758146976.194,1758146976194,15.496999979019165,15497,772.4176,795.78754,965.0183,799.011
1758146976.195,1758146976195,15.497999906539917,15498,852.6007,880.40295,904.17584,806.6667
1758146976.195,1758146976195,15.497999906539917,15498,720.0366,798.60803,653.95605,799.011
1758146976.195,1758146976195,15.497999906539917,15498,615.6777,707.5458,588.2784,795.78754
1758146976.195,1758146976195,15.497999906539917,15498,720.0366,773.22345,851.39197,807.47253
1758146976.196,1758146976196,15.499000072479248,15499,853.00366,879.19415,982.3443,814.7253
1758146976.233,1758146976233,15.53600001335144,15536,765.9707,832.0513,789.7436,810.293
1758146976.233,1758146976233,15.53600001335144,15536,622.9304,722.8571,567.72894,805.4579
1758146976.235,1758146976235,15.537999868392944,15538,678.5348,747.8388,764.7619,802.23444
1758146976.235,1758146976235,15.537999868392944,15538,813.91943,853.8095,1029.4872,798.60803
1758146976.236,1758146976236,15.539000034332275,15539,783.2967,853.00366,898.93774,802.6374
1758146976.236,1758146976236,15.539000034332275,15539,638.6447,745.82416,732.52747,802.6374
1758146976.236,1758146976236,15.539000034332275,15539,630.989,727.28937,729.304,801.02563
1758146976.237,1758146976237,15.539999961853027,15540,776.04395,836.8865,901.3553,803.0403
1758146976.237,1758146976237,15.539999961853027,15540,824.7985,889.67035,877.5824,810.293
1758146976.237,1758146976237,15.539999961853027,15540,670.4762,780.87915,608.022,807.47253
1758146976.238,1758146976238,15.54099988937378,15541,598.7546,709.9634,691.4286,800.2198
1758146976.238,1758146976238,15.54099988937378,15541,740.58606,805.05493,914.2491,805.05493
1758146976.273,1758146976273,15.575999975204468,15576,848.97437,897.72894,1002.8938,812.71063
1758146976.273,1758146976273,15.575999975204468,15576,732.1245,822.381,729.707,813.1135
1758146976.274,1758146976274,15.57699990272522,15577,617.6923,720.0366,579.81683,805.4579
1758146976.274,1758146976274,15.57699990272522,15577,717.2161,776.8498,868.315,801.02563
1758146976.274,1758146976274,15.57699990272522,15577,862.674,891.685,1184.2124,809.89014
1758146976.275,1758146976275,15.57800006866455,15578,792.5641,853.8095,865.4945,818.3516
1758146976.275,1758146976275,15.57800006866455,15578,648.71796,733.73627,581.02563,810.293
1758146976.275,1758146976275,15.57800006866455,15578,692.23444,742.6007,752.27106,801.8315
1758146976.276,1758146976276,15.578999996185303,15579,848.5714,865.09155,935.2015,809.0842
1758146976.276,1758146976276,15.578999996185303,15579,844.1392,882.8205,811.0989,814.7253
1758146976.276,1758146976276,15.578999996185303,15579,683.36993,756.7033,607.619,804.2491
1758146976.277,1758146976277,15.579999923706055,15580,660.0,714.3956,755.4945,796.99634
1758146976.309,1758146976309,15.611999988555908,15612,809.4872,823.9927,1029.8901,800.2198
1758146976.31,1758146976310,15.61299991607666,15613,877.98535,898.1319,930.3663,809.4872
1758146976.311,1758146976311,15.614000082015991,15614,727.6923,790.54944,652.3443,802.6374
1758146976.311,1758146976311,15.614000082015991,15614,631.79486,700.293,667.25275,790.9524
1758146976.314,1758146976314,15.616999864578247,15617,765.56775,794.9817,967.4359,794.9817
1758146976.314,1758146976314,15.616999864578247,15617,888.86444,906.5934,1116.9231,809.4872
1758146976.315,1758146976315,15.618000030517578,15618,769.59705,831.2454,681.3553,809.89014
1758146976.315,1758146976315,15.618000030517578,15618,635.0183,717.2161,458.5348,798.60803
1758146976.316,1758146976316,15.61899995803833,15619,736.9597,776.04395,891.28204,802.23444
1758146976.316,1758146976316,15.61899995803833,15619,884.43225,894.10254,1075.4213,808.2784
1758146976.317,1758146976317,15.619999885559082,15620,815.12823,865.4945,669.2674,805.4579
1758146976.317,1758146976317,15.619999885559082,15620,665.2381,748.24176,556.4469,799.41394
1758146976.364,1758146976364,15.66700005531311,15667,698.2784,741.79486,893.69965,796.1905
1758146976.364,1758146976364,15.66700005531311,15667,860.65936,861.06226,1058.0952,804.65204
1758146976.364,1758146976364,15.66700005531311,15667,871.53845,898.93774,861.4652,815.12823
1758146976.365,1758146976365,15.667999982833862,15668,707.9487,781.685,612.0513,810.293
1758146976.365,1758146976365,15.667999982833862,15668,671.685,719.6337,704.3223,801.4286
1758146976.365,1758146976365,15.667999982833862,15668,826.0073,826.8132,1085.4945,803.8461
1758146976.366,1758146976366,15.668999910354614,15669,906.99634,909.81683,1019.81683,813.91943
1758146976.366,1758146976366,15.668999910354614,15669,759.12085,805.05493,525.42126,809.89014
1758146976.366,1758146976366,15.668999910354614,15669,659.59705,716.8132,640.65936,803.44324
1758146976.367,1758146976367,15.670000076293945,15670,797.8022,806.6667,983.95605,811.9048
1758146976.367,1758146976367,15.670000076293945,15670,932.381,911.02563,1036.337,815.5311
1758146976.367,1758146976367,15.670000076293945,15670,827.619,840.5128,732.1245,807.47253
1758146976.401,1758146976401,15.703999996185303,15704,688.20514,721.6484,590.293,801.8315
1758146976.401,1758146976401,15.703999996185303,15704,767.98535,759.5238,890.87915,802.6374
1758146976.402,1758146976402,15.704999923706055,15705,922.71063,883.22345,1038.7546,809.89014
1758146976.402,1758146976402,15.704999923706055,15705,872.74725,861.06226,759.12085,811.0989
1758146976.402,1758146976402,15.704999923706055,15705,711.1722,732.52747,606.8132,802.23444
1758146976.403,1758146976403,15.706000089645386,15706,734.1392,727.28937,907.8022,801.02563
1758146976.404,1758146976404,15.707000017166138,15707,907.3993,848.1685,981.13556,810.293
1758146976.405,1758146976405,15.70799994468689,15708,934.3956,890.4762,733.73627,814.3223
1758146976.405,1758146976405,15.70799994468689,15708,774.83514,772.01465,677.72894,807.0696
1758146976.405,1758146976405,15.70799994468689,15708,718.022,703.1135,694.65204,802.6374
1758146976.406,1758146976406,15.708999872207642,15709,866.7033,806.26373,933.9927,805.8608
1758146976.406,1758146976406,15.708999872207642,15709,961.39197,894.5055,978.71796,808.68134
1758146976.468,1758146976468,15.770999908447266,15771,819.9634,798.20514,683.36993,804.65204
1758146976.469,1758146976469,15.772000074386597,15772,705.9341,699.0842,647.50916,800.2198
1758146976.469,1758146976469,15.772000074386597,15772,832.8571,773.6264,985.56775,803.44324
1758146976.469,1758146976469,15.772000074386597,15772,978.315,885.64105,985.16486,811.50183
1758146976.47,1758146976470,15.773000001907349,15773,876.77655,830.0366,711.978,809.4872
1758146976.47,1758146976470,15.773000001907349,15773,727.28937,712.7839,678.93774,799.011
1758146976.47,1758146976470,15.773000001907349,15773,797.8022,741.79486,861.8681,797.3993
1758146976.471,1758146976471,15.7739999294281,15774,960.18317,867.50916,931.5751,806.26373
1758146976.471,1758146976471,15.7739999294281,15774,930.3663,867.50916,761.53845,809.4872
1758146976.472,1758146976472,15.774999856948853,15775,768.3883,738.97437,633.4066,800.6227
1758146976.472,1758146976472,15.774999856948853,15775,761.9414,711.1722,814.7253,796.1905
1758146976.472,1758146976472,15.774999856948853,15775,924.7253,836.4835,959.3773,803.8461
1758146976.498,1758146976498,15.800999879837036,15801,966.2271,890.4762,850.58606,805.05493
1758146976.499,1758146976499,15.802000045776367,15802,804.2491,778.46155,647.9121,802.23444
1758146976.499,1758146976499,15.802000045776367,15802,723.2601,698.68134,699.0842,796.1905
1758146976.5,1758146976500,15.80299997329712,15803,857.8388,791.3553,980.7326,795.78754
1758146976.5,1758146976500,15.80299997329712,15803,972.27106,898.93774,1096.3737,805.8608
1758146976.5,1758146976500,15.80299997329712,15803,844.94507,821.1722,762.74725,807.0696
1758146976.501,1758146976501,15.803999900817871,15804,714.7985,711.978,549.59705,797.8022
1758146976.501,1758146976501,15.803999900817871,15804,813.91943,765.16486,988.7912,796.99634
1758146976.502,1758146976502,15.805000066757202,15805,950.9158,880.80585,1023.8461,799.41394
1758146976.503,1758146976503,15.805999994277954,15806,861.8681,842.9304,574.9817,798.60803
1758146976.503,1758146976503,15.805999994277954,15806,711.5751,724.87177,546.3736,796.99634
1758146976.503,1758146976503,15.805999994277954,15806,760.32965,740.18317,841.31866,799.41394
1758146976.569,1758146976569,15.871999979019165,15872,915.4579,862.27106,1056.4835,807.8755
1758146976.57,1758146976570,15.872999906539917,15873,907.8022,879.59705,821.1722,811.50183
1758146976.57,1758146976570,15.872999906539917,15873,742.1978,750.65936,540.32965,805.4579
1758146976.57,1758146976570,15.872999906539917,15873,719.2308,706.7399,651.53845,801.8315
1758146976.571,1758146976571,15.874000072479248,15874,879.19415,827.2161,1004.5055,809.4872
1758146976.571,1758146976571,15.874000072479248,15874,942.0513,900.9524,1010.54944,816.7399
1758146976.571,1758146976571,15.874000072479248,15874,789.34064,794.9817,657.1795,809.4872
1758146976.572,1758146976572,15.875,15875,700.696,705.5311,637.03296,801.4286
1758146976.572,1758146976572,15.875,15875,833.2601,794.17584,932.7839,805.8608
1758146976.572,1758146976572,15.875,15875,954.1392,902.96704,995.2381,809.89014
1758146976.573,1758146976573,15.875999927520752,15876,835.2747,831.2454,623.73627,809.89014
1758146976.573,1758146976573,15.875999927520752,15876,697.47253,714.3956,537.50916,803.0403
1758146976.612,1758146976612,15.914999961853027,15915,788.1319,762.3443,891.28204,798.20514
1758146976.613,1758146976613,15.91599988937378,15916,944.87177,891.685,1067.7656,810.293
1758146976.613,1758146976613,15.91599988937378,15916,873.1502,861.4652,738.97437,814.3223
1758146976.613,1758146976613,15.91599988937378,15916,704.3223,728.0952,542.3443,804.65204
1758146976.613,1758146976613,15.91599988937378,15916,741.79486,732.1245,829.2308,802.6374
1758146976.614,1758146976614,15.91700005531311,15917,903.7729,856.2271,1108.4615,809.0842
1758146976.614,1758146976614,15.91700005531311,15917,910.6227,884.83514,845.7509,810.696
1758146976.614,1758146976614,15.91700005531311,15917,742.1978,758.315,583.8461,803.8461
1758146976.615,1758146976615,15.917999982833862,15918,693.0403,704.3223,753.8828,799.011
1758146976.615,1758146976615,15.917999982833862,15918,850.58606,815.5311,875.16486,805.8608
1758146976.616,1758146976616,15.918999910354614,15919,938.8278,898.1319,885.64105,815.5311
1758146976.617,1758146976617,15.920000076293945,15920,788.1319,796.1905,578.60803,809.0842
1758146976.643,1758146976643,15.94599986076355,15946,684.57874,699.0842,659.59705,801.8315
1758146976.643,1758146976643,15.94599986076355,15946,817.1429,780.87915,1021.4286,804.2491
1758146976.644,1758146976644,15.94700002670288,15947,945.6777,893.2967,1029.4872,809.0842
1758146976.644,1758146976644,15.94700002670288,15947,834.0659,834.0659,690.6227,808.2784
1758146976.645,1758146976645,15.947999954223633,15948,686.99634,713.1868,582.23444,802.23444
1758146976.645,1758146976645,15.947999954223633,15948,760.32965,744.21246,949.304,799.41394
1758146976.645,1758146976645,15.947999954223633,15948,918.68134,871.13556,1073.0037,803.44324
1758146976.646,1758146976646,15.948999881744385,15949,870.7326,861.4652,664.0293,805.05493
1758146976.646,1758146976646,15.948999881744385,15949,705.9341,724.0659,523.4066,800.2198
1758146976.646,1758146976646,15.948999881744385,15949,722.4542,708.3516,868.71796,797.8022
1758146976.647,1758146976647,15.950000047683716,15950,886.04395,834.87177,1012.96704,801.4286
1758146976.647,1758146976647,15.950000047683716,15950,921.50183,882.4176,838.0952,805.4579
1758146976.674,1758146976674,15.976999998092651,15977,763.5531,764.7619,681.3553,797.8022
1758146976.674,1758146976674,15.976999998092651,15977,705.5311,701.0989,744.21246,789.7436
1758146976.675,1758146976675,15.977999925613403,15978,854.61536,807.47253,944.87177,799.011
1758146976.675,1758146976675,15.977999925613403,15978,944.4689,907.8022,998.0586,811.0989
1758146976.675,1758146976675,15.977999925613403,15978,800.2198,824.7985,731.7216,809.0842
1758146976.676,1758146976676,15.979000091552734,15979,674.10254,725.6777,646.7033,802.23444
1758146976.676,1758146976676,15.979000091552734,15979,775.64105,795.38464,875.56775,800.2198
1758146976.676,1758146976676,15.979000091552734,15979,914.2491,904.9817,949.707,803.44324
1758146976.677,1758146976677,15.980000019073486,15980,831.2454,851.39197,776.8498,807.8755
1758146976.677,1758146976677,15.980000019073486,15980,678.93774,718.4249,541.53845,801.02563
1758146976.677,1758146976677,15.980000019073486,15980,740.58606,731.31866,805.4579,792.5641
1758146976.677,1758146976677,15.980000019073486,15980,904.57874,865.09155,996.04395,801.4286
1758146976.742,1758146976742,16.045000076293945,16045,878.3883,873.5531,803.44324,808.2784
1758146976.743,1758146976743,16.046000003814697,16046,713.9927,747.4359,651.53845,800.6227
1758146976.743,1758146976743,16.046000003814697,16046,709.9634,724.0659,767.1795,796.5934
1758146976.744,1758146976744,16.04699993133545,16047,874.7619,838.0952,951.31866,805.8608
1758146976.744,1758146976744,16.04699993133545,16047,923.5165,898.1319,952.9304,811.0989
1758146976.745,1758146976745,16.0479998588562,16048,766.3736,792.1612,751.4652,806.26373
1758146976.745,1758146976745,16.0479998588562,16048,684.9817,709.5604,642.27106,797.8022
1758146976.746,1758146976746,16.049000024795532,16049,824.7985,801.02563,909.81683,798.60803
1758146976.746,1758146976746,16.049000024795532,16049,938.4249,903.36993,987.98535,806.6667
1758146976.747,1758146976747,16.049999952316284,16050,809.4872,816.337,639.45056,801.02563
1758146976.747,1758146976747,16.049999952316284,16050,679.34064,703.91943,591.9048,791.3553
1758146976.747,1758146976747,16.049999952316284,16050,780.07324,758.315,900.54944,791.3553
1758146976.78,1758146976780,16.08299994468689,16083,934.7985,881.2088,1028.6813,798.60803
1758146976.781,1758146976781,16.08399987220764,16084,860.65936,850.58606,702.71063,801.4286
1758146976.781,1758146976781,16.08399987220764,16084,699.4872,721.6484,574.9817,799.011
1758146976.782,1758146976782,16.085000038146973,16085,738.97437,730.10986,828.8278,799.41394
1758146976.782,1758146976782,16.085000038146973,16085,903.36993,861.06226,1041.1721,808.68134
1758146976.782,1758146976782,16.085000038146973,16085,902.1612,884.43225,932.381,815.5311
1758146976.782,1758146976782,16.085000038146973,16085,730.9158,756.7033,642.27106,807.0696
1758146976.783,1758146976783,16.085999965667725,16086,699.89014,710.3663,655.9707,801.4286
1758146976.783,1758146976783,16.085999965667725,16086,857.4359,823.1868,968.24176,807.0696
1758146976.784,1758146976784,16.086999893188477,16087,927.9487,892.8938,877.5824,815.5311
1758146976.784,1758146976784,16.086999893188477,16087,779.67035,786.9231,651.13556,811.9048
1758146976.784,1758146976784,16.086999893188477,16087,682.96704,697.8755,703.1135,804.2491
1758146976.857,1758146976857,16.16000008583069,16160,814.3223,786.9231,875.9707,809.0842
1758146976.857,1758146976857,16.16000008583069,16160,942.8571,897.72894,938.022,816.7399
1758146976.859,1758146976859,16.161999940872192,16162,820.3663,822.7839,676.52014,806.26373
1758146976.859,1758146976859,16.161999940872192,16162,676.52014,704.7253,623.73627,792.1612
1758146976.859,1758146976859,16.161999940872192,16162,769.59705,754.68866,1015.38464,799.41394
1758146976.86,1758146976860,16.162999868392944,16163,922.3077,883.6264,1173.7362,809.4872
1758146976.86,1758146976860,16.162999868392944,16163,855.0183,862.27106,767.5824,813.1135
1758146976.86,1758146976860,16.162999868392944,16163,691.8315,736.9597,450.4762,812.71063
1758146976.861,1758146976861,16.164000034332275,16164,721.6484,732.9304,692.23444,809.0842
1758146976.861,1758146976861,16.164000034332275,16164,880.80585,848.5714,1014.9817,802.23444
1758146976.861,1758146976861,16.164000034332275,16164,897.326,886.04395,870.32965,801.8315
1758146976.862,1758146976862,16.164999961853027,16165,730.5128,766.77655,631.39197,798.20514
1758146976.895,1758146976895,16.197999954223633,16198,678.1319,705.12823,765.56775,794.57874
1758146976.895,1758146976895,16.197999954223633,16198,834.4689,812.71063,1018.60803,803.0403
1758146976.896,1758146976896,16.198999881744385,16199,927.9487,901.3553,965.0183,812.3077
1758146976.896,1758146976896,16.198999881744385,16199,786.1172,802.23444,595.5311,808.68134
1758146976.896,1758146976896,16.198999881744385,16199,680.14655,705.12823,651.9414,803.8461
1758146976.896,1758146976896,16.198999881744385,16199,811.9048,795.78754,990.40295,811.9048
1758146976.897,1758146976897,16.200000047683716,16200,939.6337,901.3553,943.663,816.7399
1758146976.897,1758146976897,16.200000047683716,16200,829.6337,836.8865,658.3883,813.91943
1758146976.897,1758146976897,16.200000047683716,16200,697.8755,726.8865,603.9927,813.91943
1758146976.898,1758146976898,16.200999975204468,16201,772.01465,759.12085,806.26373,815.9341
1758146976.898,1758146976898,16.200999975204468,16201,929.15753,881.2088,1002.49084,818.3516
1758146976.898,1758146976898,16.200999975204468,16201,890.07324,873.95605,727.6923,816.7399
1758146976.936,1758146976936,16.23900008201599,16239,722.8571,745.42126,561.28204,808.68134
1758146976.937,1758146976937,16.240000009536743,16240,725.6777,726.08057,838.0952,803.0403
1758146976.937,1758146976937,16.240000009536743,16240,882.4176,842.9304,1046.4103,805.05493
1758146976.937,1758146976937,16.240000009536743,16240,915.8608,890.87915,847.3626,811.9048
1758146976.939,1758146976939,16.241999864578247,16242,760.32965,781.685,628.97437,811.0989
1758146976.939,1758146976939,16.241999864578247,16242,696.26373,718.4249,760.32965,811.0989
1758146976.939,1758146976939,16.241999864578247,16242,833.663,818.3516,923.91943,813.91943
1758146976.94,1758146976940,16.243000030517578,16243,936.0073,913.44324,794.57874,820.7692
1758146976.94,1758146976940,16.243000030517578,16243,792.1612,817.9487,538.315,815.5311
1758146976.94,1758146976940,16.243000030517578,16243,657.5824,698.68134,685.78754,796.1905
1758146976.94,1758146976940,16.243000030517578,16243,767.1795,764.35895,973.8828,795.78754
1758146976.941,1758146976941,16.24399995803833,16244,906.5934,884.83514,1007.326,807.0696
1758146976.978,1758146976978,16.280999898910522,16281,817.9487,845.34796,723.663,813.5165
1758146976.978,1758146976978,16.280999898910522,16281,661.2088,725.6777,603.9927,809.89014
1758146976.978,1758146976978,16.280999898910522,16281,705.12823,742.1978,869.12085,807.8755
1758146976.979,1758146976979,16.282000064849854,16282,860.2564,865.89746,1026.2638,814.7253
1758146976.979,1758146976979,16.282000064849854,16282,845.34796,875.16486,799.41394,814.3223
1758146976.979,1758146976979,16.282000064849854,16282,680.14655,755.09155,643.8828,808.2784
1758146976.98,1758146976980,16.282999992370605,16283,654.7619,722.0513,756.7033,802.23444
1758146976.98,1758146976980,16.282999992370605,16283,812.3077,828.8278,918.68134,802.6374
1758146976.98,1758146976980,16.282999992370605,16283,879.59705,892.8938,909.011,815.5311
1758146976.981,1758146976981,16.283999919891357,16284,723.2601,781.685,568.1319,813.91943
1758146976.981,1758146976981,16.283999919891357,16284,634.21246,699.0842,548.7912,806.26373
1758146976.981,1758146976981,16.283999919891357,16284,767.5824,792.5641,904.57874,804.65204
1758146977.008,1758146977008,16.310999870300293,16311,882.8205,896.1172,1048.8279,802.6374
1758146977.009,1758146977009,16.312000036239624,16312,754.2857,821.978,674.90845,805.8608
1758146977.009,1758146977009,16.312000036239624,16312,610.84247,707.5458,605.6044,803.0403
1758146977.009,1758146977009,16.312000036239624,16312,714.3956,767.98535,905.78754,802.23444
1758146977.009,1758146977009,16.312000036239624,16312,869.92676,898.5348,944.0659,817.5458
1758146977.01,1758146977010,16.312999963760376,16313,790.14655,863.0769,818.7546,812.71063
1758146977.011,1758146977011,16.313999891281128,16314,636.63007,736.9597,549.59705,803.8461
1758146977.011,1758146977011,16.313999891281128,16314,662.4176,738.1685,652.3443,802.6374
1758146977.012,1758146977012,16.31500005722046,16315,808.2784,847.76556,1043.9927,796.99634
1758146977.012,1758146977012,16.31500005722046,16315,821.978,886.8498,772.01465,814.7253
1758146977.012,1758146977012,16.31500005722046,16315,654.35895,772.01465,463.36996,815.12823
1758146977.013,1758146977013,16.31599998474121,16316,616.08057,723.663,658.3883,808.68134
1758146977.076,1758146977076,16.378999948501587,16379,767.5824,837.28937,1091.1355,815.12823
1758146977.077,1758146977077,16.37999987602234,16380,821.1722,894.10254,1026.2638,806.6667
1758146977.077,1758146977077,16.37999987602234,16380,657.5824,780.07324,536.7033,797.3993
1758146977.077,1758146977077,16.37999987602234,16380,555.64105,697.47253,614.0659,795.78754
1758146977.078,1758146977078,16.38100004196167,16381,705.5311,804.2491,1027.4725,810.696
1758146977.078,1758146977078,16.38100004196167,16381,832.4542,923.1135,1093.956,823.1868
1758146977.078,1758146977078,16.38100004196167,16381,691.8315,840.9158,569.34064,813.1135
1758146977.079,1758146977079,16.381999969482422,16382,536.30035,707.5458,460.1465,792.5641
1758146977.079,1758146977079,16.381999969482422,16382,634.21246,757.1062,1044.3956,794.57874
1758146977.079,1758146977079,16.381999969482422,16382,804.65204,890.87915,1121.7583,809.89014
1758146977.08,1758146977080,16.382999897003174,16383,743.4066,870.7326,526.63007,813.91943
1758146977.08,1758146977080,16.382999897003174,16383,570.14655,742.6007,336.84982,806.26373
1758146977.106,1758146977106,16.408999919891357,16409,597.1429,741.79486,845.7509,806.6667
1758146977.107,1758146977107,16.41000008583069,16410,768.3883,875.16486,1216.4469,813.91943
1758146977.107,1758146977107,16.41000008583069,16410,782.49084,910.6227,948.49817,811.9048
1758146977.107,1758146977107,16.41000008583069,16410,610.4396,781.685,407.36264,806.26373
1758146977.108,1758146977108,16.41100001335144,16411,562.49084,725.2747,856.2271,807.8755
1758146977.108,1758146977108,16.41100001335144,16411,723.663,835.2747,1282.9304,813.1135
1758146977.108,1758146977108,16.41100001335144,16411,822.7839,918.68134,1001.685,815.12823
1758146977.109,1758146977109,16.411999940872192,16412,689.41394,820.7692,352.96704,815.9341
1758146977.11,1758146977110,16.412999868392944,16413,576.99634,709.5604,463.36996,805.8608
1758146977.11,1758146977110,16.412999868392944,16413,713.5897,790.14655,1212.8206,803.0403
1758146977.11,1758146977110,16.412999868392944,16413,871.53845,915.8608,1277.2894,815.5311
1758146977.111,1758146977111,16.414000034332275,16414,770.80585,849.7802,643.8828,816.337
1758146977.173,1758146977173,16.4760000705719,16476,632.6007,720.4396,504.06595,807.0696
1758146977.174,1758146977174,16.47699999809265,16477,718.4249,756.7033,1040.7693,804.2491
1758146977.174,1758146977174,16.47699999809265,16477,890.07324,889.67035,1283.7362,811.9048
1758146977.174,1758146977174,16.47699999809265,16477,851.79486,882.01465,667.25275,813.91943
1758146977.175,1758146977175,16.477999925613403,16478,687.3993,750.2564,430.7326,805.4579
1758146977.175,1758146977175,16.477999925613403,16478,711.5751,731.7216,943.663,804.2491
1758146977.175,1758146977175,16.477999925613403,16478,891.685,855.42126,1079.0476,811.0989
1758146977.176,1758146977176,16.479000091552734,16479,940.84247,906.99634,753.0769,817.5458
1758146977.176,1758146977176,16.479000091552734,16479,779.2674,784.5055,505.67764,810.293
1758146977.176,1758146977176,16.479000091552734,16479,709.5604,707.9487,597.1429,799.011
1758146977.177,1758146977177,16.480000019073486,16480,862.674,811.9048,1030.6959,805.8608
1758146977.177,1758146977177,16.480000019073486,16480,975.09155,909.41394,1028.6813,812.3077
1758146977.208,1758146977208,16.51099991798401,16511,841.7216,817.9487,584.2491,809.89014
1758146977.209,1758146977209,16.51200008392334,16512,714.3956,710.7692,557.6557,801.8315
1758146977.209,1758146977209,16.51200008392334,16512,827.2161,778.0586,1084.6886,807.0696
1758146977.209,1758146977209,16.51200008392334,16512,979.92676,898.1319,1135.4579,815.5311
1758146977.21,1758146977210,16.513000011444092,16513,882.01465,846.9597,633.4066,806.6667
1758146977.21,1758146977210,16.513000011444092,16513,726.08057,721.6484,576.99634,803.44324
1758146977.21,1758146977210,16.513000011444092,16513,787.326,744.61536,873.1502,808.68134
1758146977.211,1758146977211,16.513999938964844,16514,949.707,874.7619,1041.978,814.7253
1758146977.211,1758146977211,16.513999938964844,16514,931.978,882.4176,722.4542,813.1135
1758146977.211,1758146977211,16.513999938964844,16514,753.8828,743.4066,436.77655,801.4286
1758146977.213,1758146977213,16.516000032424927,16516,733.3333,709.9634,923.5165,799.81683
1758146977.213,1758146977213,16.516000032424927,16516,907.8022,842.52747,1110.4762,815.5311
1758146977.239,1758146977239,16.54200005531311,16542,967.4359,904.9817,789.34064,819.5604
1758146977.24,1758146977240,16.542999982833862,16543,791.3553,780.87915,608.022,801.02563
1758146977.24,1758146977240,16.542999982833862,16543,697.8755,695.8608,684.9817,793.7729
1758146977.24,1758146977240,16.542999982833862,16543,853.4066,799.011,1145.9341,805.8608
1758146977.241,1758146977241,16.543999910354614,16544,977.9121,909.011,1188.6447,817.1429
1758146977.241,1758146977241,16.543999910354614,16544,837.6923,821.1722,693.44324,811.0989
1758146977.241,1758146977241,16.543999910354614,16544,699.89014,704.7253,425.4945,801.4286
1758146977.242,1758146977242,16.545000076293945,16545,799.011,766.77655,895.7143,801.02563
1758146977.242,1758146977242,16.545000076293945,16545,953.73627,890.07324,1222.0879,808.2784
1758146977.242,1758146977242,16.545000076293945,16545,876.3736,853.4066,557.25275,809.89014
1758146977.242,1758146977242,16.545000076293945,16545,711.5751,728.9011,404.94507,805.8608
1758146977.243,1758146977243,16.546000003814697,16546,754.68866,738.97437,842.52747,807.8755
1758146977.308,1758146977308,16.611000061035156,16611,926.337,867.50916,1151.1721,811.50183
1758146977.308,1758146977308,16.611000061035156,16611,933.1868,896.9231,867.50916,812.3077
1758146977.309,1758146977309,16.611999988555908,16612,761.9414,770.0,533.0769,805.4579
1758146977.309,1758146977309,16.611999988555908,16612,723.2601,709.5604,692.6374,799.81683
1758146977.309,1758146977309,16.611999988555908,16612,882.01465,817.1429,1076.227,805.8608
1758146977.31,1758146977310,16.61299991607666,16613,962.6007,897.326,1106.8499,811.50183
1758146977.31,1758146977310,16.61299991607666,16613,806.26373,795.78754,604.7985,806.26373
1758146977.31,1758146977310,16.61299991607666,16613,701.0989,702.3077,508.09525,799.41394
1758146977.311,1758146977311,16.61400008201599,16614,828.8278,787.72894,948.0952,802.6374
1758146977.311,1758146977311,16.61400008201599,16614,969.45056,909.41394,1075.0183,811.0989
1758146977.311,1758146977311,16.61400008201599,16614,857.4359,836.4835,639.85345,806.6667
1758146977.311,1758146977311,16.61400008201599,16614,701.50183,705.5311,433.15018,796.99634
1758146977.354,1758146977354,16.657000064849854,16657,787.326,755.89746,858.24176,802.23444
1758146977.355,1758146977355,16.657999992370605,16658,948.9011,891.28204,1141.5018,811.9048
1758146977.355,1758146977355,16.657999992370605,16658,891.28204,869.92676,685.78754,812.71063
1758146977.356,1758146977356,16.658999919891357,16659,726.08057,734.1392,416.2271,806.26373
1758146977.356,1758146977356,16.658999919891357,16659,740.989,720.4396,833.2601,799.41394
1758146977.356,1758146977356,16.658999919891357,16659,916.6667,856.63007,1230.5494,808.68134
1758146977.357,1758146977357,16.66000008583069,16660,953.73627,913.0403,931.5751,822.381
1758146977.357,1758146977357,16.66000008583069,16660,776.04395,781.28204,493.1868,807.8755
1758146977.358,1758146977358,16.66100001335144,16661,709.5604,708.7546,657.5824,794.57874
1758146977.358,1758146977358,16.66100001335144,16661,863.0769,823.1868,920.696,804.2491
1758146977.358,1758146977358,16.66100001335144,16661,960.58606,911.4286,865.89746,813.1135
1758146977.359,1758146977359,16.661999940872192,16662,808.68134,803.44324,603.9927,808.2784
1758146977.39,1758146977390,16.693000078201294,16693,690.6227,699.0842,609.6337,802.23444
1758146977.391,1758146977391,16.694000005722046,16694,813.1135,777.6557,983.95605,802.6374
1758146977.391,1758146977391,16.694000005722046,16694,958.5714,898.1319,1049.6337,809.0842
1758146977.392,1758146977392,16.694999933242798,16695,856.2271,839.304,565.31134,808.68134
1758146977.392,1758146977392,16.694999933242798,16695,701.0989,712.7839,569.34064,801.02563
1758146977.393,1758146977393,16.69599986076355,16696,775.64105,746.63007,1035.1282,804.65204
1758146977.393,1758146977393,16.69599986076355,16696,941.2454,873.95605,1083.4799,811.50183
1758146977.393,1758146977393,16.69599986076355,16696,906.5934,875.9707,610.84247,811.50183
1758146977.394,1758146977394,16.69700002670288,16697,738.1685,749.0476,476.26373,804.2491
1758146977.394,1758146977394,16.69700002670288,16697,740.58606,729.707,852.1978,801.8315
1758146977.395,1758146977395,16.697999954223633,16698,904.17584,853.00366,1018.20514,808.2784
1758146977.395,1758146977395,16.697999954223633,16698,951.7216,915.05493,842.1245,815.9341
1758146977.427,1758146977427,16.730000019073486,16730,782.0879,792.5641,530.2564,807.47253
1758146977.427,1758146977427,16.730000019073486,16730,699.89014,705.12823,714.3956,796.1905
1758146977.429,1758146977429,16.73199987411499,16732,847.3626,809.4872,1071.7949,802.6374
1758146977.429,1758146977429,16.73199987411499,16732,961.79486,913.8461,978.315,810.696
1758146977.429,1758146977429,16.73199987411499,16732,827.2161,828.8278,670.4762,808.2784
1758146977.43,1758146977430,16.73300004005432,16733,702.3077,720.4396,708.7546,805.05493
1758146977.43,1758146977430,16.73300004005432,16733,816.337,778.46155,925.12823,807.8755
1758146977.43,1758146977430,16.73300004005432,16733,964.61536,889.2674,894.90845,811.9048
1758146977.431,1758146977431,16.733999967575073,16734,877.98535,842.9304,716.0073,804.2491
1758146977.431,1758146977431,16.733999967575073,16734,715.6044,710.7692,511.3187,794.9817
1758146977.431,1758146977431,16.733999967575073,16734,779.2674,731.31866,824.3956,796.99634
1758146977.432,1758146977432,16.734999895095825,16735,946.8865,872.3443,1064.9451,806.26373
1758146977.476,1758146977476,16.77900004386902,16779,928.3516,898.1319,868.71796,814.3223
1758146977.476,1758146977476,16.77900004386902,16779,744.61536,771.2088,549.19415,808.68134
1758146977.476,1758146977476,16.77900004386902,16779,705.12823,719.6337,660.0,801.4286
1758146977.477,1758146977477,16.77999997138977,16780,872.3443,835.6777,1005.7143,805.8608
1758146977.477,1758146977477,16.77999997138977,16780,945.2747,911.4286,950.9158,811.9048
1758146977.477,1758146977477,16.77999997138977,16780,784.10254,795.78754,733.73627,807.47253
1758146977.477,1758146977477,16.77999997138977,16780,686.99634,697.8755,670.4762,800.2198
1758146977.478,1758146977478,16.780999898910522,16781,832.0513,791.3553,907.8022,805.8608
1758146977.478,1758146977478,16.780999898910522,16781,963.4066,902.96704,973.8828,813.91943
1758146977.478,1758146977478,16.780999898910522,16781,842.9304,830.0366,599.5604,814.7253
1758146977.479,1758146977479,16.782000064849854,16782,705.9341,705.5311,543.95605,806.6667
1758146977.479,1758146977479,16.782000064849854,16782,805.8608,755.4945,890.4762,808.2784
1758146977.55,1758146977550,16.852999925613403,16853,963.4066,888.46155,1116.1172,814.7253
1758146977.55,1758146977550,16.852999925613403,16853,890.87915,860.2564,787.326,808.68134
1758146977.551,1758146977551,16.854000091552734,16854,725.2747,736.55676,515.34796,803.8461
1758146977.551,1758146977551,16.854000091552734,16854,755.4945,730.10986,794.17584,803.0403
1758146977.553,1758146977553,16.85599994659424,16856,927.1429,852.6007,1218.8645,809.89014
1758146977.553,1758146977553,16.85599994659424,16856,941.6484,893.69965,970.2564,814.3223
1758146977.553,1758146977553,16.85599994659424,16856,756.7033,763.1502,440.40292,802.6374
1758146977.554,1758146977554,16.85699987411499,16857,707.9487,705.12823,701.50183,800.2198
1758146977.554,1758146977554,16.85699987411499,16857,877.1795,823.9927,1081.4652,813.5165
1758146977.554,1758146977554,16.85699987411499,16857,959.3773,905.38464,847.76556,815.5311
1758146977.555,1758146977555,16.85800004005432,16858,802.6374,801.8315,504.06595,805.4579
1758146977.555,1758146977555,16.85800004005432,16858,692.6374,706.7399,547.1795,805.4579
1758146977.581,1758146977581,16.884000062942505,16884,819.9634,787.72894,990.40295,815.5311
1758146977.581,1758146977581,16.884000062942505,16884,956.55676,901.75824,1123.37,819.5604
1758146977.582,1758146977582,16.884999990463257,16885,840.9158,836.08057,679.34064,814.3223
1758146977.582,1758146977582,16.884999990463257,16885,686.99634,707.1429,512.52747,805.05493
1758146977.582,1758146977582,16.884999990463257,16885,766.3736,740.989,965.0183,803.8461
1758146977.583,1758146977583,16.88599991798401,16886,931.1722,871.53845,1231.3553,810.696
1758146977.583,1758146977583,16.88599991798401,16886,888.0586,868.71796,792.96704,811.9048
1758146977.583,1758146977583,16.88599991798401,16886,721.2454,738.97437,404.94507,805.05493
1758146977.584,1758146977584,16.88700008392334,16887,732.1245,718.022,660.40295,803.44324
1758146977.584,1758146977584,16.88700008392334,16887,896.9231,842.52747,1017.8022,810.293
1758146977.584,1758146977584,16.88700008392334,16887,931.5751,897.326,886.8498,814.3223
1758146977.585,1758146977585,16.888000011444092,16888,762.74725,772.01465,557.25275,805.05493
1758146977.638,1758146977638,16.94099998474121,16941,691.4286,693.0403,689.81683,795.78754
1758146977.638,1758146977638,16.94099998474121,16941,841.31866,796.99634,1046.8132,801.8315
1758146977.639,1758146977639,16.941999912261963,16942,943.663,892.0879,994.83514,809.4872
1758146977.639,1758146977639,16.941999912261963,16942,804.65204,800.6227,618.49817,805.4579
1758146977.64,1758146977640,16.943000078201294,16943,678.1319,691.02563,616.4835,798.20514
1758146977.64,1758146977640,16.943000078201294,16943,791.3553,764.7619,1058.4982,803.44324
1758146977.642,1758146977642,16.944999933242798,16945,942.0513,891.685,1068.9744,812.71063
1758146977.642,1758146977642,16.944999933242798,16945,846.55676,837.6923,558.86444,807.0696
1758146977.643,1758146977643,16.94599986076355,16946,684.57874,705.12823,546.77655,795.38464
1758146977.643,1758146977643,16.94599986076355,16946,745.42126,728.0952,822.381,794.17584
1758146977.643,1758146977643,16.94599986076355,16946,910.2198,859.45056,1117.7289,802.23444
1758146977.644,1758146977644,16.94700002670288,16947,886.8498,865.89746,823.9927,804.2491
1758146977.674,1758146977674,16.97699999809265,16977,720.0366,738.97437,475.05493,795.78754
1758146977.675,1758146977675,16.977999925613403,16978,707.9487,703.1135,771.2088,795.78754
1758146977.675,1758146977675,16.977999925613403,16978,875.16486,824.3956,1023.0403,806.6667
1758146977.676,1758146977676,16.979000091552734,16979,931.5751,890.4762,875.56775,812.3077
1758146977.676,1758146977676,16.979000091552734,16979,768.3883,775.2381,642.674,807.8755
1758146977.676,1758146977676,16.979000091552734,16979,679.7436,694.2491,741.79486,802.6374
1758146977.676,1758146977676,16.979000091552734,16979,814.3223,786.52014,956.55676,803.8461
1758146977.677,1758146977677,16.980000019073486,16980,933.1868,893.69965,911.8315,814.3223
1758146977.677,1758146977677,16.980000019073486,16980,805.05493,817.5458,595.12823,809.0842
1758146977.677,1758146977677,16.980000019073486,16980,672.0879,706.7399,604.3956,800.2198
1758146977.678,1758146977678,16.98099994659424,16981,774.83514,763.95605,893.2967,805.4579
1758146977.678,1758146977678,16.98099994659424,16981,918.2784,883.22345,1011.3553,812.3077
1758146977.706,1758146977706,17.009000062942505,17009,845.7509,855.42126,726.4835,815.9341
1758146977.707,1758146977707,17.009999990463257,17010,691.4286,733.3333,560.4762,804.65204
1758146977.707,1758146977707,17.009999990463257,17010,722.0513,732.1245,863.0769,795.38464
1758146977.707,1758146977707,17.009999990463257,17010,882.8205,857.03296,961.39197,811.0989
1758146977.707,1758146977707,17.009999990463257,17010,894.5055,886.04395,814.3223,817.9487
1758146977.708,1758146977708,17.01099991798401,17011,726.4835,762.3443,663.22345,808.2784
1758146977.708,1758146977708,17.01099991798401,17011,683.7729,708.3516,713.5897,799.41394
1758146977.708,1758146977708,17.01099991798401,17011,845.34796,813.91943,897.326,801.8315
1758146977.71,1758146977710,17.013000011444092,17013,931.1722,897.72894,973.47986,809.0842
1758146977.71,1758146977710,17.013000011444092,17013,778.86444,799.81683,620.9158,805.8608
1758146977.71,1758146977710,17.013000011444092,17013,675.7143,703.91943,562.49084,797.8022
1758146977.711,1758146977711,17.013999938964844,17014,814.3223,788.93774,947.28937,799.011
1758146977.768,1758146977768,17.07099986076355,17071,938.4249,894.90845,957.3626,807.8755
1758146977.769,1758146977769,17.07200002670288,17072,818.3516,830.84247,678.5348,811.0989
1758146977.769,1758146977769,17.07200002670288,17072,679.7436,717.2161,584.65204,807.0696
1758146977.77,1758146977770,17.072999954223633,17073,768.3883,759.12085,845.34796,807.8755
1758146977.77,1758146977770,17.072999954223633,17073,919.89014,884.43225,1075.4213,817.1429
1758146977.77,1758146977770,17.072999954223633,17073,869.5238,870.32965,813.1135,819.5604
1758146977.771,1758146977771,17.073999881744385,17074,713.1868,749.0476,641.4652,810.696
1758146977.771,1758146977771,17.073999881744385,17074,725.6777,739.3773,786.9231,805.8608
1758146977.771,1758146977771,17.073999881744385,17074,887.25275,855.82416,915.05493,809.0842
1758146977.772,1758146977772,17.075000047683716,17075,910.2198,894.90845,857.03296,811.50183
1758146977.772,1758146977772,17.075000047683716,17075,742.1978,776.04395,604.7985,805.05493
1758146977.772,1758146977772,17.075000047683716,17075,685.78754,709.15753,689.41394,800.6227
1758146977.811,1758146977811,17.11400008201599,17114,834.87177,811.0989,989.59705,806.26373
1758146977.811,1758146977811,17.11400008201599,17114,931.1722,904.57874,983.1502,813.1135
1758146977.812,1758146977812,17.115000009536743,17115,788.93774,814.7253,676.9231,808.2784
1758146977.812,1758146977812,17.115000009536743,17115,672.49084,711.1722,575.78754,804.65204
1758146977.813,1758146977813,17.115999937057495,17116,796.5934,785.31134,952.52747,812.3077
1758146977.813,1758146977813,17.115999937057495,17116,943.663,911.4286,1176.9597,822.381
1758146977.813,1758146977813,17.115999937057495,17116,836.08057,856.2271,649.92676,822.381
1758146977.814,1758146977814,17.116999864578247,17117,682.96704,730.9158,488.35165,811.9048
1758146977.814,1758146977814,17.116999864578247,17117,754.68866,756.30035,914.65204,807.47253
1758146977.814,1758146977814,17.116999864578247,17117,907.8022,875.56775,1007.326,809.0842
1758146977.816,1758146977816,17.11899995803833,17119,875.16486,878.3883,678.93774,813.1135
1758146977.816,1758146977816,17.11899995803833,17119,709.9634,752.674,494.3956,809.0842
1758146977.875,1758146977875,17.17799997329712,17178,703.91943,718.8278,813.91943,803.0403
1758146977.876,1758146977876,17.17899990081787,17179,861.4652,836.08057,1074.6154,806.6667
1758146977.876,1758146977876,17.17899990081787,17179,907.8022,895.31134,914.2491,811.0989
1758146977.877,1758146977877,17.180000066757202,17180,750.65936,776.8498,556.4469,804.2491
1758146977.877,1758146977877,17.180000066757202,17180,676.9231,699.4872,693.0403,799.41394
1758146977.877,1758146977877,17.180000066757202,17180,817.9487,800.2198,1087.9121,804.65204
1758146977.878,1758146977878,17.180999994277954,17181,925.12823,901.75824,948.49817,815.12823
1758146977.878,1758146977878,17.180999994277954,17181,791.75824,816.337,512.1245,813.5165
1758146977.878,1758146977878,17.180999994277954,17181,670.07324,705.9341,639.85345,801.4286
1758146977.879,1758146977879,17.181999921798706,17182,772.4176,763.1502,1010.54944,801.8315
1758146977.879,1758146977879,17.181999921798706,17182,917.8755,882.4176,1041.978,811.50183
1758146977.879,1758146977879,17.181999921798706,17182,844.94507,845.34796,613.663,809.4872
1758146977.921,1758146977921,17.223999977111816,17224,695.05493,724.0659,632.1978,803.44324
1758146977.922,1758146977922,17.22499990463257,17225,737.76556,733.3333,946.4835,802.6374
1758146977.922,1758146977922,17.22499990463257,17225,886.4469,846.9597,989.59705,804.2491
1758146977.922,1758146977922,17.22499990463257,17225,873.5531,870.7326,772.8205,806.6667
1758146977.923,1758146977923,17.2260000705719,17226,713.9927,759.5238,588.68134,802.23444
1758146977.923,1758146977923,17.2260000705719,17226,691.4286,712.381,819.9634,800.2198
1758146977.923,1758146977923,17.2260000705719,17226,842.1245,816.337,1019.81683,805.4579
1758146977.924,1758146977924,17.22699999809265,17227,902.5641,892.0879,855.0183,810.293
1758146977.924,1758146977924,17.22699999809265,17227,758.315,797.8022,648.71796,807.0696
1758146977.924,1758146977924,17.22699999809265,17227,669.67035,711.5751,581.8315,802.23444
1758146977.925,1758146977925,17.227999925613403,17228,795.38464,785.7143,904.17584,798.20514
1758146977.925,1758146977925,17.227999925613403,17228,916.6667,889.2674,991.2088,801.8315
1758146977.972,1758146977972,17.274999856948853,17275,805.05493,822.7839,601.1722,804.2491
1758146977.973,1758146977973,17.276000022888184,17276,675.31134,708.3516,630.58606,801.02563
1758146977.973,1758146977973,17.276000022888184,17276,759.5238,754.2857,948.49817,804.2491
1758146977.974,1758146977974,17.276999950408936,17277,908.20514,873.5531,1079.8535,811.0989
1758146977.974,1758146977974,17.276999950408936,17277,850.18317,857.8388,820.7692,813.5165
1758146977.974,1758146977974,17.276999950408936,17277,692.6374,740.18317,574.9817,806.26373
1758146977.975,1758146977975,17.277999877929688,17278,718.8278,730.9158,791.75824,801.8315
1758146977.975,1758146977975,17.277999877929688,17278,872.74725,839.304,910.6227,805.4579
1758146977.975,1758146977975,17.277999877929688,17278,889.67035,880.40295,794.57874,811.9048
1758146977.976,1758146977976,17.27900004386902,17279,736.9597,771.2088,635.82416,805.4579
1758146977.976,1758146977976,17.27900004386902,17279,692.23444,711.5751,746.2271,799.41394
1758146977.977,1758146977977,17.27999997138977,17280,834.87177,813.1135,936.8132,803.0403
1758146978.005,1758146978005,17.308000087738037,17308,915.4579,890.4762,966.2271,804.2491
1758146978.006,1758146978006,17.30900001525879,17309,778.86444,801.8315,704.3223,803.0403
1758146978.006,1758146978006,17.30900001525879,17309,672.49084,708.3516,593.5165,801.4286
1758146978.006,1758146978006,17.30900001525879,17309,784.5055,766.77655,875.9707,802.23444
1758146978.007,1758146978007,17.30999994277954,17310,915.4579,872.3443,1119.7435,807.8755
1758146978.007,1758146978007,17.30999994277954,17310,825.6044,830.0366,816.337,811.0989
1758146978.007,1758146978007,17.30999994277954,17310,686.1905,722.0513,514.5421,807.0696
1758146978.008,1758146978008,17.310999870300293,17311,752.674,742.6007,815.5311,799.011
1758146978.008,1758146978008,17.310999870300293,17311,907.8022,858.24176,1091.1355,804.2491
1758146978.008,1758146978008,17.310999870300293,17311,868.315,860.65936,685.78754,808.68134
1758146978.009,1758146978009,17.312000036239624,17312,710.3663,743.8095,518.5714,802.23444
1758146978.009,1758146978009,17.312000036239624,17312,719.6337,723.2601,823.5897,801.8315
1758146978.032,1758146978032,17.335000038146973,17335,875.56775,830.84247,982.3443,803.8461
1758146978.032,1758146978032,17.335000038146973,17335,915.4579,882.4176,898.5348,808.68134
1758146978.034,1758146978034,17.336999893188477,17337,765.56775,783.69965,572.1612,803.8461
1758146978.034,1758146978034,17.336999893188477,17337,693.44324,709.9634,631.39197,792.5641
1758146978.034,1758146978034,17.336999893188477,17337,830.0366,795.78754,1060.9158,798.60803
1758146978.035,1758146978035,17.338000059127808,17338,927.1429,888.0586,1055.2748,802.23444
1758146978.035,1758146978035,17.338000059127808,17338,790.54944,805.4579,651.13556,794.9817
1758146978.035,1758146978035,17.338000059127808,17338,672.8938,701.0989,548.7912,791.3553
1758146978.036,1758146978036,17.33899998664856,17339,776.04395,756.7033,878.7912,791.75824
1758146978.036,1758146978036,17.33899998664856,17339,912.6374,870.7326,1089.9268,799.81683
1758146978.036,1758146978036,17.33899998664856,17339,828.022,834.87177,762.74725,805.05493
1758146978.037,1758146978037,17.33999991416931,17340,685.38464,723.663,544.7619,802.6374
1758146978.082,1758146978082,17.384999990463257,17385,739.7802,742.1978,800.2198,801.8315
1758146978.083,1758146978083,17.38599991798401,17386,890.07324,860.2564,1037.1428,808.68134
1758146978.083,1758146978083,17.38599991798401,17386,867.9121,870.32965,770.80585,813.91943
1758146978.083,1758146978083,17.38599991798401,17386,707.1429,750.65936,543.95605,801.02563
1758146978.084,1758146978084,17.38700008392334,17387,697.0696,717.2161,829.6337,792.1612
1758146978.084,1758146978084,17.38700008392334,17387,855.42126,832.8571,1116.5201,803.44324
1758146978.084,1758146978084,17.38700008392334,17387,906.5934,892.8938,885.64105,813.5165
1758146978.085,1758146978085,17.388000011444092,17388,748.6447,781.28204,590.293,804.65204
1758146978.085,1758146978085,17.388000011444092,17388,666.8498,704.3223,624.1392,793.36993
1758146978.085,1758146978085,17.388000011444092,17388,807.47253,799.81683,865.89746,794.9817
1758146978.086,1758146978086,17.388999938964844,17389,923.1135,896.9231,971.8681,803.44324
1758146978.086,1758146978086,17.388999938964844,17389,798.20514,820.3663,632.6007,805.4579
